,index_human,Question,Variable,Effect_Size_human,P_Value_human,Significant_human,Lower_CI_human,Upper_CI_human,Marginal_R2_human,Conditional_R2_human,Group_Variance_Prop_human,Demographic_Trust_human,index_llm,Effect_Size_llm,P_Value_llm,Significant_llm,Lower_CI_llm,Upper_CI_llm,Marginal_R2_llm,Conditional_R2_llm,Group_Variance_Prop_llm,Demographic_Trust_llm
0,0,Q1,Intercept,-0.8930171752213477,0.28361413664058,False,-2.5253834040695935,0.739349053626898,0.05489002286744283,0.1136600156015866,0.05876999273414376,Low/Moderate,0,-0.9322154912962931,0.0573184122090457,False,-1.8934091368630286,0.02897815427044248,0.05313776267679525,0.053137762874141875,1.973466265615342e-10,Low/Moderate
1,1,Q1,C(RACE)[T.Asian_non_Hispanic],0.331625335093228,0.6992547571924894,False,-1.3508205784662426,2.014071248652699,0.05489002286744283,0.1136600156015866,0.05876999273414376,Low/Moderate,1,0.34228085545169484,0.505701458231223,False,-0.6657010847752073,1.350262795678597,0.05313776267679525,0.053137762874141875,1.973466265615342e-10,Low/Moderate
2,2,Q1,C(RACE)[T.Black_non_Hispanic],0.891402724254989,0.2266011929558458,False,-0.5534983020754914,2.3363037505854694,0.05489002286744283,0.1136600156015866,0.05876999273414376,Low/Moderate,2,0.13103056499221943,0.7668763521255302,False,-0.7352326739550265,0.9972938039394653,0.05313776267679525,0.053137762874141875,1.973466265615342e-10,Low/Moderate
3,3,Q1,C(RACE)[T.Hispanic],-0.10695733078621934,0.88983476845491,False,-1.6204043010519615,1.406489639479523,0.05489002286744283,0.1136600156015866,0.05876999273414376,Low/Moderate,3,0.2321628270701544,0.6208663216252003,False,-0.6877920780483142,1.152117732188623,0.05313776267679525,0.053137762874141875,1.973466265615342e-10,Low/Moderate
4,4,Q1,C(RACE)[T.Other_non_Hispanic],5.05386450618183,0.0008993125093059745,True,2.0705528941060685,8.037176118257591,0.05489002286744283,0.1136600156015866,0.05876999273414376,Low/Moderate,4,2.098926388131345,0.02089466439374918,True,0.31796122535322113,3.879891550909469,0.05313776267679525,0.053137762874141875,1.973466265615342e-10,Low/Moderate
5,5,Q1,C(RACE)[T.White_non_Hispanic],-0.24372146291500596,0.8944724092111919,False,-3.844893009063635,3.3574500832336227,0.05489002286744283,0.1136600156015866,0.05876999273414376,Low/Moderate,5,0.18896157823893225,0.864060664594933,False,-1.9742499449418571,2.3521731014197216,0.05313776267679525,0.053137762874141875,1.973466265615342e-10,Low/Moderate
6,6,Q1,C(AGEBRACKET)[T.30_44],-0.723587574105456,0.08690654614693306,False,-1.5520046218247416,0.10482947361382966,0.05489002286744283,0.1136600156015866,0.05876999273414376,Low/Moderate,6,-0.20906775023945198,0.4060610788747252,False,-0.7022586067979383,0.28412310631903437,0.05313776267679525,0.053137762874141875,1.973466265615342e-10,Low/Moderate
7,7,Q1,C(AGEBRACKET)[T.45_59],-0.401348803318888,0.3454801116287999,False,-1.2351789340041686,0.43248132736639255,0.05489002286744283,0.1136600156015866,0.05876999273414376,Low/Moderate,7,-0.2639963626846935,0.30473373997110753,False,-0.7681430597418651,0.24015033437247812,0.05313776267679525,0.053137762874141875,1.973466265615342e-10,Low/Moderate
8,8,Q1,C(AGEBRACKET)[T.60plus],-0.7468133037297507,0.07979832438581339,False,-1.582342008934577,0.0887154014750755,0.05489002286744283,0.1136600156015866,0.05876999273414376,Low/Moderate,8,-0.5174272727818355,0.04150058262899919,True,-1.014921482175504,-0.019933063388167194,0.05313776267679525,0.053137762874141875,1.973466265615342e-10,Low/Moderate
9,9,Q1,C(EDUCATION)[T.HS_graduate_or_equivalent],0.5040390240376487,0.3366933062020614,False,-0.5242512338503076,1.532329281925605,0.05489002286744283,0.1136600156015866,0.05876999273414376,Low/Moderate,9,0.3169754344281801,0.3242487427166625,False,-0.313256738908832,0.9472076077651922,0.05313776267679525,0.053137762874141875,1.973466265615342e-10,Low/Moderate
10,10,Q1,C(EDUCATION)[T.No_HS_diploma],0.18629568504662813,0.8845574802007632,False,-2.3284922770259637,2.70108364711922,0.05489002286744283,0.1136600156015866,0.05876999273414376,Low/Moderate,10,0.0539799997725435,0.9433641654750228,False,-1.43525946309676,1.5432194626418467,0.05313776267679525,0.053137762874141875,1.973466265615342e-10,Low/Moderate
11,11,Q1,C(EDUCATION)[T.Some_college],-0.08003321409335709,0.7965020121367953,False,-0.6883168377286427,0.5282504095419286,0.05489002286744283,0.1136600156015866,0.05876999273414376,Low/Moderate,11,-0.030090271927570713,0.8695757647700233,False,-0.38926683009902524,0.32908628624388386,0.05313776267679525,0.053137762874141875,1.973466265615342e-10,Low/Moderate
12,12,Q1,C(PARTYBEFORE)[T.Independent],0.37110507109095353,0.2362186174002524,False,-0.24295814878351601,0.9851682909654231,0.05489002286744283,0.1136600156015866,0.05876999273414376,Low/Moderate,12,0.3093377859379612,0.09794498883642659,False,-0.0570234980627245,0.6756990699386469,0.05313776267679525,0.053137762874141875,1.973466265615342e-10,Low/Moderate
13,13,Q1,C(PARTYBEFORE)[T.Republican],0.23812680353798624,0.5026748656531159,False,-0.45817190563843624,0.9344255127144087,0.05489002286744283,0.1136600156015866,0.05876999273414376,Low/Moderate,13,0.21570960977163708,0.31147152797567024,False,-0.20200278506771022,0.6334220046109844,0.05313776267679525,0.053137762874141875,1.973466265615342e-10,Low/Moderate
14,14,Q1,C(GENDER)[T.Male],0.14035774749246227,0.5933911611582239,False,-0.37487275195712816,0.6555882469420526,0.05489002286744283,0.1136600156015866,0.05876999273414376,Low/Moderate,14,0.15511075465895457,0.32848190882980266,False,-0.15600148934700547,0.4662229986649146,0.05313776267679525,0.053137762874141875,1.973466265615342e-10,Low/Moderate
15,15,Q1,RACE_majority[T.True],0.9927240885791181,0.5678427744436456,False,-2.413432071484202,4.398880248642438,0.05489002286744283,0.1136600156015866,0.05876999273414376,Low/Moderate,15,0.3106031541657919,0.7647417686119535,False,-1.7236521847503707,2.3448584930819543,0.05313776267679525,0.053137762874141875,1.973466265615342e-10,Low/Moderate
16,16,Q1,AGEBRACKET_majority[T.True],0.10411006756017434,0.7172192770898232,False,-0.45929294898243617,0.6675130841027849,0.05489002286744283,0.1136600156015866,0.05876999273414376,Low/Moderate,16,0.2387105097895656,0.16078572578114436,False,-0.09489809212838768,0.5723191117075188,0.05313776267679525,0.053137762874141875,1.973466265615342e-10,Low/Moderate
17,17,Q1,EDUCATION_majority[T.True],0.14279284843133436,0.6649933466528987,False,-0.5035114964712692,0.7890971933339379,0.05489002286744283,0.1136600156015866,0.05876999273414376,Low/Moderate,17,-0.00704356430105648,0.9722119116195518,False,-0.4033527523583361,0.3892656237562232,0.05313776267679525,0.053137762874141875,1.973466265615342e-10,Low/Moderate
18,18,Q1,PARTYBEFORE_majority[T.True],0.4210004410385822,0.14030205447132965,False,-0.13854664538065403,0.9805475274578184,0.05489002286744283,0.1136600156015866,0.05876999273414376,Low/Moderate,18,0.06331560589377615,0.7064384416701031,False,-0.26616374657007985,0.3927949583576322,0.05313776267679525,0.053137762874141875,1.973466265615342e-10,Low/Moderate
19,19,Q1,GENDER_majority[T.True],-0.05541400819738529,0.8365376584428712,False,-0.581815895405489,0.47098787901071837,0.05489002286744283,0.1136600156015866,0.05876999273414376,Low/Moderate,19,0.11689421600538791,0.4652924278561198,False,-0.19688423398050803,0.43067266599128384,0.05313776267679525,0.053137762874141875,1.973466265615342e-10,Low/Moderate
20,20,Q1,RACE_diversity,-0.046524147242891514,0.8079565980363643,False,-0.42167649541168156,0.32862820092589856,0.05489002286744283,0.1136600156015866,0.05876999273414376,Low/Moderate,20,-0.11036334163349178,0.22025154393711166,False,-0.286817634417146,0.0660909511501624,0.05313776267679525,0.053137762874141875,1.973466265615342e-10,Low/Moderate
21,21,Q1,AGEBRACKET_diversity,0.16862625870444084,0.3428324216170525,False,-0.17978940496766407,0.5170419223765458,0.05489002286744283,0.1136600156015866,0.05876999273414376,Low/Moderate,21,0.09935126091976884,0.2299797209343929,False,-0.0628639115253237,0.2615664333648614,0.05313776267679525,0.053137762874141875,1.973466265615342e-10,Low/Moderate
22,22,Q1,EDUCATION_diversity,0.08230836957078771,0.665726145774358,False,-0.29110273219166394,0.4557194713332393,0.05489002286744283,0.1136600156015866,0.05876999273414376,Low/Moderate,22,0.06315446917431222,0.4762314290119555,False,-0.11060255283496837,0.2369114911835928,0.05313776267679525,0.053137762874141875,1.973466265615342e-10,Low/Moderate
23,23,Q1,PARTYBEFORE_diversity,0.1132831560282116,0.5272247555551665,False,-0.23789369594016047,0.46446000799658366,0.05489002286744283,0.1136600156015866,0.05876999273414376,Low/Moderate,23,0.02811138599761614,0.7325456111729214,False,-0.13311381269681824,0.18933658469205053,0.05313776267679525,0.053137762874141875,1.973466265615342e-10,Low/Moderate
24,24,Q1,GENDER_diversity,-0.017819275788828057,0.9217648422524662,False,-0.3734330156684773,0.33779446409082114,0.05489002286744283,0.1136600156015866,0.05876999273414376,Low/Moderate,24,-0.17111781656251782,0.03957095455466791,True,-0.334068348401249,-0.008167284723786666,0.05313776267679525,0.053137762874141875,1.973466265615342e-10,Low/Moderate
25,25,Q2B,Intercept,-0.19557220091201982,0.8013201227415406,False,-1.7188436086801808,1.3276992068561413,0.061503678028422826,0.09380739350108591,0.032303715472663086,Low/Moderate,25,0.18679939711280194,0.6602181373355651,False,-0.6460260909232545,1.0196248851488583,0.036241996291810956,0.03624199828018046,1.9883695073237038e-09,Low/Moderate
26,26,Q2B,C(RACE)[T.Asian_non_Hispanic],0.29374385139199083,0.7211794315735375,False,-1.319466764816913,1.9069544676008945,0.061503678028422826,0.09380739350108591,0.032303715472663086,Low/Moderate,26,-0.38020835607049075,0.39852651066559275,False,-1.2628729867986328,0.5024562746576512,0.036241996291810956,0.03624199828018046,1.9883695073237038e-09,Low/Moderate
27,27,Q2B,C(RACE)[T.Black_non_Hispanic],-0.11308544893970458,0.8710897326554812,False,-1.4789406706031787,1.2527697727237694,0.061503678028422826,0.09380739350108591,0.032303715472663086,Low/Moderate,27,0.2153645141413741,0.5735996841434594,False,-0.5347033515593728,0.965432379842121,0.036241996291810956,0.03624199828018046,1.9883695073237038e-09,Low/Moderate
28,28,Q2B,C(RACE)[T.Hispanic],0.01743644594944478,0.9808068189231101,False,-1.403115990665186,1.4379888825640754,0.061503678028422826,0.09380739350108591,0.032303715472663086,Low/Moderate,28,-0.06738939637904137,0.8657541295195885,False,-0.8486826687732821,0.7139038760151993,0.036241996291810956,0.03624199828018046,1.9883695073237038e-09,Low/Moderate
29,29,Q2B,C(RACE)[T.Other_non_Hispanic],-1.5899326612330145,0.28235940300086915,False,-4.488641059759035,1.3087757372930067,0.061503678028422826,0.09380739350108591,0.032303715472663086,Low/Moderate,29,0.3451285016891477,0.6699502318971731,False,-1.2419516103481334,1.9322086137264287,0.036241996291810956,0.03624199828018046,1.9883695073237038e-09,Low/Moderate
30,30,Q2B,C(RACE)[T.White_non_Hispanic],1.605948992943946,0.36507034334244404,False,-1.8692001257579538,5.081098111645846,0.061503678028422826,0.09380739350108591,0.032303715472663086,Low/Moderate,30,-0.4417817923125992,0.6444953043618743,False,-2.3183176328553774,1.4347540482301793,0.036241996291810956,0.03624199828018046,1.9883695073237038e-09,Low/Moderate
31,31,Q2B,C(AGEBRACKET)[T.30_44],-0.0903742832154025,0.8255762016583905,False,-0.8941284949715265,0.7133799285407214,0.061503678028422826,0.09380739350108591,0.032303715472663086,Low/Moderate,31,0.0730944325842464,0.7442069034627449,False,-0.36597384131250177,0.5121627064809946,0.036241996291810956,0.03624199828018046,1.9883695073237038e-09,Low/Moderate
32,32,Q2B,C(AGEBRACKET)[T.45_59],0.22275566476866462,0.5840372109973522,False,-0.5746787339842657,1.020190063521595,0.061503678028422826,0.09380739350108591,0.032303715472663086,Low/Moderate,32,0.31648672813709766,0.1552775094188609,False,-0.11999719339370207,0.7529706496678974,0.036241996291810956,0.03624199828018046,1.9883695073237038e-09,Low/Moderate
33,33,Q2B,C(AGEBRACKET)[T.60plus],-0.022664292736381396,0.9552419520512627,False,-0.8141284020583944,0.7687998165856317,0.061503678028422826,0.09380739350108591,0.032303715472663086,Low/Moderate,33,0.15798170901671002,0.47408102710680955,False,-0.27456197355161116,0.5905253915850311,0.036241996291810956,0.03624199828018046,1.9883695073237038e-09,Low/Moderate
34,34,Q2B,C(EDUCATION)[T.HS_graduate_or_equivalent],-0.6314157214045213,0.2126612545027735,False,-1.624411749886157,0.3615803070771145,0.061503678028422826,0.09380739350108591,0.032303715472663086,Low/Moderate,34,-0.34381585830334693,0.2156750459557477,False,-0.8880860452816981,0.20045432867500423,0.036241996291810956,0.03624199828018046,1.9883695073237038e-09,Low/Moderate
35,35,Q2B,C(EDUCATION)[T.No_HS_diploma],-0.47558263481731605,0.6582833602658829,False,-2.583105910204213,1.6319406405695809,0.061503678028422826,0.09380739350108591,0.032303715472663086,Low/Moderate,35,0.4947101831326492,0.40016615525746735,False,-0.6577751106553094,1.6471954769206079,0.036241996291810956,0.03624199828018046,1.9883695073237038e-09,Low/Moderate
36,36,Q2B,C(EDUCATION)[T.Some_college],0.22622434749999204,0.44613162203566936,False,-0.3557459995114021,0.8081946945113863,0.061503678028422826,0.09380739350108591,0.032303715472663086,Low/Moderate,36,-0.08073877515088859,0.6178710795340372,False,-0.3979459451261772,0.23646839482440005,0.036241996291810956,0.03624199828018046,1.9883695073237038e-09,Low/Moderate
37,37,Q2B,C(PARTYBEFORE)[T.Independent],0.038380775296025994,0.8986370266305236,False,-0.552159211930455,0.6289207625225071,0.061503678028422826,0.09380739350108591,0.032303715472663086,Low/Moderate,37,-0.029427443712256487,0.8581020593478702,False,-0.3520210378813775,0.29316615045686456,0.036241996291810956,0.03624199828018046,1.9883695073237038e-09,Low/Moderate
38,38,Q2B,C(PARTYBEFORE)[T.Republican],0.4422213813823918,0.19411160909574743,False,-0.2252643863755323,1.1097071491403159,0.061503678028422826,0.09380739350108591,0.032303715472663086,Low/Moderate,38,0.12581964087292477,0.503104495558303,False,-0.2424556880383645,0.4940949697842141,0.036241996291810956,0.03624199828018046,1.9883695073237038e-09,Low/Moderate
39,39,Q2B,C(GENDER)[T.Male],0.5515908176319418,0.031123118467179297,True,0.05003635784026117,1.0531452774236225,0.061503678028422826,0.09380739350108591,0.032303715472663086,Low/Moderate,39,0.04312185658225419,0.7579738206848892,False,-0.23115792013462405,0.31740163329913246,0.036241996291810956,0.03624199828018046,1.9883695073237038e-09,Low/Moderate
40,40,Q2B,RACE_majority[T.True],-1.080508410262836,0.5201235875337265,False,-4.373272774151692,2.2122559536260207,0.061503678028422826,0.09380739350108591,0.032303715472663086,Low/Moderate,40,0.4254386021605605,0.6382740606036348,False,-1.348270647134985,2.199147851456106,0.036241996291810956,0.03624199828018046,1.9883695073237038e-09,Low/Moderate
41,41,Q2B,AGEBRACKET_majority[T.True],-0.6255400577875891,0.021761112311031495,True,-1.1598741722017825,-0.09120594337339594,0.061503678028422826,0.09380739350108591,0.032303715472663086,Low/Moderate,41,-0.27196629534852357,0.06591696354682156,False,-0.5618236345078198,0.017891043810772722,0.036241996291810956,0.03624199828018046,1.9883695073237038e-09,Low/Moderate
42,42,Q2B,EDUCATION_majority[T.True],-0.32916704829179283,0.29661153942053997,False,-0.9472935565048213,0.2889594599212357,0.061503678028422826,0.09380739350108591,0.032303715472663086,Low/Moderate,42,-0.1857786361168382,0.2781980430734404,False,-0.5215656484092865,0.15000837617561014,0.036241996291810956,0.03624199828018046,1.9883695073237038e-09,Low/Moderate
43,43,Q2B,PARTYBEFORE_majority[T.True],-0.19381583950768888,0.48116572601284535,False,-0.7330783198414256,0.3454466408260478,0.061503678028422826,0.09380739350108591,0.032303715472663086,Low/Moderate,43,0.03767370895327394,0.8020450405506079,False,-0.256856502940232,0.33220392084677985,0.036241996291810956,0.03624199828018046,1.9883695073237038e-09,Low/Moderate
44,44,Q2B,GENDER_majority[T.True],-0.04112015531226069,0.8734678105778152,False,-0.5471885306703992,0.4649482200458778,0.061503678028422826,0.09380739350108591,0.032303715472663086,Low/Moderate,44,-0.028595955592622943,0.8397371355021048,False,-0.305741379642436,0.24854946845719006,0.036241996291810956,0.03624199828018046,1.9883695073237038e-09,Low/Moderate
45,45,Q2B,RACE_diversity,0.23154021822420764,0.16599272412240607,False,-0.09607456140438383,0.5591549978527991,0.061503678028422826,0.09380739350108591,0.032303715472663086,Low/Moderate,45,0.005275505174858374,0.9463529301238257,False,-0.14839077573762846,0.1589417860873452,0.036241996291810956,0.03624199828018046,1.9883695073237038e-09,Low/Moderate
46,46,Q2B,AGEBRACKET_diversity,-0.09273709671853254,0.5468633515566251,False,-0.3944322641829687,0.2089580707459036,0.061503678028422826,0.09380739350108591,0.032303715472663086,Low/Moderate,46,0.10636597083185703,0.14006378986460982,False,-0.03491895633654263,0.2476508980002567,0.036241996291810956,0.03624199828018046,1.9883695073237038e-09,Low/Moderate
47,47,Q2B,EDUCATION_diversity,-0.10678892651211751,0.5256569763614929,False,-0.4365810707937489,0.22300321776951387,0.061503678028422826,0.09380739350108591,0.032303715472663086,Low/Moderate,47,-0.02008158987888999,0.7999319932142277,False,-0.17538442743033797,0.13522124767255797,0.036241996291810956,0.03624199828018046,1.9883695073237038e-09,Low/Moderate
48,48,Q2B,PARTYBEFORE_diversity,0.010138378728111654,0.9495965793174705,False,-0.30420729932026624,0.3244840567764895,0.061503678028422826,0.09380739350108591,0.032303715472663086,Low/Moderate,48,0.02830745636910739,0.7072844426783574,False,-0.11944423382059688,0.17605914655881166,0.036241996291810956,0.03624199828018046,1.9883695073237038e-09,Low/Moderate
49,49,Q2B,GENDER_diversity,0.03849178384408778,0.8071430875428511,False,-0.27055535190093233,0.34753891958910793,0.061503678028422826,0.09380739350108591,0.032303715472663086,Low/Moderate,49,-0.11583910270807743,0.11419439209466391,False,-0.2595703594526456,0.027892154036490757,0.036241996291810956,0.03624199828018046,1.9883695073237038e-09,Low/Moderate
50,50,Q2C,Intercept,-0.008596347657945893,0.992477189723028,False,-1.7955594280109333,1.7783667326950416,0.03928615255474246,0.039286152736607044,1.8186458813739112e-10,Low/Moderate,50,0.6457380374961383,0.10034805730481344,False,-0.12449534387748606,1.4159714188697627,0.05057025884993851,0.08994056457223161,0.03937030572229309,Low/Moderate
51,51,Q2C,C(RACE)[T.Asian_non_Hispanic],0.3287858900908881,0.736619729815483,False,-1.5871973986278216,2.2447691788095976,0.03928615255474246,0.039286152736607044,1.8186458813739112e-10,Low/Moderate,51,-0.26745660202208726,0.5122248179504929,False,-1.067309223496339,0.5323960194521644,0.05057025884993851,0.08994056457223161,0.03937030572229309,Low/Moderate
52,52,Q2C,C(RACE)[T.Black_non_Hispanic],-0.2995950448075323,0.717922781870062,False,-1.9251111976119257,1.3259211079968614,0.03928615255474246,0.039286152736607044,1.8186458813739112e-10,Low/Moderate,52,-0.10732461806232511,0.7598331246970103,False,-0.7954254767303762,0.5807762406057261,0.05057025884993851,0.08994056457223161,0.03937030572229309,Low/Moderate
53,53,Q2C,C(RACE)[T.Hispanic],-0.2366464225566516,0.7840492595142196,False,-1.9291303088714247,1.4558374637581215,0.03928615255474246,0.039286152736607044,1.8186458813739112e-10,Low/Moderate,53,-0.27344083277722897,0.453504681067747,False,-0.9884153536857079,0.44153368813124994,0.05057025884993851,0.08994056457223161,0.03937030572229309,Low/Moderate
54,54,Q2C,C(RACE)[T.Other_non_Hispanic],-0.536637896426857,0.7484572516392183,False,-3.816573532965534,2.74329774011182,0.03928615255474246,0.039286152736607044,1.8186458813739112e-10,Low/Moderate,54,-0.30978955054563295,0.6670205248421315,False,-1.7210374787418732,1.1014583776506073,0.05057025884993851,0.08994056457223161,0.03937030572229309,Low/Moderate
55,55,Q2C,C(RACE)[T.White_non_Hispanic],-0.10959614656853234,0.9619995133688614,False,-4.618074566636537,4.398882273499472,0.03928615255474246,0.039286152736607044,1.8186458813739112e-10,Low/Moderate,55,0.18641588130916625,0.8520465722092241,False,-1.7725822805367222,2.145414043155055,0.05057025884993851,0.08994056457223161,0.03937030572229309,Low/Moderate
56,56,Q2C,C(AGEBRACKET)[T.30_44],-0.43411716593331845,0.345460951760461,False,-1.3359900315463296,0.4677556996796927,0.03928615255474246,0.039286152736607044,1.8186458813739112e-10,Low/Moderate,56,0.03028271791717876,0.8797891370673184,False,-0.3621690101057666,0.42273444594012405,0.05057025884993851,0.08994056457223161,0.03937030572229309,Low/Moderate
57,57,Q2C,C(AGEBRACKET)[T.45_59],-0.20542145841320683,0.6583375707836733,False,-1.1158917400878932,0.7050488232614796,0.03928615255474246,0.039286152736607044,1.8186458813739112e-10,Low/Moderate,57,-0.1959601364503782,0.32445123421314126,False,-0.5857445365167198,0.19382426361596344,0.05057025884993851,0.08994056457223161,0.03937030572229309,Low/Moderate
58,58,Q2C,C(AGEBRACKET)[T.60plus],-0.5844718033579092,0.21304869284912242,False,-1.50442022779163,0.33547662107581167,0.03928615255474246,0.039286152736607044,1.8186458813739112e-10,Low/Moderate,58,-0.34288641259960295,0.08694275099948126,False,-0.7354934064341869,0.04972058123498102,0.05057025884993851,0.08994056457223161,0.03937030572229309,Low/Moderate
59,59,Q2C,C(EDUCATION)[T.HS_graduate_or_equivalent],0.18471711398178886,0.7407001348123904,False,-0.9092994708423858,1.2787336988059637,0.03928615255474246,0.039286152736607044,1.8186458813739112e-10,Low/Moderate,59,-0.04247279125303523,0.8625137290684896,False,-0.5231718103979726,0.43822622789190213,0.05057025884993851,0.08994056457223161,0.03937030572229309,Low/Moderate
60,60,Q2C,C(EDUCATION)[T.No_HS_diploma],2.0165658359040193,0.09341217383877501,False,-0.3393230256305162,4.372454697438554,0.03928615255474246,0.039286152736607044,1.8186458813739112e-10,Low/Moderate,60,0.6881346125071209,0.18553748700028982,False,-0.33061516144437453,1.7068843864586163,0.05057025884993851,0.08994056457223161,0.03937030572229309,Low/Moderate
61,61,Q2C,C(EDUCATION)[T.Some_college],0.02889193157247262,0.9301409446130717,False,-0.6170388846047953,0.6748227477497405,0.03928615255474246,0.039286152736607044,1.8186458813739112e-10,Low/Moderate,61,0.14546450848811715,0.31886222758585125,False,-0.14055632660015888,0.4314853435763932,0.05057025884993851,0.08994056457223161,0.03937030572229309,Low/Moderate
62,62,Q2C,C(PARTYBEFORE)[T.Independent],-0.006741095880104927,0.9841605055958038,False,-0.6722422504856767,0.6587600587254667,0.03928615255474246,0.039286152736607044,1.8186458813739112e-10,Low/Moderate,62,-0.19104539466266263,0.19117144649853346,False,-0.4775085043525969,0.09541771502727164,0.05057025884993851,0.08994056457223161,0.03937030572229309,Low/Moderate
63,63,Q2C,C(PARTYBEFORE)[T.Republican],0.029247823886186727,0.9395441317823998,False,-0.7265872742738304,0.7850829220462039,0.03928615255474246,0.039286152736607044,1.8186458813739112e-10,Low/Moderate,63,5.4281272360084414e-05,0.9997382254511621,False,-0.32421868477799376,0.3243272473227139,0.05057025884993851,0.08994056457223161,0.03937030572229309,Low/Moderate
64,64,Q2C,C(GENDER)[T.Male],0.3254909551331299,0.2591668752667198,False,-0.2398863702529757,0.8908682805192356,0.03928615255474246,0.039286152736607044,1.8186458813739112e-10,Low/Moderate,64,0.3424341410866228,0.006029507875058994,True,0.09803630383527506,0.5868319783379705,0.05057025884993851,0.08994056457223161,0.03937030572229309,Low/Moderate
65,65,Q2C,RACE_majority[T.True],0.8451884667499782,0.7014455396350701,False,-3.4758056472590293,5.166182580758986,0.03928615255474246,0.039286152736607044,1.8186458813739112e-10,Low/Moderate,65,-0.3213101685711742,0.7368975589339688,False,-2.195782514211007,1.5531621770686588,0.05057025884993851,0.08994056457223161,0.03937030572229309,Low/Moderate
66,66,Q2C,AGEBRACKET_majority[T.True],-0.05423779071525515,0.8743462020032284,False,-0.7264515113329979,0.6179759299024876,0.03928615255474246,0.039286152736607044,1.8186458813739112e-10,Low/Moderate,66,-0.056481685753618144,0.6725649191909372,False,-0.3184175552071882,0.20545418369995186,0.05057025884993851,0.08994056457223161,0.03937030572229309,Low/Moderate
67,67,Q2C,EDUCATION_majority[T.True],-0.19616006811712042,0.5762173922270453,False,-0.8840362402313121,0.49171610399707133,0.03928615255474246,0.039286152736607044,1.8186458813739112e-10,Low/Moderate,67,0.11171132712164596,0.46361047921887955,False,-0.18702765140152777,0.41045030564481966,0.05057025884993851,0.08994056457223161,0.03937030572229309,Low/Moderate
68,68,Q2C,PARTYBEFORE_majority[T.True],-0.20911426519136406,0.49965620892110774,False,-0.8162812862611419,0.39805275587841377,0.03928615255474246,0.039286152736607044,1.8186458813739112e-10,Low/Moderate,68,-0.15715346243197303,0.24659955345268036,False,-0.42299350551574205,0.10868658065179598,0.05057025884993851,0.08994056457223161,0.03937030572229309,Low/Moderate
69,69,Q2C,GENDER_majority[T.True],0.10839617518205844,0.7087759519872365,False,-0.4604185470301896,0.6772108973943065,0.03928615255474246,0.039286152736607044,1.8186458813739112e-10,Low/Moderate,69,0.12076388961210352,0.3340666140496561,False,-0.12427116135744026,0.3657989405816473,0.05057025884993851,0.08994056457223161,0.03937030572229309,Low/Moderate
70,70,Q2C,RACE_diversity,-0.1175870629356133,0.4702654170820467,False,-0.4367717184219725,0.2015975925507459,0.03928615255474246,0.039286152736607044,1.8186458813739112e-10,Low/Moderate,70,0.04181866507048987,0.6177122459362663,False,-0.12240463422597203,0.20604196436695177,0.05057025884993851,0.08994056457223161,0.03937030572229309,Low/Moderate
71,71,Q2C,AGEBRACKET_diversity,0.21356349068702982,0.1503229984195192,False,-0.07743985953955293,0.5045668409136126,0.03928615255474246,0.039286152736607044,1.8186458813739112e-10,Low/Moderate,71,0.01837588238807208,0.8098399296265556,False,-0.1312965933788724,0.16804835815501656,0.05057025884993851,0.08994056457223161,0.03937030572229309,Low/Moderate
72,72,Q2C,EDUCATION_diversity,-0.17169182188016288,0.28963196066598695,False,-0.48947486402893936,0.14609122026861363,0.03928615255474246,0.039286152736607044,1.8186458813739112e-10,Low/Moderate,72,-0.14188272680610794,0.08874487632482217,False,-0.30526456569417515,0.021499112081959287,0.05057025884993851,0.08994056457223161,0.03937030572229309,Low/Moderate
73,73,Q2C,PARTYBEFORE_diversity,0.19505076973744545,0.19761256117896897,False,-0.10167185705049342,0.4917733965253843,0.03928615255474246,0.039286152736607044,1.8186458813739112e-10,Low/Moderate,73,0.0915329589765195,0.24289052569560854,False,-0.06209135581663128,0.24515727376967028,0.05057025884993851,0.08994056457223161,0.03937030572229309,Low/Moderate
74,74,Q2C,GENDER_diversity,-0.1133018826834307,0.4535128439024494,False,-0.4095613065045025,0.1829575411376411,0.03928615255474246,0.039286152736607044,1.8186458813739112e-10,Low/Moderate,74,-0.056105338006708465,0.4757400724940759,False,-0.21029622994059757,0.09808555392718063,0.05057025884993851,0.08994056457223161,0.03937030572229309,Low/Moderate
75,75,Q2D,Intercept,-0.8328208562366053,0.3183147002312525,False,-2.4685103284008454,0.802868615927635,0.04266291839744656,0.06617636041986326,0.023513442022416686,Low/Moderate,75,0.006918149083407134,0.9887748714446672,False,-0.9568496651499249,0.9706859633167392,0.06371818337203833,0.10503518066316889,0.041316997291130565,Low/Moderate
76,76,Q2D,C(RACE)[T.Asian_non_Hispanic],0.600923960089512,0.4906570005690828,False,-1.1078391816690516,2.3096871018480756,0.04266291839744656,0.06617636041986326,0.023513442022416686,Low/Moderate,76,0.20442410890267534,0.6882572122410673,False,-0.7941866517100168,1.2030348695153674,0.06371818337203833,0.10503518066316889,0.041316997291130565,Low/Moderate
77,77,Q2D,C(RACE)[T.Black_non_Hispanic],-0.8407122450372033,0.25895593795106076,False,-2.3003816493721825,0.6189571592977761,0.04266291839744656,0.06617636041986326,0.023513442022416686,Low/Moderate,77,0.2132494753906888,0.6241064297653549,False,-0.6396651820347092,1.066164132816087,0.06371818337203833,0.10503518066316889,0.041316997291130565,Low/Moderate
78,78,Q2D,C(RACE)[T.Hispanic],0.12699888621036712,0.8697101086652061,False,-1.3905175408828778,1.644515313303612,0.04266291839744656,0.06617636041986326,0.023513442022416686,Low/Moderate,78,0.046675495189840766,0.9176882392593905,False,-0.8385270823683655,0.9318780727480469,0.06371818337203833,0.10503518066316889,0.041316997291130565,Low/Moderate
79,79,Q2D,C(RACE)[T.Other_non_Hispanic],-1.3010091773993073,0.4081530159859523,False,-4.383807219199211,1.7817888644005966,0.04266291839744656,0.06617636041986326,0.023513442022416686,Low/Moderate,79,2.5821672869773438,0.004594350422763795,True,0.7964812639826286,4.367853309972059,0.06371818337203833,0.10503518066316889,0.041316997291130565,Low/Moderate
80,80,Q2D,C(RACE)[T.White_non_Hispanic],1.0756023082700705,0.5634990429979947,False,-2.5738986386618885,4.72510325520203,0.04266291839744656,0.06617636041986326,0.023513442022416686,Low/Moderate,80,0.3539657756483576,0.7456850982383091,False,-1.785063548956515,2.4929951002532302,0.06371818337203833,0.10503518066316889,0.041316997291130565,Low/Moderate
81,81,Q2D,C(AGEBRACKET)[T.30_44],-0.02456840706294612,0.9541078136977004,False,-0.861301091177244,0.8121642770513516,0.04266291839744656,0.06617636041986326,0.023513442022416686,Low/Moderate,81,-0.1564372391243953,0.5340668030090456,False,-0.6495321543853185,0.336657676136528,0.06371818337203833,0.10503518066316889,0.041316997291130565,Low/Moderate
82,82,Q2D,C(AGEBRACKET)[T.45_59],0.30204899615915304,0.4824205325224623,False,-0.5407652119536078,1.144863204271914,0.04266291839744656,0.06617636041986326,0.023513442022416686,Low/Moderate,82,0.2377893144474306,0.34369555715885725,False,-0.25441061432298007,0.7299892432178412,0.06371818337203833,0.10503518066316889,0.041316997291130565,Low/Moderate
83,83,Q2D,C(AGEBRACKET)[T.60plus],0.04162143477173226,0.9219298000492027,False,-0.7907652946218067,0.8740081641652713,0.04266291839744656,0.06617636041986326,0.023513442022416686,Low/Moderate,83,-0.3346060706523916,0.17885065910565734,False,-0.8224545687267543,0.15324242742197103,0.06371818337203833,0.10503518066316889,0.041316997291130565,Low/Moderate
84,84,Q2D,C(EDUCATION)[T.HS_graduate_or_equivalent],0.06768095247199965,0.8967603174621327,False,-0.9546480133762301,1.0900099183202294,0.04266291839744656,0.06617636041986326,0.023513442022416686,Low/Moderate,84,0.36474205814346183,0.23151535019568392,False,-0.23275273343477232,0.962236849721696,0.06371818337203833,0.10503518066316889,0.041316997291130565,Low/Moderate
85,85,Q2D,C(EDUCATION)[T.No_HS_diploma],-0.8009595179354435,0.4777445759903871,False,-3.012221500353888,1.4103024644830007,0.04266291839744656,0.06617636041986326,0.023513442022416686,Low/Moderate,85,-0.47931027455832165,0.46964754307146517,False,-1.778566816829486,0.8199462677128425,0.06371818337203833,0.10503518066316889,0.041316997291130565,Low/Moderate
86,86,Q2D,C(EDUCATION)[T.Some_college],0.017577392277116397,0.9546213231075079,False,-0.5878421516871208,0.6229969362413537,0.04266291839744656,0.06617636041986326,0.023513442022416686,Low/Moderate,86,0.32491549631842265,0.07288359592931595,False,-0.030145415428753652,0.679976408065599,0.06371818337203833,0.10503518066316889,0.041316997291130565,Low/Moderate
87,87,Q2D,C(PARTYBEFORE)[T.Independent],-0.055328238224906595,0.8611338757579109,False,-0.6752376510916744,0.5645811746418612,0.04266291839744656,0.06617636041986326,0.023513442022416686,Low/Moderate,87,-0.21721960023837006,0.23876208572953794,False,-0.578604404332663,0.14416520385592285,0.06371818337203833,0.10503518066316889,0.041316997291130565,Low/Moderate
88,88,Q2D,C(PARTYBEFORE)[T.Republican],0.22570299970894017,0.5292876419064998,False,-0.4774826663419498,0.9288886657598301,0.04266291839744656,0.06617636041986326,0.023513442022416686,Low/Moderate,88,-0.008796762766884642,0.9666732289302815,False,-0.4214558888106338,0.40386236327686453,0.06371818337203833,0.10503518066316889,0.041316997291130565,Low/Moderate
89,89,Q2D,C(GENDER)[T.Male],0.511622566032106,0.05382453740041281,False,-0.00841575536004402,1.0316608874242559,0.04266291839744656,0.06617636041986326,0.023513442022416686,Low/Moderate,89,-0.060495896741587694,0.6970055651551259,False,-0.36501616499273953,0.24402437150956416,0.06371818337203833,0.10503518066316889,0.041316997291130565,Low/Moderate
90,90,Q2D,RACE_majority[T.True],-0.8959939390372766,0.6104796340926075,False,-4.343489059020769,2.5515011809462154,0.04266291839744656,0.06617636041986326,0.023513442022416686,Low/Moderate,90,-0.24060378015467507,0.8157029880002272,False,-2.263876443757077,1.782668883447727,0.06371818337203833,0.10503518066316889,0.041316997291130565,Low/Moderate
91,91,Q2D,AGEBRACKET_majority[T.True],0.15731746505738958,0.5811568381146903,False,-0.4015713401875936,0.7162062703023728,0.04266291839744656,0.06617636041986326,0.023513442022416686,Low/Moderate,91,-0.080638092205341,0.6311238500606993,False,-0.4098043895131084,0.24852820510242635,0.06371818337203833,0.10503518066316889,0.041316997291130565,Low/Moderate
92,92,Q2D,EDUCATION_majority[T.True],0.19138203060310205,0.5613269517399992,False,-0.4543748741246419,0.837138935330846,0.04266291839744656,0.06617636041986326,0.023513442022416686,Low/Moderate,92,0.0931119596848281,0.6288962454750124,False,-0.2845070576765379,0.4707309770461941,0.06371818337203833,0.10503518066316889,0.041316997291130565,Low/Moderate
93,93,Q2D,PARTYBEFORE_majority[T.True],0.06565243121854174,0.8211644690873123,False,-0.5035925069602106,0.634897369397294,0.04266291839744656,0.06617636041986326,0.023513442022416686,Low/Moderate,93,0.07706885488511805,0.6517821990594113,False,-0.25764484426117074,0.41178255403140684,0.06371818337203833,0.10503518066316889,0.041316997291130565,Low/Moderate
94,94,Q2D,GENDER_majority[T.True],0.07700975539282699,0.7756247296802928,False,-0.4525443818054597,0.6065638925911137,0.04266291839744656,0.06617636041986326,0.023513442022416686,Low/Moderate,94,-0.24467709912596627,0.1230499274972463,False,-0.5556550588610143,0.06630086060908177,0.06371818337203833,0.10503518066316889,0.041316997291130565,Low/Moderate
95,95,Q2D,RACE_diversity,-0.13009636759288276,0.4394836029498266,False,-0.45993153275574905,0.19973879756998356,0.04266291839744656,0.06617636041986326,0.023513442022416686,Low/Moderate,95,0.08902331478588754,0.40227530273640755,False,-0.11929792831118086,0.29734455788295594,0.06371818337203833,0.10503518066316889,0.041316997291130565,Low/Moderate
96,96,Q2D,AGEBRACKET_diversity,-0.05342814158685671,0.7314565819399025,False,-0.35855842246111613,0.2517021392874027,0.04266291839744656,0.06617636041986326,0.023513442022416686,Low/Moderate,96,-0.04223174233126452,0.6677410078228797,False,-0.23506253248369657,0.1505990478211675,0.06371818337203833,0.10503518066316889,0.041316997291130565,Low/Moderate
97,97,Q2D,EDUCATION_diversity,-0.012602320645627437,0.9404908688616437,False,-0.3434680812785814,0.31826343998732654,0.04266291839744656,0.06617636041986326,0.023513442022416686,Low/Moderate,97,0.01983141791460362,0.8522926403147153,False,-0.1889232567174149,0.2285860925466221,0.06371818337203833,0.10503518066316889,0.041316997291130565,Low/Moderate
98,98,Q2D,PARTYBEFORE_diversity,0.01774007372713927,0.9107209104466366,False,-0.29234761252201263,0.32782775997629116,0.04266291839744656,0.06617636041986326,0.023513442022416686,Low/Moderate,98,-0.08932496115965427,0.3722636428936478,False,-0.28554286646133453,0.10689294414202599,0.06371818337203833,0.10503518066316889,0.041316997291130565,Low/Moderate
99,99,Q2D,GENDER_diversity,-0.03135552790348274,0.8427069797836,False,-0.3410619493481017,0.27835089354113624,0.04266291839744656,0.06617636041986326,0.023513442022416686,Low/Moderate,99,0.0031800645705114183,0.9746958276197528,False,-0.19331838718653355,0.1996785163275564,0.06371818337203833,0.10503518066316889,0.041316997291130565,Low/Moderate
100,100,Q2E,Intercept,-0.5803502888901684,0.5296270898406163,False,-2.3899434110837574,1.2292428333034207,0.04624838220818606,0.06661071623545858,0.02036233402727251,Low/Moderate,100,0.4518832180065877,0.36344650012308966,False,-0.5226522555194657,1.4264186915326411,0.0689446132031431,0.09624729485713217,0.027302681653989056,Low/Moderate
101,101,Q2E,C(RACE)[T.Asian_non_Hispanic],0.4142842555059209,0.6748124449020552,False,-1.5210691356774086,2.3496376466892506,0.04624838220818606,0.06661071623545858,0.02036233402727251,Low/Moderate,101,-0.545852143280346,0.30654339903397254,False,-1.5921587652525997,0.5004544786919076,0.0689446132031431,0.09624729485713217,0.027302681653989056,Low/Moderate
102,102,Q2E,C(RACE)[T.Black_non_Hispanic],-0.5628052965503841,0.49779034231351227,False,-2.1898347458375538,1.0642241527367853,0.04624838220818606,0.06661071623545858,0.02036233402727251,Low/Moderate,102,-0.899214671924115,0.04427063987539838,True,-1.7753824628729242,-0.023046880975305717,0.0689446132031431,0.09624729485713217,0.027302681653989056,Low/Moderate
103,103,Q2E,C(RACE)[T.Hispanic],-0.7384548292348369,0.3891401211219385,False,-2.419112247057759,0.9422025885880853,0.04624838220818606,0.06661071623545858,0.02036233402727251,Low/Moderate,103,-0.8980610800695418,0.05162381688120755,False,-1.8024467430376372,0.006324582898553643,0.0689446132031431,0.09624729485713217,0.027302681653989056,Low/Moderate
104,104,Q2E,C(RACE)[T.Other_non_Hispanic],-1.81053726495541,0.303545650647708,False,-5.259586871916705,1.6385123420058847,0.04624838220818606,0.06661071623545858,0.02036233402727251,Low/Moderate,104,1.8451263448022623,0.05140551858423221,False,-0.011256942652904778,3.7015096322574292,0.0689446132031431,0.09624729485713217,0.027302681653989056,Low/Moderate
105,105,Q2E,C(RACE)[T.White_non_Hispanic],-1.224442484392904,0.5586680806581837,False,-5.3280282991188574,2.879143330333049,0.04624838220818606,0.06661071623545858,0.02036233402727251,Low/Moderate,105,-1.8048727514641247,0.10925360786360454,False,-4.013651838771288,0.40390633584303925,0.0689446132031431,0.09624729485713217,0.027302681653989056,Low/Moderate
106,106,Q2E,C(AGEBRACKET)[T.30_44],0.7740858731343421,0.11063198855781146,False,-0.17691040624107535,1.7250821525097595,0.04624838220818606,0.06661071623545858,0.02036233402727251,Low/Moderate,106,0.04905951662380426,0.8514184803891047,False,-0.46428986859918153,0.56240890184679,0.0689446132031431,0.09624729485713217,0.027302681653989056,Low/Moderate
107,107,Q2E,C(AGEBRACKET)[T.45_59],0.5585411446209539,0.24789887414402745,False,-0.3888850331138701,1.5059673223557781,0.04624838220818606,0.06661071623545858,0.02036233402727251,Low/Moderate,107,0.21060682165189076,0.4177864388139758,False,-0.2988320678301845,0.720045711133966,0.0689446132031431,0.09624729485713217,0.027302681653989056,Low/Moderate
108,108,Q2E,C(AGEBRACKET)[T.60plus],0.3441703344874953,0.47414131248009084,False,-0.598274258282461,1.2866149272574514,0.04624838220818606,0.06661071623545858,0.02036233402727251,Low/Moderate,108,-0.19976096650539932,0.43910181559302097,False,-0.7057953735992711,0.3062734405884725,0.0689446132031431,0.09624729485713217,0.027302681653989056,Low/Moderate
109,109,Q2E,C(EDUCATION)[T.HS_graduate_or_equivalent],-0.16064845626636448,0.7872107034997502,False,-1.3270991225016995,1.0058022099689707,0.04624838220818606,0.06661071623545858,0.02036233402727251,Low/Moderate,109,-0.019727193245733295,0.9507606531438653,False,-0.6458582202451325,0.606403833753666,0.0689446132031431,0.09624729485713217,0.027302681653989056,Low/Moderate
110,110,Q2E,C(EDUCATION)[T.No_HS_diploma],-1.7331841127956746,0.1752883518221121,False,-4.239428977541715,0.7730607519503656,0.04624838220818606,0.06661071623545858,0.02036233402727251,Low/Moderate,110,0.03585346418359149,0.9584024169010091,False,-1.3114154743732596,1.3831224027404425,0.0689446132031431,0.09624729485713217,0.027302681653989056,Low/Moderate
111,111,Q2E,C(EDUCATION)[T.Some_college],-0.06213757960334227,0.860127507692812,False,-0.7532796041462334,0.6290044449395488,0.04624838220818606,0.06661071623545858,0.02036233402727251,Low/Moderate,111,0.31656828296400175,0.09468347673703709,False,-0.05470078773821496,0.6878373536662185,0.0689446132031431,0.09624729485713217,0.027302681653989056,Low/Moderate
112,112,Q2E,C(PARTYBEFORE)[T.Independent],0.08055171131230318,0.820769755126914,False,-0.6163140578299273,0.7774174804545337,0.04624838220818606,0.06661071623545858,0.02036233402727251,Low/Moderate,112,0.16777849482467205,0.38369665937533504,False,-0.20971869919349778,0.5452756888428418,0.0689446132031431,0.09624729485713217,0.027302681653989056,Low/Moderate
113,113,Q2E,C(PARTYBEFORE)[T.Republican],0.6799647126944702,0.09252711900180774,False,-0.11226826256571865,1.472197687954659,0.04624838220818606,0.06661071623545858,0.02036233402727251,Low/Moderate,113,0.39255585881424554,0.07105248415799836,False,-0.03366844905639904,0.8187801666848902,0.0689446132031431,0.09624729485713217,0.027302681653989056,Low/Moderate
114,114,Q2E,C(GENDER)[T.Male],0.2807622212877911,0.35099606481681456,False,-0.3092539016740717,0.870778344249654,0.04624838220818606,0.06661071623545858,0.02036233402727251,Low/Moderate,114,0.08522447154449589,0.5988657352824697,False,-0.23231663992201687,0.4027655830110086,0.0689446132031431,0.09624729485713217,0.027302681653989056,Low/Moderate
115,115,Q2E,RACE_majority[T.True],0.7273104948327441,0.7139479256372523,False,-3.161564175555367,4.616185165220855,0.04624838220818606,0.06661071623545858,0.02036233402727251,Low/Moderate,115,0.9573088987268247,0.36973650466101016,False,-1.1345081677950706,3.04912596524872,0.0689446132031431,0.09624729485713217,0.027302681653989056,Low/Moderate
116,116,Q2E,AGEBRACKET_majority[T.True],0.5077504980297457,0.1222662531461306,False,-0.13623630834588552,1.151737304405377,0.04624838220818606,0.06661071623545858,0.02036233402727251,Low/Moderate,116,0.04119592765074786,0.8129827212674549,False,-0.3000948465740352,0.3824867018755309,0.0689446132031431,0.09624729485713217,0.027302681653989056,Low/Moderate
117,117,Q2E,EDUCATION_majority[T.True],-0.025684457058815426,0.9452632278895969,False,-0.7589111696233894,0.7075422555057587,0.04624838220818606,0.06661071623545858,0.02036233402727251,Low/Moderate,117,-0.2563900974942608,0.203285825531349,False,-0.6513730372581463,0.1385928422696247,0.0689446132031431,0.09624729485713217,0.027302681653989056,Low/Moderate
118,118,Q2E,PARTYBEFORE_majority[T.True],0.30419218501764395,0.35237066338945044,False,-0.33688868123447596,0.9452730512697638,0.04624838220818606,0.06661071623545858,0.02036233402727251,Low/Moderate,118,-0.07085115095022904,0.6884567177379692,False,-0.41719259301693545,0.2754902911164774,0.0689446132031431,0.09624729485713217,0.027302681653989056,Low/Moderate
119,119,Q2E,GENDER_majority[T.True],0.112884230105583,0.7122909520163165,False,-0.48706265624969325,0.7128311164608593,0.04624838220818606,0.06661071623545858,0.02036233402727251,Low/Moderate,119,0.15742964001350504,0.3387290969186343,False,-0.1650989137615552,0.4799581937885653,0.0689446132031431,0.09624729485713217,0.027302681653989056,Low/Moderate
120,120,Q2E,RACE_diversity,0.3614613804732435,0.05440370315548502,False,-0.006831528784421004,0.729754289730908,0.04624838220818606,0.06661071623545858,0.02036233402727251,Low/Moderate,120,-0.013543964362962289,0.8969257368588142,False,-0.21845735678253625,0.19136942805661167,0.0689446132031431,0.09624729485713217,0.027302681653989056,Low/Moderate
121,121,Q2E,AGEBRACKET_diversity,-0.13834830451311445,0.42196050194610735,False,-0.47601876428847656,0.1993221552622477,0.04624838220818606,0.06661071623545858,0.02036233402727251,Low/Moderate,121,0.08946990852541581,0.3504806954796422,False,-0.09834825299923736,0.27728807005006895,0.0689446132031431,0.09624729485713217,0.027302681653989056,Low/Moderate
122,122,Q2E,EDUCATION_diversity,-0.35199338776141303,0.06281566312385302,False,-0.7228058460690658,0.018819070546239713,0.04624838220818606,0.06661071623545858,0.02036233402727251,Low/Moderate,122,0.01362464712736175,0.8968997887767204,False,-0.19245726438110927,0.21970655863583277,0.0689446132031431,0.09624729485713217,0.027302681653989056,Low/Moderate
123,123,Q2E,PARTYBEFORE_diversity,0.24820066560909823,0.15800727552443172,False,-0.0963683339818622,0.5927696652000587,0.04624838220818606,0.06661071623545858,0.02036233402727251,Low/Moderate,123,0.050334926801134515,0.6080955015398661,False,-0.14205161461501423,0.24272146821728327,0.0689446132031431,0.09624729485713217,0.027302681653989056,Low/Moderate
124,124,Q2E,GENDER_diversity,0.04278098783427305,0.8081135037281377,False,-0.3024757014765132,0.38803767714505927,0.04624838220818606,0.06661071623545858,0.02036233402727251,Low/Moderate,124,-0.01732907441232496,0.8600004696862728,False,-0.20989966383052172,0.17524151500587182,0.0689446132031431,0.09624729485713217,0.027302681653989056,Low/Moderate
125,125,Q2F,Intercept,0.7223863191416152,0.43240006775646234,False,-1.0810361019405548,2.5258087402237854,0.056619333677072045,0.056918627989963236,0.0002992943128911856,Low/Moderate,125,0.030753278878969247,0.9180345275027724,False,-0.5549566848998275,0.6164632426577661,0.06398810184251319,0.1386679063712358,0.07467980452872262,Low/Moderate
126,126,Q2F,C(RACE)[T.Asian_non_Hispanic],-0.4232944473182112,0.6902245798012245,False,-2.5049434814240907,1.6583545867876683,0.056619333677072045,0.056918627989963236,0.0002992943128911856,Low/Moderate,126,0.7806357695025904,0.02151338480774264,True,0.11507815140803412,1.4461933875971467,0.06398810184251319,0.1386679063712358,0.07467980452872262,Low/Moderate
127,127,Q2F,C(RACE)[T.Black_non_Hispanic],-0.4722626320775306,0.5696408870699269,False,-2.100207684585025,1.1556824204299638,0.056619333677072045,0.056918627989963236,0.0002992943128911856,Low/Moderate,127,0.4100944692709754,0.12343850307712732,False,-0.11166492558485225,0.931853864126803,0.06398810184251319,0.1386679063712358,0.07467980452872262,Low/Moderate
128,128,Q2F,C(RACE)[T.Hispanic],0.15101834405427664,0.8615113176120945,False,-1.545682289491487,1.8477189776000404,0.056619333677072045,0.056918627989963236,0.0002992943128911856,Low/Moderate,128,0.4564994389832403,0.10053136178586834,False,-0.08830461831294056,1.0013034962794212,0.06398810184251319,0.1386679063712358,0.07467980452872262,Low/Moderate
129,129,Q2F,C(RACE)[T.Other_non_Hispanic],-1.417240968974922,0.40674206714164585,False,-4.765367334452205,1.930885396502361,0.056619333677072045,0.056918627989963236,0.0002992943128911856,Low/Moderate,129,0.32438113628918747,0.5574403786708237,False,-0.7593619810246204,1.4081242536029954,0.06398810184251319,0.1386679063712358,0.07467980452872262,Low/Moderate
130,130,Q2F,C(RACE)[T.White_non_Hispanic],0.17406864611612963,0.9332823771967539,False,-3.9012455444260903,4.2493828366583495,0.056619333677072045,0.056918627989963236,0.0002992943128911856,Low/Moderate,130,-0.3179589411748466,0.6356242222365808,False,-1.6331854111722284,0.9972675288225351,0.06398810184251319,0.1386679063712358,0.07467980452872262,Low/Moderate
131,131,Q2F,C(AGEBRACKET)[T.30_44],0.16547919813081613,0.7459463966308012,False,-0.8355835357100456,1.1665419319716779,0.056619333677072045,0.056918627989963236,0.0002992943128911856,Low/Moderate,131,0.2926812009668007,0.07581502991819666,False,-0.03040748138419852,0.6157698833178,0.06398810184251319,0.1386679063712358,0.07467980452872262,Low/Moderate
132,132,Q2F,C(AGEBRACKET)[T.45_59],0.6745663308519666,0.17213370335798373,False,-0.2937544946187104,1.6428871563226437,0.056619333677072045,0.056918627989963236,0.0002992943128911856,Low/Moderate,132,0.14557469835602266,0.36387489626538316,False,-0.16865348231996086,0.4598028790320062,0.06398810184251319,0.1386679063712358,0.07467980452872262,Low/Moderate
133,133,Q2F,C(AGEBRACKET)[T.60plus],0.23441516948582902,0.6339599704426602,False,-0.7304804869909831,1.199310825962641,0.056619333677072045,0.056918627989963236,0.0002992943128911856,Low/Moderate,133,0.12070994864993728,0.44554174595233553,False,-0.1894183518549749,0.4308382491548495,0.06398810184251319,0.1386679063712358,0.07467980452872262,Low/Moderate
134,134,Q2F,C(EDUCATION)[T.HS_graduate_or_equivalent],-2.258176818443411,0.0005902399861021791,True,-3.5462640710359654,-0.9700895658508564,0.056619333677072045,0.056918627989963236,0.0002992943128911856,Low/Moderate,134,-0.15046875520470374,0.47718029337697465,False,-0.5653458975422503,0.26440838713284276,0.06398810184251319,0.1386679063712358,0.07467980452872262,Low/Moderate
135,135,Q2F,C(EDUCATION)[T.No_HS_diploma],-0.8780509102031632,0.5077454220120949,False,-3.4762875011302987,1.7201856807239726,0.056619333677072045,0.056918627989963236,0.0002992943128911856,Low/Moderate,135,-0.6433528381861515,0.12739652222757833,False,-1.4705029596050214,0.18379728323271827,0.06398810184251319,0.1386679063712358,0.07467980452872262,Low/Moderate
136,136,Q2F,C(EDUCATION)[T.Some_college],-0.9432731199712121,0.00820864977010709,True,-1.6426776128470655,-0.24386862709535873,0.056619333677072045,0.056918627989963236,0.0002992943128911856,Low/Moderate,136,-0.14364523973796284,0.21325832654249488,False,-0.36984393093106244,0.08255345145513676,0.06398810184251319,0.1386679063712358,0.07467980452872262,Low/Moderate
137,137,Q2F,C(PARTYBEFORE)[T.Independent],-0.21643036855782,0.5673885539358475,False,-0.9581587240824541,0.5252979869668142,0.056619333677072045,0.056918627989963236,0.0002992943128911856,Low/Moderate,137,0.07782398348623554,0.5199352324243188,False,-0.1592314702744829,0.314879437246954,0.06398810184251319,0.1386679063712358,0.07467980452872262,Low/Moderate
138,138,Q2F,C(PARTYBEFORE)[T.Republican],0.2410939709936829,0.562494891397942,False,-0.5748326048217621,1.0570205468091278,0.056619333677072045,0.056918627989963236,0.0002992943128911856,Low/Moderate,138,-0.07351319979556338,0.5778420758625142,False,-0.33240446458668843,0.1853780649955617,0.06398810184251319,0.1386679063712358,0.07467980452872262,Low/Moderate
139,139,Q2F,C(GENDER)[T.Male],0.29515609270354576,0.34321906117012024,False,-0.31518434232188036,0.9054965277289719,0.056619333677072045,0.056918627989963236,0.0002992943128911856,Low/Moderate,139,0.12240397515225276,0.21799511182384435,False,-0.07234551955977886,0.3171534698642844,0.06398810184251319,0.1386679063712358,0.07467980452872262,Low/Moderate
140,140,Q2F,RACE_majority[T.True],-0.6837187428963966,0.7270677018185554,False,-4.523127355853109,3.155689870060316,0.056619333677072045,0.056918627989963236,0.0002992943128911856,Low/Moderate,140,0.4991277722124952,0.4312465994791975,False,-0.7438170494093603,1.7420725938343506,0.06398810184251319,0.1386679063712358,0.07467980452872262,Low/Moderate
141,141,Q2F,AGEBRACKET_majority[T.True],-0.42187925715142216,0.19385277412956814,False,-1.0582911733470841,0.2145326590442398,0.056619333677072045,0.056918627989963236,0.0002992943128911856,Low/Moderate,141,-0.18437648729237477,0.08111453891485473,False,-0.3915544291077242,0.02280145452297469,0.06398810184251319,0.1386679063712358,0.07467980452872262,Low/Moderate
142,142,Q2F,EDUCATION_majority[T.True],-0.9690351994344503,0.009815204207252784,True,-1.7045400960518795,-0.23353030281702114,0.056619333677072045,0.056918627989963236,0.0002992943128911856,Low/Moderate,142,-0.08682781524749217,0.47940581179760033,False,-0.32744616888024913,0.1537905383852648,0.06398810184251319,0.1386679063712358,0.07467980452872262,Low/Moderate
143,143,Q2F,PARTYBEFORE_majority[T.True],0.5347746249502722,0.11592622859186952,False,-0.13193598333801937,1.2014852332385637,0.056619333677072045,0.056918627989963236,0.0002992943128911856,Low/Moderate,143,-0.10976151265093272,0.32493701041803835,False,-0.32830750438754375,0.10878447908567833,0.06398810184251319,0.1386679063712358,0.07467980452872262,Low/Moderate
144,144,Q2F,GENDER_majority[T.True],-0.013234547263677645,0.9663677786913615,False,-0.628429865624074,0.6019607710967186,0.056619333677072045,0.056918627989963236,0.0002992943128911856,Low/Moderate,144,0.0777387578833112,0.44138319597781694,False,-0.12017417410167444,0.2756516898682968,0.06398810184251319,0.1386679063712358,0.07467980452872262,Low/Moderate
145,145,Q2F,RACE_diversity,0.04219127503824143,0.8071319405696473,False,-0.29653877710856824,0.3809213271850511,0.056619333677072045,0.056918627989963236,0.0002992943128911856,Low/Moderate,145,-0.0019664968532858954,0.97882450763841,False,-0.1471766218478291,0.1432436281412573,0.06398810184251319,0.1386679063712358,0.07467980452872262,Low/Moderate
146,146,Q2F,AGEBRACKET_diversity,0.21120437772686249,0.19667035011414313,False,-0.10941696722020519,0.5318257226739301,0.056619333677072045,0.056918627989963236,0.0002992943128911856,Low/Moderate,146,0.08095575670573288,0.2439715572140746,False,-0.055228283889408286,0.21713979730087404,0.06398810184251319,0.1386679063712358,0.07467980452872262,Low/Moderate
147,147,Q2F,EDUCATION_diversity,0.23701505958599642,0.17691660975209655,False,-0.10701040679372012,0.581040525965713,0.056619333677072045,0.056918627989963236,0.0002992943128911856,Low/Moderate,147,-0.011186565824275416,0.880567509066841,False,-0.15711195770332784,0.13473882605477702,0.06398810184251319,0.1386679063712358,0.07467980452872262,Low/Moderate
148,148,Q2F,PARTYBEFORE_diversity,-0.01594120850777227,0.9237953051414936,False,-0.3425785201772818,0.3106961031617373,0.056619333677072045,0.056918627989963236,0.0002992943128911856,Low/Moderate,148,0.06365903934198133,0.36948228066011635,False,-0.0753685617265886,0.20268664041055126,0.06398810184251319,0.1386679063712358,0.07467980452872262,Low/Moderate
149,149,Q2F,GENDER_diversity,0.10923332252827031,0.4986031018580276,False,-0.20715024613657576,0.4256168911931164,0.056619333677072045,0.056918627989963236,0.0002992943128911856,Low/Moderate,149,0.013010917034303765,0.8529418559676556,False,-0.12455966242729039,0.15058149649589792,0.06398810184251319,0.1386679063712358,0.07467980452872262,Low/Moderate
150,150,Q2G,Intercept,-2.132607890490086,0.051566184634519605,False,-4.279704838245397,0.014489057265225203,0.05205107504946408,0.05205107520181968,1.5235559397146801e-10,Low/Moderate,150,0.6401950372279693,0.079709894170828,False,-0.0758397696584302,1.356229844114369,0.0769969920773563,0.10859882688199603,0.03160183480463973,Low/Moderate
151,151,Q2G,C(RACE)[T.Asian_non_Hispanic],1.9265435957422044,0.10919403056035298,False,-0.4307382866530103,4.283825478137419,0.05205107504946408,0.05205107520181968,1.5235559397146801e-10,Low/Moderate,151,-0.0688501812883889,0.8625480241334342,False,-0.848279890737661,0.7105795281608831,0.0769969920773563,0.10859882688199603,0.03160183480463973,Low/Moderate
152,152,Q2G,C(RACE)[T.Black_non_Hispanic],0.9947111927042361,0.33028174149205725,False,-1.0078619078343998,2.9972842932428723,0.05205107504946408,0.05205107520181968,1.5235559397146801e-10,Low/Moderate,152,0.25757210103900796,0.4415281607632101,False,-0.39838169737360785,0.9135258994516238,0.0769969920773563,0.10859882688199603,0.03160183480463973,Low/Moderate
153,153,Q2G,C(RACE)[T.Hispanic],1.4760651063965495,0.15865858411244282,False,-0.5763183404827106,3.5284485532758096,0.05205107504946408,0.05205107520181968,1.5235559397146801e-10,Low/Moderate,153,0.10731229657739315,0.7559590640796152,False,-0.5694377946832802,0.7840623878380665,0.0769969920773563,0.10859882688199603,0.03160183480463973,Low/Moderate
154,154,Q2G,C(RACE)[T.Other_non_Hispanic],4.128645979730201,0.042175058562005444,True,0.14594950303129872,8.111342456429103,0.05205107504946408,0.05205107520181968,1.5235559397146801e-10,Low/Moderate,154,1.191877208745303,0.0795577534389224,False,-0.14052029064264615,2.5242747081332517,0.0769969920773563,0.10859882688199603,0.03160183480463973,Low/Moderate
155,155,Q2G,C(RACE)[T.White_non_Hispanic],2.730555259638751,0.33029298157093323,False,-2.7667827088212076,8.22789322809871,0.05205107504946408,0.05205107520181968,1.5235559397146801e-10,Low/Moderate,155,0.802681333666329,0.39415720162480694,False,-1.0436065194145943,2.6489691867472525,0.0769969920773563,0.10859882688199603,0.03160183480463973,Low/Moderate
156,156,Q2G,C(AGEBRACKET)[T.30_44],-0.4305254315210591,0.46906813707184547,False,-1.596021150063708,0.7349702870215897,0.05205107504946408,0.05205107520181968,1.5235559397146801e-10,Low/Moderate,156,-0.4595452945346027,0.021697265656046988,True,-0.851896733111877,-0.06719385595732841,0.0769969920773563,0.10859882688199603,0.03160183480463973,Low/Moderate
157,157,Q2G,C(AGEBRACKET)[T.45_59],-0.4580978496625742,0.42728070953797126,False,-1.58910660753928,0.6729109082141314,0.05205107504946408,0.05205107520181968,1.5235559397146801e-10,Low/Moderate,157,0.04563575918563292,0.8132678770059041,False,-0.3330253683263527,0.4242968866976185,0.0769969920773563,0.10859882688199603,0.03160183480463973,Low/Moderate
158,158,Q2G,C(AGEBRACKET)[T.60plus],-0.19126028128398512,0.7389342830019372,False,-1.3160807762288955,0.9335602136609252,0.05205107504946408,0.05205107520181968,1.5235559397146801e-10,Low/Moderate,158,-0.3094226099217095,0.10887076431580993,False,-0.6876806786313339,0.06883545878791492,0.0769969920773563,0.10859882688199603,0.03160183480463973,Low/Moderate
159,159,Q2G,C(EDUCATION)[T.HS_graduate_or_equivalent],0.7925740753122081,0.2836123600227364,False,-0.6561846007906065,2.2413327514150225,0.05205107504946408,0.05205107520181968,1.5235559397146801e-10,Low/Moderate,159,-0.6703275481546761,0.006707898656407702,True,-1.1549509064529706,-0.1857041898563816,0.0769969920773563,0.10859882688199603,0.03160183480463973,Low/Moderate
160,160,Q2G,C(EDUCATION)[T.No_HS_diploma],0.11697087472974003,0.9399859801831085,False,-2.92813957377944,3.1620813232389198,0.05205107504946408,0.05205107520181968,1.5235559397146801e-10,Low/Moderate,160,0.4186875102262061,0.4192751744349952,False,-0.5973251017537541,1.4347001222061664,0.0769969920773563,0.10859882688199603,0.03160183480463973,Low/Moderate
161,161,Q2G,C(EDUCATION)[T.Some_college],0.5963106050351779,0.14383784081938325,False,-0.20329897169816236,1.395920181768518,0.05205107504946408,0.05205107520181968,1.5235559397146801e-10,Low/Moderate,161,-0.11371132610796293,0.4063786785956912,False,-0.38213793173759114,0.1547152795216653,0.0769969920773563,0.10859882688199603,0.03160183480463973,Low/Moderate
162,162,Q2G,C(PARTYBEFORE)[T.Independent],-0.00713238328698714,0.9864387152537394,False,-0.8295664278539591,0.8153016612799847,0.05205107504946408,0.05205107520181968,1.5235559397146801e-10,Low/Moderate,162,-0.11470091182507113,0.4142019287720481,False,-0.3900269805858361,0.16062515693569385,0.0769969920773563,0.10859882688199603,0.03160183480463973,Low/Moderate
163,163,Q2G,C(PARTYBEFORE)[T.Republican],0.9076250467626358,0.05402890098477929,False,-0.01571554199711933,1.8309656355223909,0.05205107504946408,0.05205107520181968,1.5235559397146801e-10,Low/Moderate,163,-0.22097685254252603,0.15839609929337273,False,-0.5280387723654889,0.08608506728043691,0.0769969920773563,0.10859882688199603,0.03160183480463973,Low/Moderate
164,164,Q2G,C(GENDER)[T.Male],0.7873752385211137,0.02775709913725207,True,0.0861322566967595,1.4886182203454679,0.05205107504946408,0.05205107520181968,1.5235559397146801e-10,Low/Moderate,164,0.22337070487528904,0.06094409017864385,False,-0.010258802881298212,0.4570002126318763,0.0769969920773563,0.10859882688199603,0.03160183480463973,Low/Moderate
165,165,Q2G,RACE_majority[T.True],-1.3638008749045571,0.610807203914471,False,-6.616084888409779,3.888483138600665,0.05205107504946408,0.05205107520181968,1.5235559397146801e-10,Low/Moderate,165,-0.6522479342564207,0.4696151670816756,False,-2.420154191451008,1.1156583229381667,0.0769969920773563,0.10859882688199603,0.03160183480463973,Low/Moderate
166,166,Q2G,AGEBRACKET_majority[T.True],-0.22369681898534596,0.5495643006160185,False,-0.9563640679949743,0.5089704300242823,0.05205107504946408,0.05205107520181968,1.5235559397146801e-10,Low/Moderate,166,-0.18565073499054144,0.1418291770022421,False,-0.4333467564396853,0.06204528645860241,0.0769969920773563,0.10859882688199603,0.03160183480463973,Low/Moderate
167,167,Q2G,EDUCATION_majority[T.True],0.5022250977624945,0.2520718537832589,False,-0.3572143628288492,1.361664558353838,0.05205107504946408,0.05205107520181968,1.5235559397146801e-10,Low/Moderate,167,-0.10418384276530118,0.476414462930822,False,-0.39094406706245344,0.18257638153185107,0.0769969920773563,0.10859882688199603,0.03160183480463973,Low/Moderate
168,168,Q2G,PARTYBEFORE_majority[T.True],-0.10167937792251718,0.7905910441107356,False,-0.8521709267701373,0.648812170925103,0.05205107504946408,0.05205107520181968,1.5235559397146801e-10,Low/Moderate,168,-0.03017219416537444,0.8151392747981536,False,-0.2831067379040597,0.22276234957331084,0.0769969920773563,0.10859882688199603,0.03160183480463973,Low/Moderate
169,169,Q2G,GENDER_majority[T.True],-0.34629815158586924,0.3351475237784248,False,-1.0505249151326939,0.35792861196095543,0.05205107504946408,0.05205107520181968,1.5235559397146801e-10,Low/Moderate,169,-0.12902679309148923,0.2834520673538552,False,-0.3647983996863722,0.10674481350339374,0.0769969920773563,0.10859882688199603,0.03160183480463973,Low/Moderate
170,170,Q2G,RACE_diversity,0.002069685769778154,0.9917612753778104,False,-0.39077859930013153,0.3949179708396879,0.05205107504946408,0.05205107520181968,1.5235559397146801e-10,Low/Moderate,170,-0.01599700124516411,0.8360188950681593,False,-0.16747187565790025,0.135477873167572,0.0769969920773563,0.10859882688199603,0.03160183480463973,Low/Moderate
171,171,Q2G,AGEBRACKET_diversity,0.045120654769286374,0.806396096872836,False,-0.3157231835255256,0.4059644930640984,0.05205107504946408,0.05205107520181968,1.5235559397146801e-10,Low/Moderate,171,0.05572630498343333,0.43410649254470457,False,-0.08391035567698354,0.19536296564385022,0.0769969920773563,0.10859882688199603,0.03160183480463973,Low/Moderate
172,172,Q2G,EDUCATION_diversity,-0.14891402826539218,0.4516703519246573,False,-0.536707346561536,0.2388792900307516,0.05205107504946408,0.05205107520181968,1.5235559397146801e-10,Low/Moderate,172,0.04922734094329606,0.5207768858541129,False,-0.10102426382791213,0.19947894571450425,0.0769969920773563,0.10859882688199603,0.03160183480463973,Low/Moderate
173,173,Q2G,PARTYBEFORE_diversity,-0.097381839748653,0.6034283971843188,False,-0.46479951189591207,0.27003583239860607,0.05205107504946408,0.05205107520181968,1.5235559397146801e-10,Low/Moderate,173,0.07678481795094123,0.2906896586727731,False,-0.06564757569160894,0.2192172115934914,0.0769969920773563,0.10859882688199603,0.03160183480463973,Low/Moderate
174,174,Q2G,GENDER_diversity,-0.01734379356904489,0.9254829964891387,False,-0.38079327343157654,0.3461056862934868,0.05205107504946408,0.05205107520181968,1.5235559397146801e-10,Low/Moderate,174,-0.01247402518001433,0.8631886654590475,False,-0.15435615178725337,0.1294081014272247,0.0769969920773563,0.10859882688199603,0.03160183480463973,Low/Moderate
175,175,Q2H,Intercept,-1.4497528376467592,0.06005431322307216,False,-2.9608523082407023,0.0613466329471839,0.07138582265322549,0.09948050741155089,0.028094684758325415,Low/Moderate,175,0.5964051829604188,0.1515273905439234,False,-0.21866071747120253,1.41147108339204,0.07995649569187431,0.07995649614731479,4.5544046401020006e-10,Low/Moderate
176,176,Q2H,C(RACE)[T.Asian_non_Hispanic],0.8316943254958177,0.30416083517404424,False,-0.7546893057394427,2.418077956731078,0.07138582265322549,0.09948050741155089,0.028094684758325415,Low/Moderate,176,-0.8329260058776317,0.05823492098539906,False,-1.6948950297438472,0.029043017988583997,0.07995649569187431,0.07995649614731479,4.5544046401020006e-10,Low/Moderate
177,177,Q2H,C(RACE)[T.Black_non_Hispanic],0.32690594437547255,0.6347047474282923,False,-1.021658897986389,1.675470786737334,0.07138582265322549,0.09948050741155089,0.028094684758325415,Low/Moderate,177,-0.8197389113275478,0.028393545251840954,True,-1.5527686696751957,-0.08670915297990012,0.07995649569187431,0.07995649614731479,4.5544046401020006e-10,Low/Moderate
178,178,Q2H,C(RACE)[T.Hispanic],0.5889539527052876,0.40987578237477906,False,-0.8117393884743944,1.9896472938849696,0.07138582265322549,0.09948050741155089,0.028094684758325415,Low/Moderate,178,-0.5519398089633281,0.155285478458153,False,-1.3131644627498194,0.20928484482316323,0.07995649569187431,0.07995649614731479,4.5544046401020006e-10,Low/Moderate
179,179,Q2H,C(RACE)[T.Other_non_Hispanic],-0.7494237171209537,0.609601502253174,False,-3.6258859613646113,2.1270385271227035,0.07138582265322549,0.09948050741155089,0.028094684758325415,Low/Moderate,179,0.8736510637008816,0.2728215744961533,False,-0.6878513045314811,2.4351534319332444,0.07995649569187431,0.07995649614731479,4.5544046401020006e-10,Low/Moderate
180,180,Q2H,C(RACE)[T.White_non_Hispanic],0.9616663023959672,0.58195691374895,False,-2.4620096992006886,4.385342303992623,0.07138582265322549,0.09948050741155089,0.028094684758325415,Low/Moderate,180,-0.5391805918310022,0.5656509076414638,False,-2.378750220001969,1.3003890363399646,0.07995649569187431,0.07995649614731479,4.5544046401020006e-10,Low/Moderate
181,181,Q2H,C(AGEBRACKET)[T.30_44],0.1833060864421408,0.6449844929437307,False,-0.5964669090166645,0.9630790819009463,0.07138582265322549,0.09948050741155089,0.028094684758325415,Low/Moderate,181,0.0571221071660716,0.7910135365848404,False,-0.36536660040570224,0.4796108147378454,0.07995649569187431,0.07995649614731479,4.5544046401020006e-10,Low/Moderate
182,182,Q2H,C(AGEBRACKET)[T.45_59],0.20322310095122847,0.6159608343556255,False,-0.5908825746127677,0.9973287765152246,0.07138582265322549,0.09948050741155089,0.028094684758325415,Low/Moderate,182,0.2539799101600306,0.23980870522317554,False,-0.16950479462041668,0.6774646149404778,0.07995649569187431,0.07995649614731479,4.5544046401020006e-10,Low/Moderate
183,183,Q2H,C(AGEBRACKET)[T.60plus],0.1408485354076672,0.7262708886480201,False,-0.6476852025883729,0.9293822734037073,0.07138582265322549,0.09948050741155089,0.028094684758325415,Low/Moderate,183,0.10814319345094668,0.616556550704517,False,-0.3151467929400452,0.5314331798419386,0.07995649569187431,0.07995649614731479,4.5544046401020006e-10,Low/Moderate
184,184,Q2H,C(EDUCATION)[T.HS_graduate_or_equivalent],1.0554727598848936,0.034041032447010164,True,0.07948534062209667,2.0314601791476905,0.07138582265322549,0.09948050741155089,0.028094684758325415,Low/Moderate,184,0.19237422248580574,0.4741180558894277,False,-0.3343780547267753,0.7191264996983867,0.07995649569187431,0.07995649614731479,4.5544046401020006e-10,Low/Moderate
185,185,Q2H,C(EDUCATION)[T.No_HS_diploma],-0.5137313048101313,0.6306213441036663,False,-2.6077099874087155,1.580247377788453,0.07138582265322549,0.09948050741155089,0.028094684758325415,Low/Moderate,185,0.3147208964174978,0.58538271595004,False,-0.8159798908054933,1.4454216836404887,0.07995649569187431,0.07995649614731479,4.5544046401020006e-10,Low/Moderate
186,186,Q2H,C(EDUCATION)[T.Some_college],0.07793988617365548,0.7909450572927468,False,-0.4983287596315032,0.6542085319788141,0.07138582265322549,0.09948050741155089,0.028094684758325415,Low/Moderate,186,0.18712410046470473,0.23435654694590713,False,-0.12127905013182971,0.4955272510612392,0.07995649569187431,0.07995649614731479,4.5544046401020006e-10,Low/Moderate
187,187,Q2H,C(PARTYBEFORE)[T.Independent],0.42596886638297876,0.14686222702945517,False,-0.14953343008299896,1.0014711628489565,0.07138582265322549,0.09948050741155089,0.028094684758325415,Low/Moderate,187,0.30363362093142426,0.059140715171064236,False,-0.011716128412603444,0.6189833702754519,0.07995649569187431,0.07995649614731479,4.5544046401020006e-10,Low/Moderate
188,188,Q2H,C(PARTYBEFORE)[T.Republican],1.0375890044588545,0.0021219561006308465,True,0.37572919173933395,1.699448817178375,0.07138582265322549,0.09948050741155089,0.028094684758325415,Low/Moderate,188,0.6312467097067326,0.0006092004270688181,True,0.27027623376184373,0.9922171856516214,0.07995649569187431,0.07995649614731479,4.5544046401020006e-10,Low/Moderate
189,189,Q2H,C(GENDER)[T.Male],0.32123211196810025,0.20014469705663585,False,-0.17020805160998886,0.8126722755461894,0.07138582265322549,0.09948050741155089,0.028094684758325415,Low/Moderate,189,0.14651240430711818,0.28072436466597706,False,-0.11969762109326668,0.41272242970750306,0.07995649569187431,0.07995649614731479,4.5544046401020006e-10,Low/Moderate
190,190,Q2H,RACE_majority[T.True],0.08736793663718576,0.9579052042845008,False,-3.1568513811496826,3.3315872544240537,0.07138582265322549,0.09948050741155089,0.028094684758325415,Low/Moderate,190,-0.06126441703532367,0.9450069026510777,False,-1.8020448255200314,1.6795159914493842,0.07995649569187431,0.07995649614731479,4.5544046401020006e-10,Low/Moderate
191,191,Q2H,AGEBRACKET_majority[T.True],0.30273626511204993,0.2696117127263221,False,-0.23474126293892,0.8402137931630198,0.07138582265322549,0.09948050741155089,0.028094684758325415,Low/Moderate,191,-0.09094226381742485,0.5330645795153512,False,-0.37689386101910016,0.1950093333842505,0.07995649569187431,0.07995649614731479,4.5544046401020006e-10,Low/Moderate
192,192,Q2H,EDUCATION_majority[T.True],0.02382875427765368,0.9387046003958199,False,-0.5835138662927737,0.631171374848081,0.07138582265322549,0.09948050741155089,0.028094684758325415,Low/Moderate,192,-0.033909648596702716,0.8390664625734107,False,-0.36116570806038534,0.29334641086697993,0.07995649569187431,0.07995649614731479,4.5544046401020006e-10,Low/Moderate
193,193,Q2H,PARTYBEFORE_majority[T.True],-0.1575155029688911,0.560634687271558,False,-0.6880623705105369,0.3730313645727546,0.07138582265322549,0.09948050741155089,0.028094684758325415,Low/Moderate,193,-0.027874987312369672,0.8497909990843581,False,-0.31635581428406967,0.2606058396593304,0.07995649569187431,0.07995649614731479,4.5544046401020006e-10,Low/Moderate
194,194,Q2H,GENDER_majority[T.True],0.08588485289820633,0.7368052330278556,False,-0.4149711745658259,0.5867408803622386,0.07138582265322549,0.09948050741155089,0.028094684758325415,Low/Moderate,194,0.07341243605216391,0.5968338971877676,False,-0.19860436054929526,0.3454292326536231,0.07995649569187431,0.07995649614731479,4.5544046401020006e-10,Low/Moderate
195,195,Q2H,RACE_diversity,-0.0915297963139479,0.5733786541587009,False,-0.41012445939744346,0.22706486676954762,0.07138582265322549,0.09948050741155089,0.028094684758325415,Low/Moderate,195,0.04452006615934809,0.5622433034784851,False,-0.10605080406823311,0.1950909363869293,0.07995649569187431,0.07995649614731479,4.5544046401020006e-10,Low/Moderate
196,196,Q2H,AGEBRACKET_diversity,0.07002533280016335,0.6404053492530368,False,-0.22378261158071558,0.3638332771810423,0.07138582265322549,0.09948050741155089,0.028094684758325415,Low/Moderate,196,0.022950908931765553,0.7456092144769613,False,-0.11569949718910727,0.16160131505263836,0.07995649569187431,0.07995649614731479,4.5544046401020006e-10,Low/Moderate
197,197,Q2H,EDUCATION_diversity,0.016043451233598145,0.9214506951745467,False,-0.3028460852969372,0.33493298776413344,0.07138582265322549,0.09948050741155089,0.028094684758325415,Low/Moderate,197,-0.08480548384506602,0.26953982396362663,False,-0.2353464176147338,0.06573544992460177,0.07995649569187431,0.07995649614731479,4.5544046401020006e-10,Low/Moderate
198,198,Q2H,PARTYBEFORE_diversity,0.015713546867255984,0.918387128936682,False,-0.2848555290606344,0.3162826227951464,0.07138582265322549,0.09948050741155089,0.028094684758325415,Low/Moderate,198,-0.09439948398449673,0.19126020480111128,False,-0.2359751419932436,0.04717617402425016,0.07995649569187431,0.07995649614731479,4.5544046401020006e-10,Low/Moderate
199,199,Q2H,GENDER_diversity,-0.11181655377095859,0.46533553385727233,False,-0.41199405963455293,0.18836095209263573,0.07138582265322549,0.09948050741155089,0.028094684758325415,Low/Moderate,199,-0.026778416183498736,0.7088092498989039,False,-0.16731642335392857,0.11375959098693109,0.07995649569187431,0.07995649614731479,4.5544046401020006e-10,Low/Moderate
200,200,Q2I,Intercept,-3.4436724895903135,0.0010232938303134402,True,-5.498905773013546,-1.3884392061670807,0.07553845775732895,0.11438950920193508,0.03885105144460614,Low/Moderate,200,-0.28125618731223295,0.5970789653113717,False,-1.3240976424127955,0.7615852677883295,0.1923890554751385,0.22523547054100992,0.032846415065871416,High (Strong Signal)
201,201,Q2I,C(RACE)[T.Asian_non_Hispanic],2.3539213135150265,0.035070040090169806,True,0.16483743915729354,4.54300518787276,0.07553845775732895,0.11438950920193508,0.03885105144460614,Low/Moderate,201,-0.8892979777135521,0.11142037135238873,False,-1.984251366291396,0.20565541086429184,0.1923890554751385,0.22523547054100992,0.032846415065871416,High (Strong Signal)
202,202,Q2I,C(RACE)[T.Black_non_Hispanic],2.3041889583976705,0.013793869154104967,True,0.4702934181640239,4.138084498631317,0.07553845775732895,0.11438950920193508,0.03885105144460614,Low/Moderate,202,-0.788973183075408,0.09277209094955022,False,-1.7089032735933571,0.13095690744254107,0.1923890554751385,0.22523547054100992,0.032846415065871416,High (Strong Signal)
203,203,Q2I,C(RACE)[T.Hispanic],1.3923344864498717,0.1510359136193678,False,-0.5081875599109893,3.292856532810733,0.07553845775732895,0.11438950920193508,0.03885105144460614,Low/Moderate,203,-0.7574234939307369,0.11966854402013564,False,-1.7113849917194883,0.19653800385801445,0.1923890554751385,0.22523547054100992,0.032846415065871416,High (Strong Signal)
204,204,Q2I,C(RACE)[T.Other_non_Hispanic],-0.8112506526298594,0.6787948954076963,False,-4.650880504407233,3.0283791991475146,0.07553845775732895,0.11438950920193508,0.03885105144460614,Low/Moderate,204,-1.513989150880821,0.12526067142533107,False,-3.44956966342322,0.42159136166157785,0.1923890554751385,0.22523547054100992,0.032846415065871416,High (Strong Signal)
205,205,Q2I,C(RACE)[T.White_non_Hispanic],0.6059667842341432,0.7968830150762216,False,-4.0084499253438075,5.220383493812093,0.07553845775732895,0.11438950920193508,0.03885105144460614,Low/Moderate,205,-1.1089763281152814,0.344865905363699,False,-3.41002034718919,1.1920676909586274,0.1923890554751385,0.22523547054100992,0.032846415065871416,High (Strong Signal)
206,206,Q2I,C(AGEBRACKET)[T.30_44],-0.052638190401808525,0.921919950074662,False,-1.1052156965772042,0.9999393157735872,0.07553845775732895,0.11438950920193508,0.03885105144460614,Low/Moderate,206,0.3814994890213828,0.1573565723221434,False,-0.14729517783536433,0.9102941558781299,0.1923890554751385,0.22523547054100992,0.032846415065871416,High (Strong Signal)
207,207,Q2I,C(AGEBRACKET)[T.45_59],0.4714688574400349,0.37676979726183957,False,-0.574011328343744,1.516949043223814,0.07553845775732895,0.11438950920193508,0.03885105144460614,Low/Moderate,207,1.0091541936488502,0.00018050012146162136,True,0.48098756511108076,1.5373208221866195,0.1923890554751385,0.22523547054100992,0.032846415065871416,High (Strong Signal)
208,208,Q2I,C(AGEBRACKET)[T.60plus],0.6186166424939865,0.2443216932003378,False,-0.4227951836325865,1.6600284686205595,0.07553845775732895,0.11438950920193508,0.03885105144460614,Low/Moderate,208,1.0319957153866035,0.00011868630032174892,True,0.5064651898171236,1.5575262409560833,0.1923890554751385,0.22523547054100992,0.032846415065871416,High (Strong Signal)
209,209,Q2I,C(EDUCATION)[T.HS_graduate_or_equivalent],-0.5588545989933568,0.3990663699234588,False,-1.8577376748604952,0.7400284768737818,0.07553845775732895,0.11438950920193508,0.03885105144460614,Low/Moderate,209,-0.022013291676906847,0.9472352069106444,False,-0.6739598274538561,0.6299332441000425,0.1923890554751385,0.22523547054100992,0.032846415065871416,High (Strong Signal)
210,210,Q2I,C(EDUCATION)[T.No_HS_diploma],-2.870375433896487,0.05920140924777989,False,-5.852221228169489,0.11147036037651503,0.07553845775732895,0.11438950920193508,0.03885105144460614,Low/Moderate,210,1.249267975680222,0.10278839558083314,False,-0.2515260223108322,2.7500619736712766,0.1923890554751385,0.22523547054100992,0.032846415065871416,High (Strong Signal)
211,211,Q2I,C(EDUCATION)[T.Some_college],0.34614251927774137,0.37470941082285925,False,-0.41812152317848056,1.1104065617339633,0.07553845775732895,0.11438950920193508,0.03885105144460614,Low/Moderate,211,0.33659906982927296,0.08676347148391558,False,-0.04858987776907242,0.7217880174276183,0.1923890554751385,0.22523547054100992,0.032846415065871416,High (Strong Signal)
212,212,Q2I,C(PARTYBEFORE)[T.Independent],0.7767687221488625,0.050306340860874,False,-0.001037379789988524,1.5545748240877135,0.07553845775732895,0.11438950920193508,0.03885105144460614,Low/Moderate,212,0.7479969346025989,0.00020532589325307312,True,0.3530884916889184,1.1429053775162794,0.1923890554751385,0.22523547054100992,0.032846415065871416,High (Strong Signal)
213,213,Q2I,C(PARTYBEFORE)[T.Republican],1.3707898368292752,0.002383875725401227,True,0.4863395265117325,2.255240147146818,0.07553845775732895,0.11438950920193508,0.03885105144460614,Low/Moderate,213,1.7763692940056435,6.9390849238023504e-15,True,1.3291813931662946,2.2235571948449926,0.1923890554751385,0.22523547054100992,0.032846415065871416,High (Strong Signal)
214,214,Q2I,C(GENDER)[T.Male],0.22541389687060664,0.5033397713396688,False,-0.43473852219431963,0.8855663159355329,0.07553845775732895,0.11438950920193508,0.03885105144460614,Low/Moderate,214,0.35023945983861626,0.03821482923341517,True,0.019024752672269385,0.6814541670049632,0.1923890554751385,0.22523547054100992,0.032846415065871416,High (Strong Signal)
215,215,Q2I,RACE_majority[T.True],1.2227849034922704,0.582465948123638,False,-3.1363894141143724,5.581959221098913,0.07553845775732895,0.11438950920193508,0.03885105144460614,Low/Moderate,215,0.13782056321992275,0.9009933212157117,False,-2.0334731386646414,2.309114265104487,0.1923890554751385,0.22523547054100992,0.032846415065871416,High (Strong Signal)
216,216,Q2I,AGEBRACKET_majority[T.True],0.389458316672056,0.28177752301063497,False,-0.31973015407266436,1.0986467874167762,0.07553845775732895,0.11438950920193508,0.03885105144460614,Low/Moderate,216,-0.41251523093845416,0.022856225083397942,True,-0.7677769266867283,-0.05725353519018006,0.1923890554751385,0.22523547054100992,0.032846415065871416,High (Strong Signal)
217,217,Q2I,EDUCATION_majority[T.True],-0.09329422910804629,0.8209506206373793,False,-0.9012269383084689,0.7146384800923763,0.07553845775732895,0.11438950920193508,0.03885105144460614,Low/Moderate,217,-0.1648948058959746,0.426074614506882,False,-0.5709470995846351,0.24115748779268587,0.1923890554751385,0.22523547054100992,0.032846415065871416,High (Strong Signal)
218,218,Q2I,PARTYBEFORE_majority[T.True],0.47048494668734836,0.19634077079419077,False,-0.24321459310615817,1.1841844864808548,0.07553845775732895,0.11438950920193508,0.03885105144460614,Low/Moderate,218,0.268391694110961,0.1482872946545736,False,-0.095495473706663,0.632278861928585,0.1923890554751385,0.22523547054100992,0.032846415065871416,High (Strong Signal)
219,219,Q2I,GENDER_majority[T.True],-0.08582722274054999,0.8015426442746578,False,-0.7550832653556536,0.5834288198745536,0.07553845775732895,0.11438950920193508,0.03885105144460614,Low/Moderate,219,0.032485191184515726,0.8497375860027274,False,-0.30358611889558346,0.36855650126461487,0.1923890554751385,0.22523547054100992,0.032846415065871416,High (Strong Signal)
220,220,Q2I,RACE_diversity,0.20143412563963675,0.37528821956407576,False,-0.24386094459576652,0.6467291958750401,0.07553845775732895,0.11438950920193508,0.03885105144460614,Low/Moderate,220,-0.17962798688032022,0.1132627492046808,False,-0.4019334182959093,0.04267744453526884,0.1923890554751385,0.22523547054100992,0.032846415065871416,High (Strong Signal)
221,221,Q2I,AGEBRACKET_diversity,0.012032471420033747,0.9539107613931591,False,-0.3960065741833598,0.42007151702342727,0.07553845775732895,0.11438950920193508,0.03885105144460614,Low/Moderate,221,0.1409587597938801,0.17457843107343318,False,-0.0625373103876386,0.3444548299753988,0.1923890554751385,0.22523547054100992,0.032846415065871416,High (Strong Signal)
222,222,Q2I,EDUCATION_diversity,-0.31629348290345916,0.16467746498233382,False,-0.7624388559905763,0.12985189018365795,0.07553845775732895,0.11438950920193508,0.03885105144460614,Low/Moderate,222,0.030228545813024414,0.790052799477514,False,-0.19230152003589854,0.25275861166194735,0.1923890554751385,0.22523547054100992,0.032846415065871416,High (Strong Signal)
223,223,Q2I,PARTYBEFORE_diversity,0.22132788696609096,0.29921385994128236,False,-0.19653747519518477,0.6391932491273666,0.07553845775732895,0.11438950920193508,0.03885105144460614,Low/Moderate,223,0.06091775594961113,0.5670067381469803,False,-0.14764788534666598,0.2694833972458882,0.1923890554751385,0.22523547054100992,0.032846415065871416,High (Strong Signal)
224,224,Q2I,GENDER_diversity,0.10690565329359122,0.6170925619170806,False,-0.31217761972336444,0.525988926310547,0.07553845775732895,0.11438950920193508,0.03885105144460614,Low/Moderate,224,0.002430670110604328,0.9818141996439336,False,-0.20656830008891539,0.21142964031012404,0.1923890554751385,0.22523547054100992,0.032846415065871416,High (Strong Signal)
225,225,Q3A,Intercept,-0.41204728900833465,0.5813529142159399,False,-1.8766533301807204,1.0525587521640511,0.05447888233494262,0.10880004337094244,0.054321161035999835,Low/Moderate,225,1.075744357738884,0.0005304731851372831,True,0.4672321553641151,1.6842565601136532,0.11168618801302384,0.17595280672816038,0.06426661871513653,High (Strong Signal)
226,226,Q3A,C(RACE)[T.Asian_non_Hispanic],0.8745614024816862,0.26105667809616784,False,-0.6505860847934436,2.399708889756816,0.05447888233494262,0.10880004337094244,0.054321161035999835,Low/Moderate,226,-0.3471772641235148,0.2750445231188391,False,-0.9705790178246319,0.27622448957760226,0.11168618801302384,0.17595280672816038,0.06426661871513653,High (Strong Signal)
227,227,Q3A,C(RACE)[T.Black_non_Hispanic],-0.03865155051914407,0.9545367125728582,False,-1.3674497453769192,1.2901466443386311,0.05447888233494262,0.10880004337094244,0.054321161035999835,Low/Moderate,227,-0.6377541889798636,0.021367779226677572,True,-1.1808858449124466,-0.09462253304728052,0.11168618801302384,0.17595280672816038,0.06426661871513653,High (Strong Signal)
228,228,Q3A,C(RACE)[T.Hispanic],0.42527545380130977,0.5474194796647607,False,-0.9601650059577072,1.8107159135603266,0.05447888233494262,0.10880004337094244,0.054321161035999835,Low/Moderate,228,-0.861675743297627,0.00287752267692525,True,-1.4283047521477092,-0.2950467344475448,0.11168618801302384,0.17595280672816038,0.06426661871513653,High (Strong Signal)
229,229,Q3A,C(RACE)[T.Other_non_Hispanic],-1.6419912259935439,0.22349630499218542,False,-4.28578226940059,1.0017998174135023,0.05447888233494262,0.10880004337094244,0.054321161035999835,Low/Moderate,229,-0.12527664247578318,0.8203563998087983,False,-1.2065280336907382,0.9559747487391719,0.11168618801302384,0.17595280672816038,0.06426661871513653,High (Strong Signal)
230,230,Q3A,C(RACE)[T.White_non_Hispanic],0.22151266939358963,0.9071739106797375,False,-3.501833489821124,3.9448588286083033,0.05447888233494262,0.10880004337094244,0.054321161035999835,Low/Moderate,230,-0.46300645207945634,0.5548137914042333,False,-1.9996370641538372,1.0736241599949246,0.11168618801302384,0.17595280672816038,0.06426661871513653,High (Strong Signal)
231,231,Q3A,C(AGEBRACKET)[T.30_44],0.1010017704392633,0.7947310531343108,False,-0.6598786653513299,0.8618822062298565,0.05447888233494262,0.10880004337094244,0.054321161035999835,Low/Moderate,231,-0.05276282489741888,0.7427798839087689,False,-0.3678796357591304,0.2623539859642926,0.11168618801302384,0.17595280672816038,0.06426661871513653,High (Strong Signal)
232,232,Q3A,C(AGEBRACKET)[T.45_59],0.19841744026441938,0.6079407245073959,False,-0.5596323722575696,0.9564672527864084,0.05447888233494262,0.10880004337094244,0.054321161035999835,Low/Moderate,232,0.08165328333025562,0.6066243638635335,False,-0.22916074896523636,0.3924673156257476,0.11168618801302384,0.17595280672816038,0.06426661871513653,High (Strong Signal)
233,233,Q3A,C(AGEBRACKET)[T.60plus],0.006725236697869796,0.9858089376577193,False,-0.734342522909735,0.7477929963054747,0.05447888233494262,0.10880004337094244,0.054321161035999835,Low/Moderate,233,0.15980586072303765,0.3010929318560379,False,-0.14308168351160266,0.46269340495767797,0.11168618801302384,0.17595280672816038,0.06426661871513653,High (Strong Signal)
234,234,Q3A,C(EDUCATION)[T.HS_graduate_or_equivalent],-0.042175610340266644,0.930922756168931,False,-0.9957858619160337,0.9114346412355004,0.05447888233494262,0.10880004337094244,0.054321161035999835,Low/Moderate,234,-0.04677779821634108,0.8155155370955064,False,-0.43973219349877185,0.34617659706608966,0.11168618801302384,0.17595280672816038,0.06426661871513653,High (Strong Signal)
235,235,Q3A,C(EDUCATION)[T.No_HS_diploma],1.565694234751939,0.20535593506078964,False,-0.8574024732490595,3.9887909427529373,0.05447888233494262,0.10880004337094244,0.054321161035999835,Low/Moderate,235,-0.33508528470608334,0.5090768642532819,False,-1.3297531205582827,0.659582551146116,0.11168618801302384,0.17595280672816038,0.06426661871513653,High (Strong Signal)
236,236,Q3A,C(EDUCATION)[T.Some_college],-0.40098345213044334,0.15081826946843138,False,-0.9480301686621744,0.14606326440128764,0.05447888233494262,0.10880004337094244,0.054321161035999835,Low/Moderate,236,0.3082155164047766,0.007229780385084927,True,0.08331774020144603,0.5331132926081072,0.11168618801302384,0.17595280672816038,0.06426661871513653,High (Strong Signal)
237,237,Q3A,C(PARTYBEFORE)[T.Independent],-0.05935753280793662,0.8331081887950473,False,-0.6114662066383761,0.4927511410225029,0.05447888233494262,0.10880004337094244,0.054321161035999835,Low/Moderate,237,0.07111559470308637,0.5406315752685864,False,-0.15668882621389854,0.2989200156200713,0.11168618801302384,0.17595280672816038,0.06426661871513653,High (Strong Signal)
238,238,Q3A,C(PARTYBEFORE)[T.Republican],0.7413849345014688,0.020463618961854325,True,0.11444245935137143,1.3683274096515663,0.05447888233494262,0.10880004337094244,0.054321161035999835,Low/Moderate,238,0.48353657189453203,0.00021484842999603906,True,0.2274588652225743,0.7396142785664898,0.11168618801302384,0.17595280672816038,0.06426661871513653,High (Strong Signal)
239,239,Q3A,C(GENDER)[T.Male],-0.030900340604427135,0.8960485262457802,False,-0.4944396400582327,0.4326389588493784,0.05447888233494262,0.10880004337094244,0.054321161035999835,Low/Moderate,239,-0.12597491188517085,0.19520355219993157,False,-0.3165863453163945,0.06463652154605279,0.11168618801302384,0.17595280672816038,0.06426661871513653,High (Strong Signal)
240,240,Q3A,RACE_majority[T.True],0.1510642159058879,0.9336615148348313,False,-3.4059280152230422,3.7080564470348176,0.05447888233494262,0.10880004337094244,0.054321161035999835,Low/Moderate,240,-0.41522062632252255,0.5801466358066061,False,-1.8864079188454865,1.0559666662004417,0.11168618801302384,0.17595280672816038,0.06426661871513653,High (Strong Signal)
241,241,Q3A,AGEBRACKET_majority[T.True],0.17427548167289036,0.49396687038287546,False,-0.325091634294678,0.6736425976404588,0.05447888233494262,0.10880004337094244,0.054321161035999835,Low/Moderate,241,-0.14299639326429225,0.1818338495007813,False,-0.3529143870443251,0.06692160051574061,0.11168618801302384,0.17595280672816038,0.06426661871513653,High (Strong Signal)
242,242,Q3A,EDUCATION_majority[T.True],-0.793106762496002,0.00714051666704261,True,-1.3709261727693356,-0.21528735222266826,0.05447888233494262,0.10880004337094244,0.054321161035999835,Low/Moderate,242,0.09409316634135542,0.4513323248316182,False,-0.15075583903453005,0.3389421717172409,0.11168618801302384,0.17595280672816038,0.06426661871513653,High (Strong Signal)
243,243,Q3A,PARTYBEFORE_majority[T.True],0.2511996344138573,0.33107636942542984,False,-0.25535234811124863,0.7577516169389632,0.05447888233494262,0.10880004337094244,0.054321161035999835,Low/Moderate,243,-0.031184740726435088,0.7703427690639754,False,-0.24055577875379347,0.17818629730092328,0.11168618801302384,0.17595280672816038,0.06426661871513653,High (Strong Signal)
244,244,Q3A,GENDER_majority[T.True],0.351102587574029,0.1439358998636325,False,-0.11981589720038949,0.8220210723484476,0.05447888233494262,0.10880004337094244,0.054321161035999835,Low/Moderate,244,0.013258187984831585,0.8930352411023724,False,-0.17999401759034933,0.2065103935600125,0.11168618801302384,0.17595280672816038,0.06426661871513653,High (Strong Signal)
245,245,Q3A,RACE_diversity,-0.08581164425724115,0.6078049292857629,False,-0.41352927521878163,0.24190598670429936,0.05447888233494262,0.10880004337094244,0.054321161035999835,Low/Moderate,245,-0.07565209272107778,0.29221440705250545,False,-0.21642748669871972,0.06512330125656415,0.11168618801302384,0.17595280672816038,0.06426661871513653,High (Strong Signal)
246,246,Q3A,AGEBRACKET_diversity,0.13448597848379806,0.3900668034663518,False,-0.1721909649414513,0.44116292190904743,0.05447888233494262,0.10880004337094244,0.054321161035999835,Low/Moderate,246,-0.052090903251721506,0.4373975731877462,False,-0.18355743905718602,0.07937563255374303,0.11168618801302384,0.17595280672816038,0.06426661871513653,High (Strong Signal)
247,247,Q3A,EDUCATION_diversity,0.18095824035526534,0.27490681718148635,False,-0.14388251810315936,0.5057989988136901,0.05447888233494262,0.10880004337094244,0.054321161035999835,Low/Moderate,247,-0.04792347571807303,0.5017237529411707,False,-0.1877434826065708,0.09189653117042473,0.11168618801302384,0.17595280672816038,0.06426661871513653,High (Strong Signal)
248,248,Q3A,PARTYBEFORE_diversity,0.10419563612783578,0.5209173794139345,False,-0.21393730556849333,0.4223285778241649,0.05447888233494262,0.10880004337094244,0.054321161035999835,Low/Moderate,248,-0.05542355835092452,0.425444106975879,False,-0.19171785354182766,0.08087073683997861,0.11168618801302384,0.17595280672816038,0.06426661871513653,High (Strong Signal)
249,249,Q3A,GENDER_diversity,-0.08088098275458787,0.6074539364901714,False,-0.38946646888006026,0.2277045033708845,0.05447888233494262,0.10880004337094244,0.054321161035999835,Low/Moderate,249,-0.06417003052582736,0.3431586447291217,False,-0.19684783239670195,0.06850777134504725,0.11168618801302384,0.17595280672816038,0.06426661871513653,High (Strong Signal)
250,250,Q3B,Intercept,-0.006833352847187863,0.9929041977316138,False,-1.5127979736977517,1.4991312680033761,0.07153182991411033,0.07153183014634894,2.3223859950693688e-10,Low/Moderate,250,0.09266062242321718,0.7714918450558851,False,-0.5326714779500556,0.71799272279649,0.092664217981412,0.09270012789003344,3.5909908621449115e-05,Low/Moderate
251,251,Q3B,C(RACE)[T.Asian_non_Hispanic],-0.48949135732773935,0.5588356334833978,False,-2.1306675693972865,1.1516848547418077,0.07153182991411033,0.07153183014634894,2.3223859950693688e-10,Low/Moderate,251,0.5031767955222937,0.13553736989423057,False,-0.157547383925971,1.1639009749705584,0.092664217981412,0.09270012789003344,3.5909908621449115e-05,Low/Moderate
252,252,Q3B,C(RACE)[T.Black_non_Hispanic],0.14309340591894695,0.8392031184486838,False,-1.2390658096552878,1.5252526214931819,0.07153182991411033,0.07153183014634894,2.3223859950693688e-10,Low/Moderate,252,0.3394439856748643,0.24666286446677044,False,-0.23483477760724553,0.9137227489569741,0.092664217981412,0.09270012789003344,3.5909908621449115e-05,Low/Moderate
253,253,Q3B,C(RACE)[T.Hispanic],0.5738406470804853,0.4333463926524225,False,-0.8616901748168899,2.009371468977861,0.07153182991411033,0.07153183014634894,2.3223859950693688e-10,Low/Moderate,253,0.6795013091038131,0.02490994531942355,True,0.08568990462785053,1.2733127135797757,0.092664217981412,0.09270012789003344,3.5909908621449115e-05,Low/Moderate
254,254,Q3B,C(RACE)[T.Other_non_Hispanic],-0.5339304825421919,0.7065537268085634,False,-3.313522367490112,2.2456614024057284,0.07153182991411033,0.07153183014634894,2.3223859950693688e-10,Low/Moderate,254,-0.27048971503926694,0.6478926101604541,False,-1.4313385399333867,0.8903591098548529,0.092664217981412,0.09270012789003344,3.5909908621449115e-05,Low/Moderate
255,255,Q3B,C(RACE)[T.White_non_Hispanic],-2.271823567548027,0.20923465591640777,False,-5.817884831142757,1.2742376960467023,0.07153182991411033,0.07153183014634894,2.3223859950693688e-10,Low/Moderate,255,0.21051631018212377,0.7638909443110318,False,-1.163113486374735,1.5841461067389824,0.092664217981412,0.09270012789003344,3.5909908621449115e-05,Low/Moderate
256,256,Q3B,C(AGEBRACKET)[T.30_44],-0.0370329335534723,0.9267582827992775,False,-0.8266316969505951,0.7525658298436506,0.07153182991411033,0.07153183014634894,2.3223859950693688e-10,Low/Moderate,256,0.3401448548064626,0.04326510661064652,True,0.010295794700097116,0.6699939149128281,0.092664217981412,0.09270012789003344,3.5909908621449115e-05,Low/Moderate
257,257,Q3B,C(AGEBRACKET)[T.45_59],-0.28003243983858367,0.47731467922665893,False,-1.0523821951652161,0.49231731548804886,0.07153182991411033,0.07153183014634894,2.3223859950693688e-10,Low/Moderate,257,0.4842533236916694,0.003311420893444326,True,0.16112093734746685,0.8073857100358719,0.092664217981412,0.09270012789003344,3.5909908621449115e-05,Low/Moderate
258,258,Q3B,C(AGEBRACKET)[T.60plus],-0.5025205769743004,0.20630216764031128,False,-1.281855111226061,0.27681395727746017,0.07153182991411033,0.07153183014634894,2.3223859950693688e-10,Low/Moderate,258,0.25998511506355987,0.11284676990456227,False,-0.06139801842545389,0.5813682485525736,0.092664217981412,0.09270012789003344,3.5909908621449115e-05,Low/Moderate
259,259,Q3B,C(EDUCATION)[T.HS_graduate_or_equivalent],0.9238479793516435,0.06734945911690121,False,-0.06597012563196247,1.9136660843352495,0.07153182991411033,0.07153183014634894,2.3223859950693688e-10,Low/Moderate,259,-0.15739974762217304,0.45794713516891683,False,-0.5730353949389394,0.25823589969459326,0.092664217981412,0.09270012789003344,3.5909908621449115e-05,Low/Moderate
260,260,Q3B,C(EDUCATION)[T.No_HS_diploma],0.9360538047092161,0.426315199528007,False,-1.3701711515259416,3.2422787609443735,0.07153182991411033,0.07153183014634894,2.3223859950693688e-10,Low/Moderate,260,-0.3323999290953776,0.4989534443812601,False,-1.2959495522149078,0.6311496940241528,0.092664217981412,0.09270012789003344,3.5909908621449115e-05,Low/Moderate
261,261,Q3B,C(EDUCATION)[T.Some_college],-0.49532953280814024,0.09907866542021385,False,-1.0839467734986805,0.0932877078824001,0.07153182991411033,0.07153183014634894,2.3223859950693688e-10,Low/Moderate,261,0.007102354823904501,0.9535059164263666,False,-0.2316495372512304,0.2458542468990394,0.092664217981412,0.09270012789003344,3.5909908621449115e-05,Low/Moderate
262,262,Q3B,C(PARTYBEFORE)[T.Independent],-0.1849814685833068,0.5343482778532205,False,-0.7684502294116748,0.3984872922450613,0.07153182991411033,0.07153183014634894,2.3223859950693688e-10,Low/Moderate,262,0.0048966295506430455,0.9686553676807331,False,-0.23933981500181425,0.24913307410310034,0.092664217981412,0.09270012789003344,3.5909908621449115e-05,Low/Moderate
263,263,Q3B,C(PARTYBEFORE)[T.Republican],0.7151795385505157,0.032646877211081345,True,0.05906337761478697,1.3712956994862444,0.07153182991411033,0.07153183014634894,2.3223859950693688e-10,Low/Moderate,263,0.12697309592805503,0.3617820667467332,False,-0.1459102537326066,0.3998564455887167,0.092664217981412,0.09270012789003344,3.5909908621449115e-05,Low/Moderate
264,264,Q3B,C(GENDER)[T.Male],0.11563324520080753,0.649276666360872,False,-0.38272493044700934,0.6139914208486243,0.07153182991411033,0.07153183014634894,2.3223859950693688e-10,Low/Moderate,264,0.02875187725696145,0.7822424315626908,False,-0.17513040204047794,0.23263415655440087,0.092664217981412,0.09270012789003344,3.5909908621449115e-05,Low/Moderate
265,265,Q3B,RACE_majority[T.True],2.5700476182633065,0.12694047616103912,False,-0.7302676121773022,5.870362848703915,0.07153182991411033,0.07153183014634894,2.3223859950693688e-10,Low/Moderate,265,-0.2635249360272807,0.6916541545212865,False,-1.5658061555391407,1.0387562834845794,0.092664217981412,0.09270012789003344,3.5909908621449115e-05,Low/Moderate
266,266,Q3B,AGEBRACKET_majority[T.True],0.1988633567540712,0.45451753738779754,False,-0.32227914486758324,0.7200058583757256,0.07153182991411033,0.07153183014634894,2.3223859950693688e-10,Low/Moderate,266,-0.019951036953604822,0.8565594278475254,False,-0.2362835733723965,0.19638149946518688,0.092664217981412,0.09270012789003344,3.5909908621449115e-05,Low/Moderate
267,267,Q3B,EDUCATION_majority[T.True],-0.2823943006191497,0.35356415066944336,False,-0.8790136193958794,0.31422501815757997,0.07153182991411033,0.07153183014634894,2.3223859950693688e-10,Low/Moderate,267,-0.18581816471891807,0.14358885072336677,False,-0.434832121248645,0.0631957918108089,0.092664217981412,0.09270012789003344,3.5909908621449115e-05,Low/Moderate
268,268,Q3B,PARTYBEFORE_majority[T.True],0.05044036771410632,0.8492362170664929,False,-0.4696275923654155,0.5705083277936281,0.07153182991411033,0.07153183014634894,2.3223859950693688e-10,Low/Moderate,268,-0.09758989872437582,0.38138039187330264,False,-0.3160984263294182,0.1209186288806666,0.092664217981412,0.09270012789003344,3.5909908621449115e-05,Low/Moderate
269,269,Q3B,GENDER_majority[T.True],0.3635888150983786,0.1555183959964016,False,-0.13814856043929735,0.8653261906360545,0.07153182991411033,0.07153183014634894,2.3223859950693688e-10,Low/Moderate,269,0.025520054957988376,0.8076453038067943,False,-0.1799239199202385,0.23096402983621525,0.092664217981412,0.09270012789003344,3.5909908621449115e-05,Low/Moderate
270,270,Q3B,RACE_diversity,-0.08280591438093504,0.5557885829710223,False,-0.3583012558128308,0.1926894270509607,0.07153182991411033,0.07153183014634894,2.3223859950693688e-10,Low/Moderate,270,-0.07537711702764387,0.19930700202015916,False,-0.19047891760155755,0.039724683546269804,0.092664217981412,0.09270012789003344,3.5909908621449115e-05,Low/Moderate
271,271,Q3B,AGEBRACKET_diversity,0.305661943204404,0.019205320892250702,True,0.049808471121158104,0.5615154152876498,0.07153182991411033,0.07153183014634894,2.3223859950693688e-10,Low/Moderate,271,0.039344583182541824,0.47075447274023663,False,-0.06757222834419077,0.1462613947092744,0.092664217981412,0.09270012789003344,3.5909908621449115e-05,Low/Moderate
272,272,Q3B,EDUCATION_diversity,0.2081075335584255,0.13410437125747632,False,-0.06415748971925742,0.48037255683610847,0.07153182991411033,0.07153183014634894,2.3223859950693688e-10,Low/Moderate,272,0.10955984394529672,0.056977052437184185,False,-0.0032506817274542826,0.22237036961804774,0.092664217981412,0.09270012789003344,3.5909908621449115e-05,Low/Moderate
273,273,Q3B,PARTYBEFORE_diversity,0.2455920393824782,0.07692815666084517,False,-0.026543317363095453,0.5177273961280519,0.07153182991411033,0.07153183014634894,2.3223859950693688e-10,Low/Moderate,273,0.061015244924552424,0.2899052500493121,False,-0.05198140026138557,0.17401189011049042,0.092664217981412,0.09270012789003344,3.5909908621449115e-05,Low/Moderate
274,274,Q3B,GENDER_diversity,-0.11835981875809794,0.3734199987150416,False,-0.3789875808641226,0.14226794334792675,0.07153182991411033,0.07153183014634894,2.3223859950693688e-10,Low/Moderate,274,-0.022204125656755797,0.6885943760474895,False,-0.13079511402426044,0.08638686271074884,0.092664217981412,0.09270012789003344,3.5909908621449115e-05,Low/Moderate
275,275,Q3C,Intercept,-1.2214482231931898,0.14285236802599843,False,-2.8552939167380407,0.41239747035166086,0.04479065629767957,0.09864544209705767,0.05385478579937811,Low/Moderate,275,-0.039063556629769,0.9141941551456263,False,-0.7496278036176834,0.6715006903581454,0.06650513899827148,0.0665051479942764,8.996004910082635e-09,Low/Moderate
276,276,Q3C,C(RACE)[T.Asian_non_Hispanic],0.9603342225602208,0.2647569655043507,False,-0.7274257460513339,2.6480941911717757,0.04479065629767957,0.09864544209705767,0.05385478579937811,Low/Moderate,276,-0.04298539952392803,0.9092802831474015,False,-0.7823666778085927,0.6963958787607367,0.06650513899827148,0.0665051479942764,8.996004910082635e-09,Low/Moderate
277,277,Q3C,C(RACE)[T.Black_non_Hispanic],1.5352813889192967,0.0411118721160376,True,0.061967511379734,3.008595266458859,0.04479065629767957,0.09864544209705767,0.05385478579937811,Low/Moderate,277,0.004145301285120513,0.9899598445225463,False,-0.6414975601592372,0.6497881627294781,0.06650513899827148,0.0665051479942764,8.996004910082635e-09,Low/Moderate
278,278,Q3C,C(RACE)[T.Hispanic],1.2718578513306251,0.0999944350245726,False,-0.24362939574625742,2.7873450984075077,0.04479065629767957,0.09864544209705767,0.05385478579937811,Low/Moderate,278,0.1418192412833618,0.6776249745059961,False,-0.5268274577895069,0.8104659403562304,0.06650513899827148,0.0665051479942764,8.996004910082635e-09,Low/Moderate
279,279,Q3C,C(RACE)[T.Other_non_Hispanic],1.0100961040737197,0.5169054291975685,False,-2.044497124791174,4.064689332938613,0.04479065629767957,0.09864544209705767,0.05385478579937811,Low/Moderate,279,-0.05144726734422831,0.9397778672931705,False,-1.3861401844813288,1.2832456497928721,0.06650513899827148,0.0665051479942764,8.996004910082635e-09,Low/Moderate
280,280,Q3C,C(RACE)[T.White_non_Hispanic],4.558762618074296,0.015353355494178282,True,0.872603236198676,8.244921999949916,0.04479065629767957,0.09864544209705767,0.05385478579937811,Low/Moderate,280,0.8641649998679902,0.2845907408419964,False,-0.7186684720423294,2.44699847177831,0.06650513899827148,0.0665051479942764,8.996004910082635e-09,Low/Moderate
281,281,Q3C,C(AGEBRACKET)[T.30_44],-0.7028420627357096,0.10142233838358154,False,-1.5438357919748498,0.13815166650343058,0.04479065629767957,0.09864544209705767,0.05385478579937811,Low/Moderate,281,0.15539736878033386,0.4108989678629983,False,-0.2149888084008261,0.5257835459614938,0.06650513899827148,0.0665051479942764,8.996004910082635e-09,Low/Moderate
282,282,Q3C,C(AGEBRACKET)[T.45_59],-0.2751599063098197,0.5246482236727894,False,-1.1228592203803647,0.5725394077607254,0.04479065629767957,0.09864544209705767,0.05385478579937811,Low/Moderate,282,0.14629049743936987,0.4382891791067499,False,-0.22363531245309734,0.5162163073318371,0.06650513899827148,0.0665051479942764,8.996004910082635e-09,Low/Moderate
283,283,Q3C,C(AGEBRACKET)[T.60plus],-0.2596064495009425,0.5514755193235066,False,-1.1139743792738759,0.5947614802719909,0.04479065629767957,0.09864544209705767,0.05385478579937811,Low/Moderate,283,0.07087694347857287,0.7078681693576867,False,-0.29984248403118674,0.4415963709883325,0.06650513899827148,0.0665051479942764,8.996004910082635e-09,Low/Moderate
284,284,Q3C,C(EDUCATION)[T.HS_graduate_or_equivalent],0.5575085481142154,0.29653434216588315,False,-0.4892418561912285,1.6042589524196593,0.04479065629767957,0.09864544209705767,0.05385478579937811,Low/Moderate,284,0.30423147625548413,0.19450971972888753,False,-0.15538336083624948,0.7638463133472178,0.06650513899827148,0.0665051479942764,8.996004910082635e-09,Low/Moderate
285,285,Q3C,C(EDUCATION)[T.No_HS_diploma],0.4695869385650583,0.6759918629570607,False,-1.7325859292646726,2.671759806394789,0.04479065629767957,0.09864544209705767,0.05385478579937811,Low/Moderate,285,-0.5147046548714642,0.29558907996875927,False,-1.4791990874668235,0.44978977772389517,0.06650513899827148,0.0665051479942764,8.996004910082635e-09,Low/Moderate
286,286,Q3C,C(EDUCATION)[T.Some_college],-0.3028629821582524,0.3371281184914231,False,-0.921290183123374,0.3155642188068691,0.04479065629767957,0.09864544209705767,0.05385478579937811,Low/Moderate,286,0.19193242213964035,0.15961389222424627,False,-0.07555073090156261,0.4594155751808433,0.06650513899827148,0.0665051479942764,8.996004910082635e-09,Low/Moderate
287,287,Q3C,C(PARTYBEFORE)[T.Independent],0.04859654895632994,0.8821932261781373,False,-0.5941446189079947,0.6913377168206546,0.04479065629767957,0.09864544209705767,0.05385478579937811,Low/Moderate,287,0.2620631566773912,0.06280087976357164,False,-0.013995496184361467,0.5381218095391439,0.06650513899827148,0.0665051479942764,8.996004910082635e-09,Low/Moderate
288,288,Q3C,C(PARTYBEFORE)[T.Republican],0.7806257262737061,0.03128397727440863,True,0.07013596826416812,1.491115484283244,0.04479065629767957,0.09864544209705767,0.05385478579937811,Low/Moderate,288,0.6255306514978927,0.0001007748633984323,True,0.31025519380415423,0.9408061091916311,0.06650513899827148,0.0665051479942764,8.996004910082635e-09,Low/Moderate
289,289,Q3C,C(GENDER)[T.Male],0.041901666209543935,0.8769592075610914,False,-0.4885404896231035,0.5723438220421914,0.04479065629767957,0.09864544209705767,0.05385478579937811,Low/Moderate,289,-0.031648441944872825,0.7886671064521308,False,-0.26306680709275027,0.19976992320300463,0.06650513899827148,0.0665051479942764,8.996004910082635e-09,Low/Moderate
290,290,Q3C,RACE_majority[T.True],-3.4387443056019995,0.05150190076572094,False,-6.899898300558841,0.02240968935484222,0.04479065629767957,0.09864544209705767,0.05385478579937811,Low/Moderate,290,-0.7683225807275348,0.3142664201486258,False,-2.2647644591445037,0.7281192976894341,0.06650513899827148,0.0665051479942764,8.996004910082635e-09,Low/Moderate
291,291,Q3C,AGEBRACKET_majority[T.True],0.4481701335069747,0.12656351953466655,False,-0.12677447312603435,1.0231147401399838,0.04479065629767957,0.09864544209705767,0.05385478579937811,Low/Moderate,291,-0.09628369781376969,0.44581456084351645,False,-0.3438043978157609,0.15123700218822148,0.06650513899827148,0.0665051479942764,8.996004910082635e-09,Low/Moderate
292,292,Q3C,EDUCATION_majority[T.True],0.2068434370570048,0.5527895934855036,False,-0.47613467377943997,0.8898215478934496,0.04479065629767957,0.09864544209705767,0.05385478579937811,Low/Moderate,292,-0.04248665115749785,0.7682412521858896,False,-0.32507584025904107,0.2401025379440454,0.06650513899827148,0.0665051479942764,8.996004910082635e-09,Low/Moderate
293,293,Q3C,PARTYBEFORE_majority[T.True],0.2698400001739255,0.3841886096019834,False,-0.33792131226544675,0.8776013126132978,0.04479065629767957,0.09864544209705767,0.05385478579937811,Low/Moderate,293,0.19593820156890226,0.12227281013354942,False,-0.052577224344440676,0.4444536274822452,0.06650513899827148,0.0665051479942764,8.996004910082635e-09,Low/Moderate
294,294,Q3C,GENDER_majority[T.True],-0.05599451071140618,0.8372007803071538,False,-0.5901084157802584,0.4781193943574461,0.04479065629767957,0.09864544209705767,0.05385478579937811,Low/Moderate,294,-0.0593928181074448,0.6196728833096146,False,-0.2939374453057728,0.17515180909088318,0.06650513899827148,0.0665051479942764,8.996004910082635e-09,Low/Moderate
295,295,Q3C,RACE_diversity,0.025109499731625445,0.8957142703857696,False,-0.3503465738606734,0.40056557332392434,0.04479065629767957,0.09864544209705767,0.05385478579937811,Low/Moderate,295,-0.0786306354223011,0.24258589118956975,False,-0.21051503111432446,0.05325376026972227,0.06650513899827148,0.0665051479942764,8.996004910082635e-09,Low/Moderate
296,296,Q3C,AGEBRACKET_diversity,-0.11737075604623874,0.5071152270101991,False,-0.46416690324080795,0.22942539114833044,0.04479065629767957,0.09864544209705767,0.05385478579937811,Low/Moderate,296,0.008965935184938843,0.8854744843897191,False,-0.11304028127684818,0.13097215164672588,0.06650513899827148,0.0665051479942764,8.996004910082635e-09,Low/Moderate
297,297,Q3C,EDUCATION_diversity,-0.02134491537408426,0.9102552129597054,False,-0.39249923179079116,0.3498094010426226,0.04479065629767957,0.09864544209705767,0.05385478579937811,Low/Moderate,297,-0.02802036725153604,0.6707147285329134,False,-0.15719048955745688,0.10114975505438481,0.06650513899827148,0.0665051479942764,8.996004910082635e-09,Low/Moderate
298,298,Q3C,PARTYBEFORE_diversity,-0.10208807887390747,0.570396873277548,False,-0.45468818207282463,0.2505120243250097,0.04479065629767957,0.09864544209705767,0.05385478579937811,Low/Moderate,298,-0.03602783661881637,0.5649535329407769,False,-0.1587269232052217,0.08667124996758896,0.06650513899827148,0.0665051479942764,8.996004910082635e-09,Low/Moderate
299,299,Q3C,GENDER_diversity,-0.03750031046087358,0.8362064290593578,False,-0.39300144652382163,0.31800082560207443,0.04479065629767957,0.09864544209705767,0.05385478579937811,Low/Moderate,299,0.02091681372710042,0.7377661300179206,False,-0.10152824600816895,0.1433618734623698,0.06650513899827148,0.0665051479942764,8.996004910082635e-09,Low/Moderate
300,300,Q3D,Intercept,-0.5301647438944712,0.509611829155323,False,-2.1058960977217804,1.0455666099328378,0.062385312349019624,0.11758865415110638,0.055203341802086754,Low/Moderate,300,0.22269472275664154,0.481017833324904,False,-0.3967098688805098,0.8420993143937929,0.15197373471076336,0.1519743957436114,6.610328480327443e-07,High (Strong Signal)
301,301,Q3D,C(RACE)[T.Asian_non_Hispanic],1.0394830622034477,0.21897704412277996,False,-0.6179053865385788,2.696871510945474,0.062385312349019624,0.11758865415110638,0.055203341802086754,Low/Moderate,301,1.4952691503694637,7.133846874644156e-06,True,0.8425077723832217,2.1480305283557057,0.15197373471076336,0.1519743957436114,6.610328480327443e-07,High (Strong Signal)
302,302,Q3D,C(RACE)[T.Black_non_Hispanic],1.0439004187335175,0.14824104601630628,False,-0.37126507005069675,2.459065907517732,0.062385312349019624,0.11758865415110638,0.055203341802086754,Low/Moderate,302,0.4489587240421139,0.11668663586491121,False,-0.11193105697931338,1.009848505063541,0.15197373471076336,0.1519743957436114,6.610328480327443e-07,High (Strong Signal)
303,303,Q3D,C(RACE)[T.Hispanic],1.039102374484971,0.16598509477200696,False,-0.43113534264713627,2.5093400916170783,0.062385312349019624,0.11758865415110638,0.055203341802086754,Low/Moderate,303,0.6844732039354001,0.020208152942727816,True,0.10683460556877622,1.262111802302024,0.15197373471076336,0.1519743957436114,6.610328480327443e-07,High (Strong Signal)
304,304,Q3D,C(RACE)[T.Other_non_Hispanic],-0.4907271847492843,0.7376158773845094,False,-3.3616900516599597,2.380235682161391,0.062385312349019624,0.11758865415110638,0.055203341802086754,Low/Moderate,304,1.826287801922257,0.0016756870667627123,True,0.6872037103359798,2.965371893508534,0.15197373471076336,0.1519743957436114,6.610328480327443e-07,High (Strong Signal)
305,305,Q3D,C(RACE)[T.White_non_Hispanic],0.33644425445414305,0.8549715093533534,False,-3.271295157884662,3.9441836667929477,0.062385312349019624,0.11758865415110638,0.055203341802086754,Low/Moderate,305,1.066100315978902,0.12206620132010179,False,-0.28532497970367077,2.4175256116614747,0.15197373471076336,0.1519743957436114,6.610328480327443e-07,High (Strong Signal)
306,306,Q3D,C(AGEBRACKET)[T.30_44],-0.1973643116216398,0.6394613260160876,False,-1.0231199273238338,0.6283913040805542,0.062385312349019624,0.11758865415110638,0.055203341802086754,Low/Moderate,306,-0.32797477986076734,0.048598914556620514,True,-0.6539322972187187,-0.002017262502815975,0.15197373471076336,0.1519743957436114,6.610328480327443e-07,High (Strong Signal)
307,307,Q3D,C(AGEBRACKET)[T.45_59],-0.8246550458821662,0.04865484417680523,True,-1.6444415191032657,-0.004868572661066661,0.062385312349019624,0.11758865415110638,0.055203341802086754,Low/Moderate,307,-0.3407439590557171,0.039809609832492314,True,-0.6656161273920149,-0.015871790719419243,0.15197373471076336,0.1519743957436114,6.610328480327443e-07,High (Strong Signal)
308,308,Q3D,C(AGEBRACKET)[T.60plus],-0.37778999402027275,0.35660182841278243,False,-1.181008622219731,0.42542863417918536,0.062385312349019624,0.11758865415110638,0.055203341802086754,Low/Moderate,308,-0.30840291459179225,0.05698573800528088,False,-0.6259673741195276,0.009161544935943122,0.15197373471076336,0.1519743957436114,6.610328480327443e-07,High (Strong Signal)
309,309,Q3D,C(EDUCATION)[T.HS_graduate_or_equivalent],0.643480918383602,0.20424603096390315,False,-0.34994382552371595,1.63690566229092,0.062385312349019624,0.11758865415110638,0.055203341802086754,Low/Moderate,309,0.4071590479590149,0.042680891093546315,True,0.013430287164413357,0.8008878087536164,0.15197373471076336,0.1519743957436114,6.610328480327443e-07,High (Strong Signal)
310,310,Q3D,C(EDUCATION)[T.No_HS_diploma],1.183425681639786,0.29849212404334613,False,-1.0475383195022496,3.414389682781821,0.062385312349019624,0.11758865415110638,0.055203341802086754,Low/Moderate,310,0.34208994747443794,0.446017929806261,False,-0.5377288863985947,1.2219087813474707,0.15197373471076336,0.1519743957436114,6.610328480327443e-07,High (Strong Signal)
311,311,Q3D,C(EDUCATION)[T.Some_college],-0.038469614762465514,0.8987097409186933,False,-0.6308037402823736,0.5538645107574427,0.062385312349019624,0.11758865415110638,0.055203341802086754,Low/Moderate,311,0.2709400771534081,0.021092493812725648,True,0.040689417214143625,0.5011907370926726,0.15197373471076336,0.1519743957436114,6.610328480327443e-07,High (Strong Signal)
312,312,Q3D,C(PARTYBEFORE)[T.Independent],-0.3963835637043145,0.19899836395506532,False,-1.0012505545061599,0.20848342709753076,0.062385312349019624,0.11758865415110638,0.055203341802086754,Low/Moderate,312,0.06590046185077794,0.5887978869526795,False,-0.17303328038494606,0.30483420408650197,0.15197373471076336,0.1519743957436114,6.610328480327443e-07,High (Strong Signal)
313,313,Q3D,C(PARTYBEFORE)[T.Republican],-0.6157626817523902,0.08413810642595863,False,-1.3145221856330507,0.0829968221282702,0.062385312349019624,0.11758865415110638,0.055203341802086754,Low/Moderate,313,-0.20291279571563878,0.14848308165938276,False,-0.4781560204883244,0.07233042905704687,0.15197373471076336,0.1519743957436114,6.610328480327443e-07,High (Strong Signal)
314,314,Q3D,C(GENDER)[T.Male],0.17455410165508983,0.49707846521689714,False,-0.3292345945320378,0.6783427978422174,0.062385312349019624,0.11758865415110638,0.055203341802086754,Low/Moderate,314,0.026097417651981984,0.7977297848098894,False,-0.17348407070137206,0.22567890600533602,0.15197373471076336,0.1519743957436114,6.610328480327443e-07,High (Strong Signal)
315,315,Q3D,RACE_majority[T.True],0.7467472422239285,0.6670062092388791,False,-2.654908137554448,4.148402622002305,0.062385312349019624,0.11758865415110638,0.055203341802086754,Low/Moderate,315,-0.6981424335346965,0.2834336570544743,False,-1.9738144482723405,0.5775295812029476,0.15197373471076336,0.1519743957436114,6.610328480327443e-07,High (Strong Signal)
316,316,Q3D,AGEBRACKET_majority[T.True],0.0026568300822078774,0.9924188033067357,False,-0.5453773341301774,0.5506909942945931,0.062385312349019624,0.11758865415110638,0.055203341802086754,Low/Moderate,316,0.04091076927162786,0.709224625991161,False,-0.17411776674212454,0.2559393052853803,0.15197373471076336,0.1519743957436114,6.610328480327443e-07,High (Strong Signal)
317,317,Q3D,EDUCATION_majority[T.True],-0.26833023676693235,0.40121820032678823,False,-0.8948346430606189,0.3581741695267542,0.062385312349019624,0.11758865415110638,0.055203341802086754,Low/Moderate,317,-0.05913879626205601,0.6360312992461595,False,-0.3040594485355661,0.1857818560114541,0.15197373471076336,0.1519743957436114,6.610328480327443e-07,High (Strong Signal)
318,318,Q3D,PARTYBEFORE_majority[T.True],0.2270812362854662,0.42925988650034197,False,-0.33597284892114954,0.7901353214920819,0.062385312349019624,0.11758865415110638,0.055203341802086754,Low/Moderate,318,0.11142920969173999,0.3197840730551854,False,-0.10808718725245696,0.3309456066359369,0.15197373471076336,0.1519743957436114,6.610328480327443e-07,High (Strong Signal)
319,319,Q3D,GENDER_majority[T.True],0.1573445830005837,0.548765725266634,False,-0.3569719963592928,0.6716611623604603,0.062385312349019624,0.11758865415110638,0.055203341802086754,Low/Moderate,319,-0.14914416981876968,0.15080862149324786,False,-0.3526111722898071,0.05432283265226773,0.15197373471076336,0.1519743957436114,6.610328480327443e-07,High (Strong Signal)
320,320,Q3D,RACE_diversity,0.3126943193693944,0.09327081897174493,False,-0.0524587659037265,0.6778474046425154,0.062385312349019624,0.11758865415110638,0.055203341802086754,Low/Moderate,320,0.03476238877149646,0.5525666769221977,False,-0.07995543690019127,0.14948021444318418,0.15197373471076336,0.1519743957436114,6.610328480327443e-07,High (Strong Signal)
321,321,Q3D,AGEBRACKET_diversity,0.1862957977648845,0.29096678362890116,False,-0.15947311406969353,0.5320647095994625,0.062385312349019624,0.11758865415110638,0.055203341802086754,Low/Moderate,321,-0.045469430944232656,0.41761197570475417,False,-0.15541467668348963,0.0644758147950243,0.15197373471076336,0.1519743957436114,6.610328480327443e-07,High (Strong Signal)
322,322,Q3D,EDUCATION_diversity,0.0302908091280848,0.8682436296807493,False,-0.32759059457091977,0.38817221282708936,0.062385312349019624,0.11758865415110638,0.055203341802086754,Low/Moderate,322,-0.0319118185950852,0.579558733310146,False,-0.1448047741909243,0.08098113700075392,0.15197373471076336,0.1519743957436114,6.610328480327443e-07,High (Strong Signal)
323,323,Q3D,PARTYBEFORE_diversity,0.052915084628385456,0.7633357073511189,False,-0.291523691944602,0.3973538612013729,0.062385312349019624,0.11758865415110638,0.055203341802086754,Low/Moderate,323,-0.03702731065024498,0.5008161085503937,False,-0.1448281506089922,0.07077352930850225,0.15197373471076336,0.1519743957436114,6.610328480327443e-07,High (Strong Signal)
324,324,Q3D,GENDER_diversity,-0.03875935259905976,0.8227461505911298,False,-0.37787575723044486,0.3003570520323253,0.062385312349019624,0.11758865415110638,0.055203341802086754,Low/Moderate,324,-0.06296539233834844,0.2408135233114248,False,-0.1681781371250691,0.042247352448372216,0.15197373471076336,0.1519743957436114,6.610328480327443e-07,High (Strong Signal)
325,325,Q3E,Intercept,-0.5015924013933356,0.48230837235004054,False,-1.900838730829824,0.8976539280431527,0.03286101813543377,0.06873409819643805,0.03587308006100429,Low/Moderate,325,-0.10173771580479724,0.7284901825496947,False,-0.6761611380683885,0.472685706458794,0.13052038140427624,0.16559604257039592,0.03507566116611968,High (Strong Signal)
326,326,Q3E,C(RACE)[T.Asian_non_Hispanic],0.05879917291195837,0.9371918545790188,False,-1.4036949641744432,1.5212933099983599,0.03286101813543377,0.06873409819643805,0.03587308006100429,Low/Moderate,326,-0.735816177652929,0.016421812427358958,True,-1.336871094590106,-0.13476126071575212,0.13052038140427624,0.16559604257039592,0.03507566116611968,High (Strong Signal)
327,327,Q3E,C(RACE)[T.Black_non_Hispanic],0.8552913318512364,0.17847134210715132,False,-0.390616688686345,2.101199352388818,0.03286101813543377,0.06873409819643805,0.03587308006100429,Low/Moderate,327,-0.13255986676988285,0.6107159010276,False,-0.6429451632444746,0.3778254297047089,0.13052038140427624,0.16559604257039592,0.03507566116611968,High (Strong Signal)
328,328,Q3E,C(RACE)[T.Hispanic],0.642841620524246,0.3387295375051963,False,-0.6741592141124024,1.9598424551608944,0.03286101813543377,0.06873409819643805,0.03587308006100429,Low/Moderate,328,-0.3222407394998927,0.24083641313601922,False,-0.860718802313702,0.2162373233139167,0.13052038140427624,0.16559604257039592,0.03507566116611968,High (Strong Signal)
329,329,Q3E,C(RACE)[T.Other_non_Hispanic],0.20928120141455703,0.8764705379706247,False,-2.429489487005831,2.8480518898349447,0.03286101813543377,0.06873409819643805,0.03587308006100429,Low/Moderate,329,-1.130929865620922,0.03977402691079214,True,-2.2089876717417916,-0.05287205950005247,0.13052038140427624,0.16559604257039592,0.03507566116611968,High (Strong Signal)
330,330,Q3E,C(RACE)[T.White_non_Hispanic],-1.5209117118898228,0.41983484386541947,False,-5.216093715448178,2.174270291668533,0.03286101813543377,0.06873409819643805,0.03587308006100429,Low/Moderate,330,-0.5281795295137933,0.49488099456980705,False,-2.0448277998740156,0.9884687408464291,0.13052038140427624,0.16559604257039592,0.03507566116611968,High (Strong Signal)
331,331,Q3E,C(AGEBRACKET)[T.30_44],-0.13274732366553332,0.7275935319912239,False,-0.8796859538924751,0.6141913065614084,0.03286101813543377,0.06873409819643805,0.03587308006100429,Low/Moderate,331,0.26031724015135627,0.0946070370456532,False,-0.04491027368609696,0.5655447539888094,0.13052038140427624,0.16559604257039592,0.03507566116611968,High (Strong Signal)
332,332,Q3E,C(AGEBRACKET)[T.45_59],-0.04657546983418034,0.9012961408700166,False,-0.7826114068951026,0.6894604672267418,0.03286101813543377,0.06873409819643805,0.03587308006100429,Low/Moderate,332,0.46937198094913324,0.002243521600697803,True,0.16833512360010577,0.7704088382981606,0.13052038140427624,0.16559604257039592,0.03507566116611968,High (Strong Signal)
333,333,Q3E,C(AGEBRACKET)[T.60plus],0.16171293665170486,0.6669293796836051,False,-0.5747566892231537,0.8981825625265634,0.03286101813543377,0.06873409819643805,0.03587308006100429,Low/Moderate,333,0.5237614108823335,0.0006517126042173806,True,0.22264219084983145,0.8248806309148355,0.13052038140427624,0.16559604257039592,0.03507566116611968,High (Strong Signal)
334,334,Q3E,C(EDUCATION)[T.HS_graduate_or_equivalent],-0.6171713295611241,0.17857986601514497,False,-1.5164332110961012,0.2820905519738529,0.03286101813543377,0.06873409819643805,0.03587308006100429,Low/Moderate,334,-0.228098793155055,0.2254395874264825,False,-0.5969067778706766,0.1407091915605666,0.13052038140427624,0.16559604257039592,0.03507566116611968,High (Strong Signal)
335,335,Q3E,C(EDUCATION)[T.No_HS_diploma],-1.3448110020704334,0.196818375549067,False,-3.3869926334152263,0.6973706292743593,0.03286101813543377,0.06873409819643805,0.03587308006100429,Low/Moderate,335,-0.8549261944645026,0.045480299213662756,True,-1.6926610114178637,-0.017191377511141304,0.13052038140427624,0.16559604257039592,0.03507566116611968,High (Strong Signal)
336,336,Q3E,C(EDUCATION)[T.Some_college],-0.23954050710667482,0.3873065268143385,False,-0.7826105908529147,0.30352957663956504,0.03286101813543377,0.06873409819643805,0.03587308006100429,Low/Moderate,336,-0.03440739561552149,0.7638090584841262,False,-0.25883720876233746,0.19002241753129445,0.13052038140427624,0.16559604257039592,0.03507566116611968,High (Strong Signal)
337,337,Q3E,C(PARTYBEFORE)[T.Independent],0.12990253091402937,0.6411568638168057,False,-0.41636255869183825,0.676167620519897,0.03286101813543377,0.06873409819643805,0.03587308006100429,Low/Moderate,337,0.2795018729895134,0.014524193240127239,True,0.055358363003648214,0.5036453829753786,0.13052038140427624,0.16559604257039592,0.03507566116611968,High (Strong Signal)
338,338,Q3E,C(PARTYBEFORE)[T.Republican],0.4535332867420445,0.14812803949339212,False,-0.16112864759229029,1.0681952210763792,0.03286101813543377,0.06873409819643805,0.03587308006100429,Low/Moderate,338,0.6181454930238944,1.450329422870736e-06,True,0.3666816509409906,0.8696093351067983,0.13052038140427624,0.16559604257039592,0.03507566116611968,High (Strong Signal)
339,339,Q3E,C(GENDER)[T.Male],0.2765634575840815,0.23903917092543914,False,-0.18382230988875187,0.736949225056915,0.03286101813543377,0.06873409819643805,0.03587308006100429,Low/Moderate,339,0.16513645527165763,0.08885576431675524,False,-0.02508877141755536,0.3553616819608706,0.13052038140427624,0.16559604257039592,0.03507566116611968,High (Strong Signal)
340,340,Q3E,RACE_majority[T.True],1.6832230862314825,0.3537443379675498,False,-1.8742828963952343,5.240729068858199,0.03286101813543377,0.06873409819643805,0.03587308006100429,Low/Moderate,340,-0.027253582711736873,0.9707849973431757,False,-1.4857613507824066,1.431254185358933,0.13052038140427624,0.16559604257039592,0.03507566116611968,High (Strong Signal)
341,341,Q3E,AGEBRACKET_majority[T.True],-0.007819149287377196,0.9754443762933978,False,-0.5057030840556646,0.4900647854809102,0.03286101813543377,0.06873409819643805,0.03587308006100429,Low/Moderate,341,-0.07502143159703963,0.4710630261986073,False,-0.2790300321521452,0.12898716895806595,0.13052038140427624,0.16559604257039592,0.03507566116611968,High (Strong Signal)
342,342,Q3E,EDUCATION_majority[T.True],-0.3283366385859587,0.26151221824219084,False,-0.9014700443826023,0.24479676721068494,0.03286101813543377,0.06873409819643805,0.03587308006100429,Low/Moderate,342,0.05636923435619521,0.640090870020018,False,-0.17991892643986265,0.2926573951522531,0.13052038140427624,0.16559604257039592,0.03507566116611968,High (Strong Signal)
343,343,Q3E,PARTYBEFORE_majority[T.True],-0.016240981093709823,0.9493046094724323,False,-0.5168969736427511,0.48441501145533145,0.03286101813543377,0.06873409819643805,0.03587308006100429,Low/Moderate,343,0.018194766331586065,0.8619195144891296,False,-0.18683505049402627,0.2232245831571984,0.13052038140427624,0.16559604257039592,0.03507566116611968,High (Strong Signal)
344,344,Q3E,GENDER_majority[T.True],-0.10213895658185047,0.6684270008294003,False,-0.5695333178578448,0.3652554046941438,0.03286101813543377,0.06873409819643805,0.03587308006100429,Low/Moderate,344,0.004396404789815206,0.9640801016611712,False,-0.1869427930956073,0.1957356026752377,0.13052038140427624,0.16559604257039592,0.03507566116611968,High (Strong Signal)
345,345,Q3E,RACE_diversity,-0.09517655210352155,0.5429467593440601,False,-0.40180700246858253,0.21145389826153943,0.03286101813543377,0.06873409819643805,0.03587308006100429,Low/Moderate,345,0.017025157385400672,0.7927298786044846,False,-0.10996433120952906,0.1440146459803304,0.13052038140427624,0.16559604257039592,0.03507566116611968,High (Strong Signal)
346,346,Q3E,AGEBRACKET_diversity,0.05159152603565138,0.7224106914944887,False,-0.2330551112447775,0.33623816331608025,0.03286101813543377,0.06873409819643805,0.03587308006100429,Low/Moderate,346,0.07026836330819759,0.24287727465331244,False,-0.04766320682884627,0.18819993344524144,0.13052038140427624,0.16559604257039592,0.03507566116611968,High (Strong Signal)
347,347,Q3E,EDUCATION_diversity,0.07582411869533444,0.6277461529228565,False,-0.23065567884514404,0.38230391623581295,0.03286101813543377,0.06873409819643805,0.03587308006100429,Low/Moderate,347,-0.012487392918742847,0.8473807788623002,False,-0.13965490177860534,0.11468011594111965,0.13052038140427624,0.16559604257039592,0.03507566116611968,High (Strong Signal)
348,348,Q3E,PARTYBEFORE_diversity,0.14393291319153015,0.33546634228069583,False,-0.1489600690928045,0.4368258954758648,0.03286101813543377,0.06873409819643805,0.03587308006100429,Low/Moderate,348,0.11703309769720024,0.0588585914929055,False,-0.0043806307327148575,0.23844682612711535,0.13052038140427624,0.16559604257039592,0.03507566116611968,High (Strong Signal)
349,349,Q3E,GENDER_diversity,-0.21341568772826827,0.14575788826382227,False,-0.5009614562882284,0.07413008083169184,0.03286101813543377,0.06873409819643805,0.03587308006100429,Low/Moderate,349,-0.09838695181248401,0.10571807946399962,False,-0.21758692908032023,0.020813025455352227,0.13052038140427624,0.16559604257039592,0.03507566116611968,High (Strong Signal)
350,350,Q3F,Intercept,-0.18540491175486404,0.8118760489199174,False,-1.7121991043319111,1.3413892808221832,0.053925939672261704,0.09294670914613999,0.03902076947387828,Low/Moderate,350,-0.014256371630259135,0.9622776624786276,False,-0.605051190278144,0.5765384470176257,0.06449598388510049,0.06449598406774475,1.8264425962997268e-10,Low/Moderate
351,351,Q3F,C(RACE)[T.Asian_non_Hispanic],0.1058741181032521,0.8957959296100854,False,-1.4784828333130362,1.6902310695195404,0.053925939672261704,0.09294670914613999,0.03902076947387828,Low/Moderate,351,-0.2036672611210622,0.506770321251143,False,-0.8049559065269196,0.39762138428479515,0.06449598388510049,0.06449598406774475,1.8264425962997268e-10,Low/Moderate
352,352,Q3F,C(RACE)[T.Black_non_Hispanic],0.3358162385126995,0.6261691956818122,False,-1.015349631394706,1.6869821084201049,0.053925939672261704,0.09294670914613999,0.03902076947387828,Low/Moderate,352,-0.12877050330418394,0.6273347187617555,False,-0.6486367913499521,0.39109578474158424,0.06449598388510049,0.06449598406774475,1.8264425962997268e-10,Low/Moderate
353,353,Q3F,C(RACE)[T.Hispanic],-0.3987675059736265,0.577383850280442,False,-1.801415930141968,1.0038809181947153,0.053925939672261704,0.09294670914613999,0.03902076947387828,Low/Moderate,353,-0.07602098150469593,0.781022153684541,False,-0.6120109992163058,0.4599690362069139,0.06449598388510049,0.06449598406774475,1.8264425962997268e-10,Low/Moderate
354,354,Q3F,C(RACE)[T.Other_non_Hispanic],0.8486576435197887,0.5566494435091986,False,-1.9809890624197197,3.6783043494592973,0.053925939672261704,0.09294670914613999,0.03902076947387828,Low/Moderate,354,0.9236713540050198,0.09246668554269652,False,-0.15230694611706042,1.9996496541270998,0.06449598388510049,0.06449598406774475,1.8264425962997268e-10,Low/Moderate
355,355,Q3F,C(RACE)[T.White_non_Hispanic],-2.8277712230507435,0.10662518854706614,False,-6.262639454990262,0.6070970088887759,0.053925939672261704,0.09294670914613999,0.03902076947387828,Low/Moderate,355,-0.744953781045342,0.26917777968045864,False,-2.066345683719162,0.5764381216284779,0.06449598388510049,0.06449598406774475,1.8264425962997268e-10,Low/Moderate
356,356,Q3F,C(AGEBRACKET)[T.30_44],-0.14044386511262005,0.7214175004802028,False,-0.9124347649340371,0.6315470347087969,0.053925939672261704,0.09294670914613999,0.03902076947387828,Low/Moderate,356,0.037421297171212654,0.8043690847148157,False,-0.2586843613651003,0.33352695570752566,0.06449598388510049,0.06449598406774475,1.8264425962997268e-10,Low/Moderate
357,357,Q3F,C(AGEBRACKET)[T.45_59],0.16500583857284845,0.6755953611966303,False,-0.6078019596129215,0.9378136367586184,0.053925939672261704,0.09294670914613999,0.03902076947387828,Low/Moderate,357,0.20050768640956285,0.20361435298408292,False,-0.10860994667610635,0.509625319495232,0.06449598388510049,0.06449598406774475,1.8264425962997268e-10,Low/Moderate
358,358,Q3F,C(AGEBRACKET)[T.60plus],0.37937933004976765,0.33126281394570634,False,-0.3859460817621304,1.1447047418616658,0.053925939672261704,0.09294670914613999,0.03902076947387828,Low/Moderate,358,0.1196595026616679,0.4425246929491158,False,-0.18574101336171484,0.42506001868505067,0.06449598388510049,0.06449598406774475,1.8264425962997268e-10,Low/Moderate
359,359,Q3F,C(EDUCATION)[T.HS_graduate_or_equivalent],0.0024883765369846595,0.9960010703748045,False,-0.9706143080746917,0.975591061148661,0.053925939672261704,0.09294670914613999,0.03902076947387828,Low/Moderate,359,0.010380383299182368,0.9559210679587373,False,-0.35770569268449137,0.37846645928285616,0.06449598388510049,0.06449598406774475,1.8264425962997268e-10,Low/Moderate
360,360,Q3F,C(EDUCATION)[T.No_HS_diploma],-0.7088127228709725,0.5059605662608782,False,-2.797464957375302,1.379839511633357,0.053925939672261704,0.09294670914613999,0.03902076947387828,Low/Moderate,360,0.0628274248881859,0.87586662898379,False,-0.7254615724708408,0.8511164222472126,0.06449598388510049,0.06449598406774475,1.8264425962997268e-10,Low/Moderate
361,361,Q3F,C(EDUCATION)[T.Some_college],-0.37078563648835855,0.21283669036881214,False,-0.9541254051494079,0.21255413217269076,0.053925939672261704,0.09294670914613999,0.03902076947387828,Low/Moderate,361,0.06534009722828502,0.5691932873445988,False,-0.15963397379850414,0.29031416825507417,0.06449598388510049,0.06449598406774475,1.8264425962997268e-10,Low/Moderate
362,362,Q3F,C(PARTYBEFORE)[T.Independent],0.07181925349389276,0.8053725733326993,False,-0.49945966679144627,0.6430981737792317,0.053925939672261704,0.09294670914613999,0.03902076947387828,Low/Moderate,362,-0.13311786380259666,0.22829410481753565,False,-0.34967981394017544,0.08344408633498215,0.06449598388510049,0.06449598406774475,1.8264425962997268e-10,Low/Moderate
363,363,Q3F,C(PARTYBEFORE)[T.Republican],0.7130759580334514,0.030719139593686225,True,0.06624466581402577,1.3599072502528768,0.053925939672261704,0.09294670914613999,0.03902076947387828,Low/Moderate,363,0.2627127465793333,0.03765932963389626,True,0.014987585148311527,0.510437908010355,0.06449598388510049,0.06449598406774475,1.8264425962997268e-10,Low/Moderate
364,364,Q3F,C(GENDER)[T.Male],0.32552552914042204,0.18831447218302544,False,-0.1594449620212554,0.8104960203020994,0.053925939672261704,0.09294670914613999,0.03902076947387828,Low/Moderate,364,0.16285399452105875,0.08124469452771912,False,-0.020218139057966072,0.3459261281000836,0.06449598388510049,0.06449598406774475,1.8264425962997268e-10,Low/Moderate
365,365,Q3F,RACE_majority[T.True],2.467219495106902,0.13948825690054534,False,-0.8052061245794118,5.739645114793216,0.053925939672261704,0.09294670914613999,0.03902076947387828,Low/Moderate,365,0.6601947676318876,0.30011081101316794,False,-0.5885634123558849,1.90895294761966,0.06449598388510049,0.06449598406774475,1.8264425962997268e-10,Low/Moderate
366,366,Q3F,AGEBRACKET_majority[T.True],0.3600513574341091,0.18872424985479852,False,-0.176853570148379,0.8969562850165972,0.053925939672261704,0.09294670914613999,0.03902076947387828,Low/Moderate,366,-0.04966038123444451,0.6178684165279493,False,-0.24476502095573466,0.14544425848684567,0.06449598388510049,0.06449598406774475,1.8264425962997268e-10,Low/Moderate
367,367,Q3F,EDUCATION_majority[T.True],-0.17598862582956887,0.5669548472160524,False,-0.7784446454356709,0.4264673937765332,0.053925939672261704,0.09294670914613999,0.03902076947387828,Low/Moderate,367,0.12038953560994187,0.293882443064562,False,-0.10440997614947864,0.3451890473693624,0.06449598388510049,0.06449598406774475,1.8264425962997268e-10,Low/Moderate
368,368,Q3F,PARTYBEFORE_majority[T.True],0.32318109226724656,0.2239807441291336,False,-0.19772152974227786,0.844083714276771,0.053925939672261704,0.09294670914613999,0.03902076947387828,Low/Moderate,368,0.018742362590621967,0.8521011208141063,False,-0.17828995844697532,0.21577468362821928,0.06449598388510049,0.06449598406774475,1.8264425962997268e-10,Low/Moderate
369,369,Q3F,GENDER_majority[T.True],0.01331784002496893,0.9580255082650266,False,-0.48263003355533735,0.5092657136052752,0.053925939672261704,0.09294670914613999,0.03902076947387828,Low/Moderate,369,0.21036664694662816,0.02749237705007533,True,0.023331260244471907,0.3974020336487844,0.06449598388510049,0.06449598406774475,1.8264425962997268e-10,Low/Moderate
370,370,Q3F,RACE_diversity,-0.0869653829383808,0.6034668869169049,False,-0.41511706670356735,0.24118630082680576,0.053925939672261704,0.09294670914613999,0.03902076947387828,Low/Moderate,370,0.00014528387625760734,0.997846074696833,False,-0.10533575668531575,0.10562632443783096,0.06449598388510049,0.06449598406774475,1.8264425962997268e-10,Low/Moderate
371,371,Q3F,AGEBRACKET_diversity,-0.2225354296135074,0.15344316136518607,False,-0.5280830368881112,0.08301217766109639,0.053925939672261704,0.09294670914613999,0.03902076947387828,Low/Moderate,371,-0.01117751695611914,0.8224838920330442,False,-0.10882581192864,0.08647077801640173,0.06449598388510049,0.06449598406774475,1.8264425962997268e-10,Low/Moderate
372,372,Q3F,EDUCATION_diversity,0.23248125403307326,0.16071339188600808,False,-0.09236553315257448,0.557328041218721,0.053925939672261704,0.09294670914613999,0.03902076947387828,Low/Moderate,372,-0.002161109453236154,0.967155526816551,False,-0.10502901726594198,0.10070679835946968,0.06449598388510049,0.06449598406774475,1.8264425962997268e-10,Low/Moderate
373,373,Q3F,PARTYBEFORE_diversity,0.1443770087594856,0.3672679252127119,False,-0.1694793262343776,0.4582333437533488,0.053925939672261704,0.09294670914613999,0.03902076947387828,Low/Moderate,373,0.13147507732420224,0.01034537900558833,True,0.030975952343806012,0.23197420230459848,0.06449598388510049,0.06449598406774475,1.8264425962997268e-10,Low/Moderate
374,374,Q3F,GENDER_diversity,-0.05736923101817126,0.7152508831908532,False,-0.36558625795650596,0.25084779592016343,0.053925939672261704,0.09294670914613999,0.03902076947387828,Low/Moderate,374,-0.10541944939010675,0.032797943324884435,True,-0.20221667180947966,-0.008622226970733823,0.06449598388510049,0.06449598406774475,1.8264425962997268e-10,Low/Moderate
375,375,Q3G,Intercept,-0.12268305870483504,0.8922866982134877,False,-1.898416651982339,1.653050534572669,0.11014471486844123,0.1725101289988926,0.06236541413045135,High (Strong Signal),375,1.1809652934996406,0.0030235185317844483,True,0.4003964389467506,1.9615341480525306,0.08796883856178334,0.16438285418242896,0.07641401562064563,Low/Moderate
376,376,Q3G,C(RACE)[T.Asian_non_Hispanic],0.48318636126371006,0.6057526878433934,False,-1.3516210601063605,2.317993782633781,0.11014471486844123,0.1725101289988926,0.06236541413045135,High (Strong Signal),376,-0.7468335668410039,0.05738373223932908,False,-1.5170845749295845,0.02341744124757683,0.08796883856178334,0.16438285418242896,0.07641401562064563,Low/Moderate
377,377,Q3G,C(RACE)[T.Black_non_Hispanic],1.6492841131418907,0.04227201694948678,True,0.0575536769695113,3.2410145493142704,0.11014471486844123,0.1725101289988926,0.06236541413045135,High (Strong Signal),377,-0.47695875807276256,0.16191282017865627,False,-1.145325059168862,0.19140754302333696,0.08796883856178334,0.16438285418242896,0.07641401562064563,Low/Moderate
378,378,Q3G,C(RACE)[T.Hispanic],1.4753565978529208,0.07640693359363945,False,-0.15656634820470017,3.1072795439105416,0.11014471486844123,0.1725101289988926,0.06236541413045135,High (Strong Signal),378,-0.5547262371837631,0.1165736997078482,False,-1.247538636471978,0.1380861621044518,0.08796883856178334,0.16438285418242896,0.07641401562064563,Low/Moderate
379,379,Q3G,C(RACE)[T.Other_non_Hispanic],5.680889430289563,0.002026890135031498,True,2.073181227362426,9.2885976332167,0.11014471486844123,0.1725101289988926,0.06236541413045135,High (Strong Signal),379,0.29735175220600396,0.7022244817759241,False,-1.2270248718391783,1.8217283762511864,0.08796883856178334,0.16438285418242896,0.07641401562064563,Low/Moderate
380,380,Q3G,C(RACE)[T.White_non_Hispanic],1.1478745192461437,0.5639426524820057,False,-2.75127828709146,5.0470273255837474,0.11014471486844123,0.1725101289988926,0.06236541413045135,High (Strong Signal),380,-0.7484770291756231,0.3728052494164028,False,-2.394501457946477,0.8975473995952312,0.08796883856178334,0.16438285418242896,0.07641401562064563,Low/Moderate
381,381,Q3G,C(AGEBRACKET)[T.30_44],-0.9290040179616701,0.060200508581121547,False,-1.8978716186878763,0.039863582764536165,0.11014471486844123,0.1725101289988926,0.06236541413045135,High (Strong Signal),381,-0.15198622341520654,0.46290160496408106,False,-0.5577847803095739,0.25381233347916077,0.08796883856178334,0.16438285418242896,0.07641401562064563,Low/Moderate
382,382,Q3G,C(AGEBRACKET)[T.45_59],-0.6217803629109717,0.19521471846985827,False,-1.5626137989445836,0.3190530731226402,0.11014471486844123,0.1725101289988926,0.06236541413045135,High (Strong Signal),382,-0.14738078051634415,0.4684658524328771,False,-0.5458221581707314,0.2510605971380431,0.08796883856178334,0.16438285418242896,0.07641401562064563,Low/Moderate
383,383,Q3G,C(AGEBRACKET)[T.60plus],-0.46847031282646584,0.32786643838314344,False,-1.4069063192584537,0.46996569360552204,0.11014471486844123,0.1725101289988926,0.06236541413045135,High (Strong Signal),383,-0.34018683723773785,0.08954339309137746,False,-0.7329006630205931,0.05252698854511739,0.08796883856178334,0.16438285418242896,0.07641401562064563,Low/Moderate
384,384,Q3G,C(EDUCATION)[T.HS_graduate_or_equivalent],0.3056004896443374,0.6230443469368613,False,-0.9129485033496292,1.524149482638304,0.11014471486844123,0.1725101289988926,0.06236541413045135,High (Strong Signal),384,-0.17003775114238492,0.5185421735816348,False,-0.6862565330940135,0.34618103080924356,0.08796883856178334,0.16438285418242896,0.07641401562064563,Low/Moderate
385,385,Q3G,C(EDUCATION)[T.No_HS_diploma],2.00163284879894,0.11033543887856122,False,-0.45540956267644983,4.45867526027433,0.11014471486844123,0.1725101289988926,0.06236541413045135,High (Strong Signal),385,-0.12924430994800934,0.812120112357707,False,-1.1949695437058543,0.9364809238098355,0.08796883856178334,0.16438285418242896,0.07641401562064563,Low/Moderate
386,386,Q3G,C(EDUCATION)[T.Some_college],-0.7872045680282861,0.021612510089028265,True,-1.4588714773688054,-0.11553765868776678,0.11014471486844123,0.1725101289988926,0.06236541413045135,High (Strong Signal),386,-0.08021012200841769,0.5828430483074409,False,-0.3664418350461017,0.20602159102926632,0.08796883856178334,0.16438285418242896,0.07641401562064563,Low/Moderate
387,387,Q3G,C(PARTYBEFORE)[T.Independent],0.38935571944548936,0.2645480831034721,False,-0.29462672551685326,1.073338164407832,0.11014471486844123,0.1725101289988926,0.06236541413045135,High (Strong Signal),387,-0.433488140054438,0.0030547083424134797,True,-0.7203112330357627,-0.14666504707311323,0.08796883856178334,0.16438285418242896,0.07641401562064563,Low/Moderate
388,388,Q3G,C(PARTYBEFORE)[T.Republican],-0.3331468642262376,0.3875456302896497,False,-1.088815522172491,0.4225217937200155,0.11014471486844123,0.1725101289988926,0.06236541413045135,High (Strong Signal),388,-0.8214353320733334,4.045942858883309e-07,True,-1.1391879475266524,-0.5036827166200145,0.08796883856178334,0.16438285418242896,0.07641401562064563,Low/Moderate
389,389,Q3G,C(GENDER)[T.Male],-0.5892813083626413,0.04482110113390423,True,-1.1649445393485998,-0.013618077376682636,0.11014471486844123,0.1725101289988926,0.06236541413045135,High (Strong Signal),389,-0.07886011218397525,0.5303363498263713,False,-0.32517850117757297,0.16745827680962244,0.08796883856178334,0.16438285418242896,0.07641401562064563,Low/Moderate
390,390,Q3G,RACE_majority[T.True],-0.5953564644663392,0.7517418878360888,False,-4.2839976736592495,3.0932847447265717,0.11014471486844123,0.1725101289988926,0.06236541413045135,High (Strong Signal),390,0.34565016102158713,0.6625964824071855,False,-1.2069821975795554,1.8982825196227298,0.08796883856178334,0.16438285418242896,0.07641401562064563,Low/Moderate
391,391,Q3G,AGEBRACKET_majority[T.True],0.044964562882879734,0.8861852394070507,False,-0.5707494860861982,0.6606786118519578,0.11014471486844123,0.1725101289988926,0.06236541413045135,High (Strong Signal),391,0.07053750468083071,0.5984311689385373,False,-0.19196869896562896,0.33304370832729036,0.08796883856178334,0.16438285418242896,0.07641401562064563,Low/Moderate
392,392,Q3G,EDUCATION_majority[T.True],-0.11763955877060407,0.745243629998279,False,-0.827264030110457,0.5919849125692489,0.11014471486844123,0.1725101289988926,0.06236541413045135,High (Strong Signal),392,0.049032459838074534,0.748264447141328,False,-0.2504168088552063,0.34848172853135534,0.08796883856178334,0.16438285418242896,0.07641401562064563,Low/Moderate
393,393,Q3G,PARTYBEFORE_majority[T.True],0.14079273164693878,0.6601420202033901,False,-0.48676686738907865,0.7683523306829563,0.11014471486844123,0.1725101289988926,0.06236541413045135,High (Strong Signal),393,0.04305676059399567,0.751539476712285,False,-0.22348464800824208,0.3095981691962334,0.08796883856178334,0.16438285418242896,0.07641401562064563,Low/Moderate
394,394,Q3G,GENDER_majority[T.True],-0.073438478184862,0.8050173674504546,False,-0.6565113546021786,0.5096343982324545,0.11014471486844123,0.1725101289988926,0.06236541413045135,High (Strong Signal),394,-0.07194663723198053,0.5724576756701054,False,-0.3217763835083015,0.1778831090443405,0.08796883856178334,0.16438285418242896,0.07641401562064563,Low/Moderate
395,395,Q3G,RACE_diversity,0.20528940334902618,0.34385925120076255,False,-0.21978315638241203,0.6303619630804644,0.11014471486844123,0.1725101289988926,0.06236541413045135,High (Strong Signal),395,-0.0501352934988154,0.5956986896733998,False,-0.23532958189175465,0.13505899489412385,0.08796883856178334,0.16438285418242896,0.07641401562064563,Low/Moderate
396,396,Q3G,AGEBRACKET_diversity,-0.0705518255490838,0.7222079521499534,False,-0.45951203348898007,0.3184083823908125,0.11014471486844123,0.1725101289988926,0.06236541413045135,High (Strong Signal),396,0.03023388788862559,0.7271465683958828,False,-0.13959500602052732,0.20006278179777853,0.08796883856178334,0.16438285418242896,0.07641401562064563,Low/Moderate
397,397,Q3G,EDUCATION_diversity,0.33130447745749286,0.1206550154290373,False,-0.0870796975174069,0.7496886524323927,0.11014471486844123,0.1725101289988926,0.06236541413045135,High (Strong Signal),397,0.06906772413824376,0.4586258649845337,False,-0.11359070191778127,0.2517261501942688,0.08796883856178334,0.16438285418242896,0.07641401562064563,Low/Moderate
398,398,Q3G,PARTYBEFORE_diversity,0.26559679058102414,0.19522668911083274,False,-0.13629598847601626,0.6674895696380645,0.11014471486844123,0.1725101289988926,0.06236541413045135,High (Strong Signal),398,-0.10509112946323287,0.24391612764449933,False,-0.28185499402370384,0.07167273509723812,0.08796883856178334,0.16438285418242896,0.07641401562064563,Low/Moderate
399,399,Q3G,GENDER_diversity,-0.026469851601125534,0.8951875681304596,False,-0.4202665123122136,0.36732680910996257,0.11014471486844123,0.1725101289988926,0.06236541413045135,High (Strong Signal),399,0.0458004090895804,0.6024921610843146,False,-0.12655693177255728,0.21815774995171805,0.08796883856178334,0.16438285418242896,0.07641401562064563,Low/Moderate
400,400,Q3H,Intercept,0.12454835687495519,0.8779443391633326,False,-1.4649633717989834,1.7140600855488939,0.04366548221666718,0.09035392306545419,0.046688440848787,Low/Moderate,400,0.6111413926248593,0.042044236386122966,True,0.02197917364106161,1.200303611608657,0.10535250955850475,0.14889645865662293,0.04354394909811818,High (Strong Signal)
401,401,Q3H,C(RACE)[T.Asian_non_Hispanic],0.1046369254061759,0.9004579541297197,False,-1.5349530928518458,1.7442269436641975,0.04366548221666718,0.09035392306545419,0.046688440848787,Low/Moderate,401,0.41861363323614936,0.1838054733024176,False,-0.1986836759848643,1.035910942457163,0.10535250955850475,0.14889645865662293,0.04354394909811818,High (Strong Signal)
402,402,Q3H,C(RACE)[T.Black_non_Hispanic],-0.9269309144565419,0.19848847552741478,False,-2.339788646361356,0.48592681744827226,0.04366548221666718,0.09035392306545419,0.046688440848787,Low/Moderate,402,-0.20463633764924055,0.443838287057014,False,-0.7284254127430618,0.31915273744458067,0.10535250955850475,0.14889645865662293,0.04354394909811818,High (Strong Signal)
403,403,Q3H,C(RACE)[T.Hispanic],-0.512819894098313,0.5026419389005603,False,-2.01222401538849,0.9865842271918638,0.04366548221666718,0.09035392306545419,0.046688440848787,Low/Moderate,403,0.29071290133397004,0.3053752417805733,False,-0.2651905306589836,0.8466163333269237,0.10535250955850475,0.14889645865662293,0.04354394909811818,High (Strong Signal)
404,404,Q3H,C(RACE)[T.Other_non_Hispanic],-0.1401952695780794,0.9266796392196154,False,-3.1261575136398583,2.8457669744836998,0.04366548221666718,0.09035392306545419,0.046688440848787,Low/Moderate,404,0.29850854531680565,0.5996693342484329,False,-0.8161659710749458,1.4131830617085572,0.10535250955850475,0.14889645865662293,0.04354394909811818,High (Strong Signal)
405,405,Q3H,C(RACE)[T.White_non_Hispanic],1.540129253017166,0.4936918279294018,False,-2.8701319600648327,5.950390466099164,0.04366548221666718,0.09035392306545419,0.046688440848787,Low/Moderate,405,0.21502192707763867,0.78793870423283,False,-1.3517200823182765,1.7817639364735536,0.10535250955850475,0.14889645865662293,0.04354394909811818,High (Strong Signal)
406,406,Q3H,C(AGEBRACKET)[T.30_44],0.38993756300962296,0.3615751700660461,False,-0.4477329869720021,1.227608112991248,0.04366548221666718,0.09035392306545419,0.046688440848787,Low/Moderate,406,-0.05344450361181605,0.7406888745950706,False,-0.3699638470114389,0.2630748397878069,0.10535250955850475,0.14889645865662293,0.04354394909811818,High (Strong Signal)
407,407,Q3H,C(AGEBRACKET)[T.45_59],0.17534950232486682,0.6837337163334078,False,-0.6682958078491088,1.0189948124988424,0.04366548221666718,0.09035392306545419,0.046688440848787,Low/Moderate,407,0.07397594755234146,0.6430349011267901,False,-0.23886720928527602,0.3868191043899589,0.10535250955850475,0.14889645865662293,0.04354394909811818,High (Strong Signal)
408,408,Q3H,C(AGEBRACKET)[T.60plus],0.5637638909740011,0.18575903412909767,False,-0.2712816062628859,1.3988093882108883,0.04366548221666718,0.09035392306545419,0.046688440848787,Low/Moderate,408,0.013941485353383784,0.9296527420250861,False,-0.29557671664360957,0.32345968735037717,0.10535250955850475,0.14889645865662293,0.04354394909811818,High (Strong Signal)
409,409,Q3H,C(EDUCATION)[T.HS_graduate_or_equivalent],0.7897593799836384,0.1473176033360991,False,-0.2784418042366794,1.8579605642039563,0.04366548221666718,0.09035392306545419,0.046688440848787,Low/Moderate,409,0.1819650845582997,0.3686737444427026,False,-0.21476541113517109,0.5786955802517705,0.10535250955850475,0.14889645865662293,0.04354394909811818,High (Strong Signal)
410,410,Q3H,C(EDUCATION)[T.No_HS_diploma],1.8517910850083916,0.09600670443519299,False,-0.32867150794703615,4.032253677963819,0.04366548221666718,0.09035392306545419,0.046688440848787,Low/Moderate,410,0.5014290408050112,0.22420003960537982,False,-0.3071559233405078,1.31001400495053,0.10535250955850475,0.14889645865662293,0.04354394909811818,High (Strong Signal)
411,411,Q3H,C(EDUCATION)[T.Some_college],0.2306430420763803,0.45812634710131817,False,-0.3786444049946208,0.8399304891473814,0.04366548221666718,0.09035392306545419,0.046688440848787,Low/Moderate,411,-0.021193750651555477,0.8538092781298202,False,-0.24663023453098437,0.2042427332278734,0.10535250955850475,0.14889645865662293,0.04354394909811818,High (Strong Signal)
412,412,Q3H,C(PARTYBEFORE)[T.Independent],-0.5478001478759006,0.08601696569571013,False,-1.1731920511460134,0.07759175539421226,0.04366548221666718,0.09035392306545419,0.046688440848787,Low/Moderate,412,-0.3949038819362319,0.0007023191899438417,True,-0.6233111588735261,-0.16649660499893765,0.10535250955850475,0.14889645865662293,0.04354394909811818,High (Strong Signal)
413,413,Q3H,C(PARTYBEFORE)[T.Republican],-0.8935439121650498,0.012426668519392508,True,-1.5941281084786758,-0.1929597158514238,0.04366548221666718,0.09035392306545419,0.046688440848787,Low/Moderate,413,-0.6668622654553075,4.263972838252544e-07,True,-0.9253323447803548,-0.4083921861302601,0.10535250955850475,0.14889645865662293,0.04354394909811818,High (Strong Signal)
414,414,Q3H,C(GENDER)[T.Male],0.25143782039839874,0.34291736133223927,False,-0.26817457427754104,0.7710502150743386,0.04366548221666718,0.09035392306545419,0.046688440848787,Low/Moderate,414,0.1595996992039875,0.10392398819850643,False,-0.032765891253391854,0.35196528966136686,0.10535250955850475,0.14889645865662293,0.04354394909811818,High (Strong Signal)
415,415,Q3H,RACE_majority[T.True],-2.1465965561970677,0.32581738186723863,False,-6.4284664111606515,2.135273298766516,0.04366548221666718,0.09035392306545419,0.046688440848787,Low/Moderate,415,-0.3371306615191696,0.6608366756892077,False,-1.8431168700223837,1.1688555469840445,0.10535250955850475,0.14889645865662293,0.04354394909811818,High (Strong Signal)
416,416,Q3H,AGEBRACKET_majority[T.True],0.12652130218432542,0.6613279930666303,False,-0.43953275677255943,0.6925753611412103,0.04366548221666718,0.09035392306545419,0.046688440848787,Low/Moderate,416,-0.17251157046954035,0.10790137920650025,False,-0.3828225279483476,0.03779938700926688,0.10535250955850475,0.14889645865662293,0.04354394909811818,High (Strong Signal)
417,417,Q3H,EDUCATION_majority[T.True],0.5139089449781572,0.1217388094036988,False,-0.1369682424623837,1.164786132418698,0.04366548221666718,0.09035392306545419,0.046688440848787,Low/Moderate,417,0.02122883636309208,0.8621849407239125,False,-0.2184561444086233,0.26091381713480744,0.10535250955850475,0.14889645865662293,0.04354394909811818,High (Strong Signal)
418,418,Q3H,PARTYBEFORE_majority[T.True],-0.4246963447839176,0.14436024748251014,False,-0.9949258725857962,0.14553318301796103,0.04366548221666718,0.09035392306545419,0.046688440848787,Low/Moderate,418,-0.035912977743778156,0.7399241714933181,False,-0.24795498602211932,0.176129030534563,0.10535250955850475,0.14889645865662293,0.04354394909811818,High (Strong Signal)
419,419,Q3H,GENDER_majority[T.True],-0.031873626777129196,0.905182639710236,False,-0.5563255975235347,0.4925783439692763,0.04366548221666718,0.09035392306545419,0.046688440848787,Low/Moderate,419,0.06293658639721977,0.5258668919210052,False,-0.13152664702537298,0.2573998198198125,0.10535250955850475,0.14889645865662293,0.04354394909811818,High (Strong Signal)
420,420,Q3H,RACE_diversity,0.053511924920173905,0.773820920954962,False,-0.31144468289093613,0.418468532731284,0.04366548221666718,0.09035392306545419,0.046688440848787,Low/Moderate,420,0.0824265481155608,0.22802671837085764,False,-0.05159149876691546,0.21644459499803706,0.10535250955850475,0.14889645865662293,0.04354394909811818,High (Strong Signal)
421,421,Q3H,AGEBRACKET_diversity,-0.09850431644826788,0.5694174505711641,False,-0.43786384348363305,0.24085521058709733,0.04366548221666718,0.09035392306545419,0.046688440848787,Low/Moderate,421,0.03178781231288563,0.61696441306518,False,-0.0927789657429845,0.15635459036875576,0.10535250955850475,0.14889645865662293,0.04354394909811818,High (Strong Signal)
422,422,Q3H,EDUCATION_diversity,-0.12048178744590389,0.514654069009689,False,-0.4828775144529638,0.24191393956115603,0.04366548221666718,0.09035392306545419,0.046688440848787,Low/Moderate,422,-0.003542649493681986,0.9587707521986469,False,-0.1378554855195592,0.13077018653219522,0.10535250955850475,0.14889645865662293,0.04354394909811818,High (Strong Signal)
423,423,Q3H,PARTYBEFORE_diversity,-0.08797634736043031,0.6149181638494625,False,-0.4307357775259895,0.2547830828051289,0.04366548221666718,0.09035392306545419,0.046688440848787,Low/Moderate,423,0.023520950622999637,0.7164808949435093,False,-0.10341884526129702,0.1504607465072963,0.10535250955850475,0.14889645865662293,0.04354394909811818,High (Strong Signal)
424,424,Q3H,GENDER_diversity,0.19592877877006087,0.2591412410841578,False,-0.14438091646074408,0.5362384740008659,0.04366548221666718,0.09035392306545419,0.046688440848787,Low/Moderate,424,-0.06561021828819215,0.30778620131063217,False,-0.19169748765240235,0.06047705107601807,0.10535250955850475,0.14889645865662293,0.04354394909811818,High (Strong Signal)
425,425,Q4A,Intercept,-0.41317098051052825,0.6892133027444028,False,-2.4380618664853766,1.6117199054643199,0.08278756254241043,0.13100723378317475,0.04821967124076432,Low/Moderate,425,0.07280857561939563,0.8053002331206749,False,-0.5061202164251479,0.6517373676639391,0.13643292578944655,0.1702443730405434,0.03381144725109686,High (Strong Signal)
426,426,Q4A,C(RACE)[T.Asian_non_Hispanic],1.044895027571961,0.34242507376662,False,-1.1122463093807111,3.2020363645246332,0.08278756254241043,0.13100723378317475,0.04821967124076432,Low/Moderate,426,-0.261831561774604,0.40523511431229964,False,-0.8784067107250201,0.3547435871758121,0.13643292578944655,0.1702443730405434,0.03381144725109686,High (Strong Signal)
427,427,Q4A,C(RACE)[T.Black_non_Hispanic],1.4018099738332073,0.12486722833667865,False,-0.3884862860012972,3.1921062336677117,0.08278756254241043,0.13100723378317475,0.04821967124076432,Low/Moderate,427,0.509730526851728,0.05104323296140522,False,-0.0023115087537129986,1.0217725624571692,0.13643292578944655,0.1702443730405434,0.03381144725109686,High (Strong Signal)
428,428,Q4A,C(RACE)[T.Hispanic],0.8906395937454294,0.3501692076055207,False,-0.9778118100368525,2.7590909975277116,0.08278756254241043,0.13100723378317475,0.04821967124076432,Low/Moderate,428,0.19470278276991343,0.4749955635696468,False,-0.3394853490355689,0.7288909145753957,0.13643292578944655,0.1702443730405434,0.03381144725109686,High (Strong Signal)
429,429,Q4A,C(RACE)[T.Other_non_Hispanic],5.231961829812814,0.015558232693091232,True,0.9930364215028344,9.470887238122794,0.08278756254241043,0.13100723378317475,0.04821967124076432,Low/Moderate,429,3.71026493753077,2.216779902677512e-09,True,2.494431163232994,4.926098711828546,0.13643292578944655,0.1702443730405434,0.03381144725109686,High (Strong Signal)
430,430,Q4A,C(RACE)[T.White_non_Hispanic],2.9015769131197167,0.21725583984514607,False,-1.7075324532846037,7.5106862795240374,0.08278756254241043,0.13100723378317475,0.04821967124076432,Low/Moderate,430,0.0017111310902348162,0.9979383542855728,False,-1.2962357401730038,1.2996580023534736,0.13643292578944655,0.1702443730405434,0.03381144725109686,High (Strong Signal)
431,431,Q4A,C(AGEBRACKET)[T.30_44],-0.8033940663473432,0.14967415066174583,False,-1.8963638685412287,0.2895757358465424,0.08278756254241043,0.13100723378317475,0.04821967124076432,Low/Moderate,431,0.0010763528973357448,0.9946431381646305,False,-0.3131402498694171,0.3152929556640886,0.13643292578944655,0.1702443730405434,0.03381144725109686,High (Strong Signal)
432,432,Q4A,C(AGEBRACKET)[T.45_59],-1.8276921799623205,0.0008893334144008964,True,-2.9055736483670307,-0.7498107115576103,0.08278756254241043,0.13100723378317475,0.04821967124076432,Low/Moderate,432,-0.17155926070275268,0.2789951903255268,False,-0.48216003225758963,0.13904151085208427,0.13643292578944655,0.1702443730405434,0.03381144725109686,High (Strong Signal)
433,433,Q4A,C(AGEBRACKET)[T.60plus],-0.7759232965894596,0.15575850441078953,False,-1.8472870628588685,0.2954404696799493,0.08278756254241043,0.13100723378317475,0.04821967124076432,Low/Moderate,433,-0.2381878200112053,0.13032904183137292,False,-0.5467797129670089,0.07040407294459833,0.13643292578944655,0.1702443730405434,0.03381144725109686,High (Strong Signal)
434,434,Q4A,C(EDUCATION)[T.HS_graduate_or_equivalent],1.1144471305184107,0.10609971404386688,False,-0.2372298513479154,2.466124112384737,0.08278756254241043,0.13100723378317475,0.04821967124076432,Low/Moderate,434,0.008350384924619045,0.9663566648316411,False,-0.3796809991328945,0.39638176898213257,0.13643292578944655,0.1702443730405434,0.03381144725109686,High (Strong Signal)
435,435,Q4A,C(EDUCATION)[T.No_HS_diploma],0.8536597343395983,0.5662957971932606,False,-2.063685519183253,3.7710049878624496,0.08278756254241043,0.13100723378317475,0.04821967124076432,Low/Moderate,435,-0.0545982634485934,0.8983309700282103,False,-0.8921235570259959,0.782927030128809,0.13643292578944655,0.1702443730405434,0.03381144725109686,High (Strong Signal)
436,436,Q4A,C(EDUCATION)[T.Some_college],0.4147769319352762,0.29792630551195864,False,-0.36623484362214664,1.195788707492699,0.08278756254241043,0.13100723378317475,0.04821967124076432,Low/Moderate,436,0.21683264581191705,0.0579577446428753,False,-0.0073130703656542895,0.44097836198948837,0.13643292578944655,0.1702443730405434,0.03381144725109686,High (Strong Signal)
437,437,Q4A,C(PARTYBEFORE)[T.Independent],-0.027223718380615033,0.9460743920603637,False,-0.8161011140712396,0.7616536773100097,0.08278756254241043,0.13100723378317475,0.04821967124076432,Low/Moderate,437,0.01684292440950806,0.8834983568960499,False,-0.2084365240156743,0.2421223728346904,0.13643292578944655,0.1702443730405434,0.03381144725109686,High (Strong Signal)
438,438,Q4A,C(PARTYBEFORE)[T.Republican],-0.48144001331560654,0.290719847747017,False,-1.3745455333722079,0.4116655067409947,0.08278756254241043,0.13100723378317475,0.04821967124076432,Low/Moderate,438,-0.06258185978341615,0.6327614223666754,False,-0.31927286444875447,0.19410914488192219,0.13643292578944655,0.1702443730405434,0.03381144725109686,High (Strong Signal)
439,439,Q4A,C(GENDER)[T.Male],-0.13192789392082876,0.7000702034704358,False,-0.8031549696793547,0.5392991818376971,0.08278756254241043,0.13100723378317475,0.04821967124076432,Low/Moderate,439,-0.008754439034758093,0.9290633258198774,False,-0.20149464234506992,0.18398576427555374,0.13643292578944655,0.1702443730405434,0.03381144725109686,High (Strong Signal)
440,440,Q4A,RACE_majority[T.True],-1.768114431596231,0.43234443295773994,False,-6.181641839903865,2.645412976711403,0.08278756254241043,0.13100723378317475,0.04821967124076432,Low/Moderate,440,0.1357974197310029,0.8288882815813875,False,-1.0956882593236652,1.3672830987856712,0.13643292578944655,0.1702443730405434,0.03381144725109686,High (Strong Signal)
441,441,Q4A,AGEBRACKET_majority[T.True],-0.3119954854133497,0.3954226829927916,False,-1.0315557433921536,0.40756477256545426,0.08278756254241043,0.13100723378317475,0.04821967124076432,Low/Moderate,441,0.1447968328661318,0.16825521306336844,False,-0.06117647190810485,0.35077013764036846,0.13643292578944655,0.1702443730405434,0.03381144725109686,High (Strong Signal)
442,442,Q4A,EDUCATION_majority[T.True],1.0490450485692258,0.013504898499381688,True,0.21667691349873852,1.881413183639713,0.08278756254241043,0.13100723378317475,0.04821967124076432,Low/Moderate,442,0.16327560164354651,0.17978382503862533,False,-0.07528806691991577,0.4018392702070088,0.13643292578944655,0.1702443730405434,0.03381144725109686,High (Strong Signal)
443,443,Q4A,PARTYBEFORE_majority[T.True],0.3630592046802768,0.32709433134498533,False,-0.36305818946405916,1.0891765988246127,0.08278756254241043,0.13100723378317475,0.04821967124076432,Low/Moderate,443,0.02997797745071497,0.7769539408829161,False,-0.17742642580984486,0.23738238071127482,0.13643292578944655,0.1702443730405434,0.03381144725109686,High (Strong Signal)
444,444,Q4A,GENDER_majority[T.True],-0.7071257877015374,0.04222800624664203,True,-1.3894298259280136,-0.024821749475061328,0.08278756254241043,0.13100723378317475,0.04821967124076432,Low/Moderate,444,-0.22802678102181137,0.022312438490222915,True,-0.4236167065507732,-0.0324368554928495,0.13643292578944655,0.1702443730405434,0.03381144725109686,High (Strong Signal)
445,445,Q4A,RACE_diversity,-0.2202082183313259,0.35255516008441934,False,-0.684471880501381,0.24405544383872915,0.08278756254241043,0.13100723378317475,0.04821967124076432,Low/Moderate,445,-0.12365185728990136,0.056569034280144384,False,-0.25076288245136574,0.003459167871563029,0.13643292578944655,0.1702443730405434,0.03381144725109686,High (Strong Signal)
446,446,Q4A,AGEBRACKET_diversity,0.2500642927144057,0.2511888046566958,False,-0.1770653351549878,0.6771939205837992,0.08278756254241043,0.13100723378317475,0.04821967124076432,Low/Moderate,446,0.0029289273174742977,0.9607175889669375,False,-0.11362396352071308,0.11948181815566167,0.13643292578944655,0.1702443730405434,0.03381144725109686,High (Strong Signal)
447,447,Q4A,EDUCATION_diversity,-0.016179880549021555,0.9460635650926524,False,-0.4849393557166816,0.45257959461863856,0.08278756254241043,0.13100723378317475,0.04821967124076432,Low/Moderate,447,-0.02274136936100241,0.7286494369774712,False,-0.15122034329807307,0.10573760457606826,0.13643292578944655,0.1702443730405434,0.03381144725109686,High (Strong Signal)
448,448,Q4A,PARTYBEFORE_diversity,0.045625526752075464,0.8417829631006544,False,-0.40236242607741723,0.4936134795815682,0.08278756254241043,0.13100723378317475,0.04821967124076432,Low/Moderate,448,-0.027839323649576406,0.6567394195436935,False,-0.1506154147203992,0.09493676742124638,0.13643292578944655,0.1702443730405434,0.03381144725109686,High (Strong Signal)
449,449,Q4A,GENDER_diversity,0.15497022685983824,0.49039670150948944,False,-0.2854324852714444,0.5953729389911209,0.08278756254241043,0.13100723378317475,0.04821967124076432,Low/Moderate,449,-0.00997943207247912,0.87089077872905,False,-0.13032444431014445,0.1103655801651862,0.13643292578944655,0.1702443730405434,0.03381144725109686,High (Strong Signal)
450,450,Q4B,Intercept,-1.3184900379718913,0.18228833726182492,False,-3.2560405308377636,0.6190604548939811,0.04277529057239913,0.0673543853836751,0.024579094811275962,Low/Moderate,450,1.4310219042993986,1.4886511315971001e-05,True,0.783327309160254,2.078716499438543,0.09479765565912111,0.09479765701538466,1.3562635609002339e-09,Low/Moderate
451,451,Q4B,C(RACE)[T.Asian_non_Hispanic],2.138614952051278,0.04143454026329639,True,0.08305376769243455,4.194176136410121,0.04277529057239913,0.0673543853836751,0.024579094811275962,Low/Moderate,451,-0.0025788450733489005,0.9941560211558591,False,-0.6926611424166501,0.6875034522699522,0.09479765565912111,0.09479765701538466,1.3562635609002339e-09,Low/Moderate
452,452,Q4B,C(RACE)[T.Black_non_Hispanic],1.2715873457412157,0.1483411950793777,False,-0.45266792579766,2.9958426172800916,0.04277529057239913,0.0673543853836751,0.024579094811275962,Low/Moderate,452,-0.2911383065663752,0.3217090965926226,False,-0.8669691104832885,0.28469249735053814,0.09479765565912111,0.09479765701538466,1.3562635609002339e-09,Low/Moderate
453,453,Q4B,C(RACE)[T.Hispanic],2.0956965106522567,0.022880372192162924,True,0.29054475756990183,3.900848263734612,0.04277529057239913,0.0673543853836751,0.024579094811275962,Low/Moderate,453,-0.45685252005411664,0.13871704297268297,False,-1.0616230269042781,0.1479179867960448,0.09479765565912111,0.09479765701538466,1.3562635609002339e-09,Low/Moderate
454,454,Q4B,C(RACE)[T.Other_non_Hispanic],1.4694699657997556,0.4332056971968189,False,-2.205460084278454,5.144400015877965,0.04277529057239913,0.0673543853836751,0.024579094811275962,Low/Moderate,454,-0.24865291267972275,0.6930846099262489,False,-1.483476137947045,0.9861703125875994,0.09479765565912111,0.09479765701538466,1.3562635609002339e-09,Low/Moderate
455,455,Q4B,C(RACE)[T.White_non_Hispanic],1.7704443610363902,0.4287306472573279,False,-2.6143898470970726,6.1552785691698535,0.04277529057239913,0.0673543853836751,0.024579094811275962,Low/Moderate,455,-0.35912129310066393,0.627151687457961,False,-1.8081786978371888,1.0899361116358608,0.09479765565912111,0.09479765701538466,1.3562635609002339e-09,Low/Moderate
456,456,Q4B,C(AGEBRACKET)[T.30_44],-0.12786331032807427,0.8036251850304499,False,-1.1357025181315812,0.8799758974754327,0.04277529057239913,0.0673543853836751,0.024579094811275962,Low/Moderate,456,-0.1853102296238938,0.2825528901475848,False,-0.5232970622369977,0.15267660298921013,0.09479765565912111,0.09479765701538466,1.3562635609002339e-09,Low/Moderate
457,457,Q4B,C(AGEBRACKET)[T.45_59],0.3114712173374981,0.5494267273932365,False,-0.7083293192919804,1.3312717539669765,0.04277529057239913,0.0673543853836751,0.024579094811275962,Low/Moderate,457,-0.20800708865025333,0.23077118245887962,False,-0.5482065327680989,0.13219235546759225,0.09479765565912111,0.09479765701538466,1.3562635609002339e-09,Low/Moderate
458,458,Q4B,C(AGEBRACKET)[T.60plus],0.5053551233324706,0.32539365727074687,False,-0.5018069008347702,1.5125171474997114,0.04277529057239913,0.0673543853836751,0.024579094811275962,Low/Moderate,458,-0.05544159639930907,0.747928385290697,False,-0.39356527011784265,0.2826820773192245,0.09479765565912111,0.09479765701538466,1.3562635609002339e-09,Low/Moderate
459,459,Q4B,C(EDUCATION)[T.HS_graduate_or_equivalent],-1.1203906450158463,0.07656111648422582,False,-2.360327632854268,0.11954634282257537,0.04277529057239913,0.0673543853836751,0.024579094811275962,Low/Moderate,459,-0.24228567131918294,0.2531834364707457,False,-0.6578728492480169,0.17330150660965105,0.09479765565912111,0.09479765701538466,1.3562635609002339e-09,Low/Moderate
460,460,Q4B,C(EDUCATION)[T.No_HS_diploma],1.354103186497696,0.3494620299968323,False,-1.4824712644007498,4.190677637396142,0.04277529057239913,0.0673543853836751,0.024579094811275962,Low/Moderate,460,-0.36684498261981807,0.45278732139868927,False,-1.324524381923445,0.5908344166838089,0.09479765565912111,0.09479765701538466,1.3562635609002339e-09,Low/Moderate
461,461,Q4B,C(EDUCATION)[T.Some_college],-0.2584148893467292,0.4870962589026452,False,-0.987237202062318,0.47040742336885966,0.04277529057239913,0.0673543853836751,0.024579094811275962,Low/Moderate,461,0.0906646071823773,0.46449571848046356,False,-0.1522719391599125,0.3336011535246671,0.09479765565912111,0.09479765701538466,1.3562635609002339e-09,Low/Moderate
462,462,Q4B,C(PARTYBEFORE)[T.Independent],0.38898492339023866,0.3018974105266157,False,-0.34950439469394506,1.1274742414744223,0.04277529057239913,0.0673543853836751,0.024579094811275962,Low/Moderate,462,-0.3119989984896454,0.013541089801989039,True,-0.5596515911715272,-0.0643464058077636,0.09479765565912111,0.09479765701538466,1.3562635609002339e-09,Low/Moderate
463,463,Q4B,C(PARTYBEFORE)[T.Republican],0.22891359943324643,0.5958993504139852,False,-0.6171297740178734,1.0749569728843662,0.04277529057239913,0.0673543853836751,0.024579094811275962,Low/Moderate,463,-0.6256281799424088,1.6666551985149543e-05,True,-0.9104336815064036,-0.3408226783784141,0.09479765565912111,0.09479765701538466,1.3562635609002339e-09,Low/Moderate
464,464,Q4B,C(GENDER)[T.Male],-0.1626457426974051,0.6130029959674536,False,-0.7929049913580172,0.46761350596320705,0.04277529057239913,0.0673543853836751,0.024579094811275962,Low/Moderate,464,0.07125214650704001,0.51053825650159,False,-0.14098445284859032,0.28348874586267037,0.09479765565912111,0.09479765701538466,1.3562635609002339e-09,Low/Moderate
465,465,Q4B,RACE_majority[T.True],-0.8656183152382718,0.6826989704358684,False,-5.015940188593019,3.2847035581164756,0.04277529057239913,0.0673543853836751,0.024579094811275962,Low/Moderate,465,-0.24229354402844663,0.7297502336985549,False,-1.6169524055078115,1.1323653174509183,0.09479765565912111,0.09479765701538466,1.3562635609002339e-09,Low/Moderate
466,466,Q4B,AGEBRACKET_majority[T.True],0.08872399316563034,0.7978859872804588,False,-0.5903338192035956,0.7677818055348564,0.04277529057239913,0.0673543853836751,0.024579094811275962,Low/Moderate,466,-0.026193853545406917,0.8198174633139821,False,-0.2515826671172271,0.19919496002641324,0.09479765565912111,0.09479765701538466,1.3562635609002339e-09,Low/Moderate
467,467,Q4B,EDUCATION_majority[T.True],-0.2766357659021771,0.489589482958919,False,-1.0613333535106717,0.5080618217063175,0.04277529057239913,0.0673543853836751,0.024579094811275962,Low/Moderate,467,0.06291299194318382,0.6401278087884537,False,-0.2008343766284248,0.32666036051479247,0.09479765565912111,0.09479765701538466,1.3562635609002339e-09,Low/Moderate
468,468,Q4B,PARTYBEFORE_majority[T.True],0.03927384306574369,0.9103725235493685,False,-0.6445337991717964,0.7230814853032838,0.04277529057239913,0.0673543853836751,0.024579094811275962,Low/Moderate,468,-0.054086929865701946,0.6401539224018579,False,-0.28085089425842064,0.17267703452701672,0.09479765565912111,0.09479765701538466,1.3562635609002339e-09,Low/Moderate
469,469,Q4B,GENDER_majority[T.True],-0.18107266702187325,0.5801171335597693,False,-0.8225895883294767,0.46044425428573016,0.04277529057239913,0.0673543853836751,0.024579094811275962,Low/Moderate,469,-0.13742302009121107,0.21125365163715693,False,-0.3528766989032407,0.07803065872081855,0.09479765565912111,0.09479765701538466,1.3562635609002339e-09,Low/Moderate
470,470,Q4B,RACE_diversity,0.09240104029821854,0.650409046459382,False,-0.30721304934602806,0.49201512994246516,0.04277529057239913,0.0673543853836751,0.024579094811275962,Low/Moderate,470,-0.046508705157435055,0.44408494374021557,False,-0.1656172775406253,0.07259986722575518,0.09479765565912111,0.09479765701538466,1.3562635609002339e-09,Low/Moderate
471,471,Q4B,AGEBRACKET_diversity,0.17025509706992956,0.3671679846558954,False,-0.19977955208182277,0.5402897462216819,0.04277529057239913,0.0673543853836751,0.024579094811275962,Low/Moderate,471,0.05547806212016262,0.3240040528418924,False,-0.05477143477282984,0.16572755901315508,0.09479765565912111,0.09479765701538466,1.3562635609002339e-09,Low/Moderate
472,472,Q4B,EDUCATION_diversity,-0.22885920873995072,0.26314758738041033,False,-0.629719624534579,0.1720012070546775,0.04277529057239913,0.0673543853836751,0.024579094811275962,Low/Moderate,472,0.07042226008084676,0.2485594652438865,False,-0.04919853115633409,0.19004305131802762,0.09479765565912111,0.09479765701538466,1.3562635609002339e-09,Low/Moderate
473,473,Q4B,PARTYBEFORE_diversity,0.09018823888240572,0.6412025797196437,False,-0.28912260447764343,0.4694990822424549,0.04277529057239913,0.0673543853836751,0.024579094811275962,Low/Moderate,473,-0.025192605471252464,0.6615580065854378,False,-0.13798556795588005,0.08760035701337511,0.09479765565912111,0.09479765701538466,1.3562635609002339e-09,Low/Moderate
474,474,Q4B,GENDER_diversity,-0.21483262132089814,0.26255159763564995,False,-0.590655079314121,0.1609898366723247,0.04277529057239913,0.0673543853836751,0.024579094811275962,Low/Moderate,474,-0.0010981682212284289,0.9845495689250773,False,-0.11224300163541635,0.11004666519295948,0.09479765565912111,0.09479765701538466,1.3562635609002339e-09,Low/Moderate
475,475,Q4C,Intercept,1.075695563442466,0.37148222234188877,False,-1.2833999581404538,3.434791085025386,0.06796992047543318,0.06821666428519316,0.00024674380975997696,Low/Moderate,475,0.5174703968088507,0.16288123900145735,False,-0.20933879642892872,1.24427959004663,0.10283894846595719,0.10501969963733386,0.0021807511713766645,High (Strong Signal)
476,476,Q4C,C(RACE)[T.Asian_non_Hispanic],-1.5690535455501855,0.22739277351891563,False,-4.116715495758678,0.9786084046583066,0.06796992047543318,0.06821666428519316,0.00024674380975997696,Low/Moderate,476,-0.5797874985196791,0.14651569632006553,False,-1.362433694806102,0.2028586977667437,0.10283894846595719,0.10501969963733386,0.0021807511713766645,High (Strong Signal)
477,477,Q4C,C(RACE)[T.Black_non_Hispanic],-0.5609536191549053,0.6118946642652725,False,-2.727907004889084,1.6059997665792736,0.06796992047543318,0.06821666428519316,0.00024674380975997696,Low/Moderate,477,-0.18369811267544695,0.5884497710057391,False,-0.8491063802099934,0.48171015485909946,0.10283894846595719,0.10501969963733386,0.0021807511713766645,High (Strong Signal)
478,478,Q4C,C(RACE)[T.Hispanic],-1.8688909094833346,0.10083632870544357,False,-4.101296332566065,0.3635145135993956,0.06796992047543318,0.06821666428519316,0.00024674380975997696,Low/Moderate,478,-0.4895376851756022,0.16097972984366582,False,-1.1740055975598416,0.19493022720863712,0.10283894846595719,0.10501969963733386,0.0021807511713766645,High (Strong Signal)
479,479,Q4C,C(RACE)[T.Other_non_Hispanic],0.13220182150949514,0.9507037964586174,False,-4.058970682970823,4.323374325989814,0.06796992047543318,0.06821666428519316,0.00024674380975997696,Low/Moderate,479,0.9933992067532389,0.12998918002111157,False,-0.2924929883665315,2.2792914018730093,0.10283894846595719,0.10501969963733386,0.0021807511713766645,High (Strong Signal)
480,480,Q4C,C(RACE)[T.White_non_Hispanic],-8.203996382852791,0.00513883325477302,True,-13.950383083216774,-2.4576096824888074,0.06796992047543318,0.06821666428519316,0.00024674380975997696,Low/Moderate,480,0.03110957860254257,0.9724105662894729,False,-1.7318928986725368,1.794112055877622,0.10283894846595719,0.10501969963733386,0.0021807511713766645,High (Strong Signal)
481,481,Q4C,C(AGEBRACKET)[T.30_44],0.23809042513839296,0.7061620093666533,False,-0.9996531968739227,1.4758340471507085,0.06796992047543318,0.06821666428519316,0.00024674380975997696,Low/Moderate,481,0.20523371422228745,0.29541805133749643,False,-0.17921333245329016,0.589680760897865,0.10283894846595719,0.10501969963733386,0.0021807511713766645,High (Strong Signal)
482,482,Q4C,C(AGEBRACKET)[T.45_59],-0.1388371473343946,0.8231100639996022,False,-1.356103356672582,1.0784290620037928,0.06796992047543318,0.06821666428519316,0.00024674380975997696,Low/Moderate,482,0.0490918383419695,0.7962695534667836,False,-0.32358996855120215,0.42177364523514116,0.10283894846595719,0.10501969963733386,0.0021807511713766645,High (Strong Signal)
483,483,Q4C,C(AGEBRACKET)[T.60plus],-0.14148148085005813,0.817780732253754,False,-1.34503292347018,1.0620699617700637,0.06796992047543318,0.06821666428519316,0.00024674380975997696,Low/Moderate,483,0.0461272089098607,0.8068028757490435,False,-0.3235587858610738,0.4158132036807952,0.10283894846595719,0.10501969963733386,0.0021807511713766645,High (Strong Signal)
484,484,Q4C,C(EDUCATION)[T.HS_graduate_or_equivalent],-1.2281340673281147,0.11443281234581565,False,-2.7529862211661413,0.29671808650991194,0.06796992047543318,0.06821666428519316,0.00024674380975997696,Low/Moderate,484,-0.6281145167756084,0.009163408814905244,True,-1.1005360915305444,-0.1556929420206723,0.10283894846595719,0.10501969963733386,0.0021807511713766645,High (Strong Signal)
485,485,Q4C,C(EDUCATION)[T.No_HS_diploma],-1.7163388226504432,0.28995645301348794,False,-4.895234826182378,1.4625571808814914,0.06796992047543318,0.06821666428519316,0.00024674380975997696,Low/Moderate,485,-0.40310254898205783,0.42022835733086983,False,-1.3833033458009945,0.5770982478368789,0.10283894846595719,0.10501969963733386,0.0021807511713766645,High (Strong Signal)
486,486,Q4C,C(EDUCATION)[T.Some_college],0.316794366403406,0.47617175979194226,False,-0.5546847154808334,1.1882734482876454,0.06796992047543318,0.06821666428519316,0.00024674380975997696,Low/Moderate,486,-0.06649197093905555,0.6364611709818857,False,-0.3422164998834258,0.20923255800531465,0.10283894846595719,0.10501969963733386,0.0021807511713766645,High (Strong Signal)
487,487,Q4C,C(PARTYBEFORE)[T.Independent],0.36868165667509745,0.416760338686853,False,-0.5211634660263658,1.2585267793765607,0.06796992047543318,0.06821666428519316,0.00024674380975997696,Low/Moderate,487,-0.16878466074194054,0.23192753920100517,False,-0.445520109636984,0.10795078815310294,0.10283894846595719,0.10501969963733386,0.0021807511713766645,High (Strong Signal)
488,488,Q4C,C(PARTYBEFORE)[T.Republican],0.14860728714125365,0.7699877697805837,False,-0.8475418292789969,1.1447564035615043,0.06796992047543318,0.06821666428519316,0.00024674380975997696,Low/Moderate,488,0.5940456647355279,0.00013342497633378136,True,0.28925690369743273,0.898834425773623,0.10283894846595719,0.10501969963733386,0.0021807511713766645,High (Strong Signal)
489,489,Q4C,C(GENDER)[T.Male],-0.4119201023835305,0.282298050359963,False,-1.162822380763327,0.3389821759962659,0.06796992047543318,0.06821666428519316,0.00024674380975997696,Low/Moderate,489,0.05896606599792626,0.6155413079243846,False,-0.17117351707713058,0.2891056490729831,0.10283894846595719,0.10501969963733386,0.0021807511713766645,High (Strong Signal)
490,490,Q4C,RACE_majority[T.True],6.736103683491635,0.016281702734626747,True,1.2408667028335376,12.231340664149732,0.06796992047543318,0.06821666428519316,0.00024674380975997696,Low/Moderate,490,-0.404741580696169,0.6379448977361822,False,-2.0905098790691086,1.2810267176767707,0.10283894846595719,0.10501969963733386,0.0021807511713766645,High (Strong Signal)
491,491,Q4C,AGEBRACKET_majority[T.True],-0.19375211745365806,0.6278930918777024,False,-0.9772295407583002,0.589725305850984,0.06796992047543318,0.06821666428519316,0.00024674380975997696,Low/Moderate,491,-0.10565036644402086,0.3887069061763315,False,-0.3458816624343077,0.13458092954626594,0.10283894846595719,0.10501969963733386,0.0021807511713766645,High (Strong Signal)
492,492,Q4C,EDUCATION_majority[T.True],0.20647693485184515,0.6606408879992443,False,-0.7153023092732724,1.1282561789769627,0.06796992047543318,0.06821666428519316,0.00024674380975997696,Low/Moderate,492,-0.004683815898966138,0.9750815289127334,False,-0.2985813620905917,0.2892137302926594,0.10283894846595719,0.10501969963733386,0.0021807511713766645,High (Strong Signal)
493,493,Q4C,PARTYBEFORE_majority[T.True],-0.11934155759051084,0.7717017351951215,False,-0.9254949872844668,0.6868118721034452,0.06796992047543318,0.06821666428519316,0.00024674380975997696,Low/Moderate,493,0.2556731476517399,0.043464744345302564,True,0.007502525850799108,0.5038437694526806,0.10283894846595719,0.10501969963733386,0.0021807511713766645,High (Strong Signal)
494,494,Q4C,GENDER_majority[T.True],0.21981715077824596,0.5683290857040009,False,-0.5353503824776307,0.9749846840341225,0.06796992047543318,0.06821666428519316,0.00024674380975997696,Low/Moderate,494,0.028020765068547546,0.812698841756819,False,-0.2037608972499686,0.2598024273870637,0.10283894846595719,0.10501969963733386,0.0021807511713766645,High (Strong Signal)
495,495,Q4C,RACE_diversity,0.1497854160438689,0.48727706315968955,False,-0.2728384011468424,0.5724092332345803,0.06796992047543318,0.06821666428519316,0.00024674380975997696,Low/Moderate,495,-0.001545733147074836,0.9815673709493473,False,-0.13267413062640487,0.12958266433225518,0.10283894846595719,0.10501969963733386,0.0021807511713766645,High (Strong Signal)
496,496,Q4C,AGEBRACKET_diversity,-0.5060681797435936,0.010748334461200614,True,-0.8949205754375074,-0.11721578404967997,0.06796992047543318,0.06821666428519316,0.00024674380975997696,Low/Moderate,496,0.060108230086552104,0.32728638037514823,False,-0.06015579816495937,0.18037225833806358,0.10283894846595719,0.10501969963733386,0.0021807511713766645,High (Strong Signal)
497,497,Q4C,EDUCATION_diversity,-0.33145429728524445,0.14692407427901186,False,-0.7793318685167752,0.11642327394628632,0.06796992047543318,0.06821666428519316,0.00024674380975997696,Low/Moderate,497,0.025366933344757047,0.7325319569014396,False,-0.12011048153358232,0.1708443482230964,0.10283894846595719,0.10501969963733386,0.0021807511713766645,High (Strong Signal)
498,498,Q4C,PARTYBEFORE_diversity,0.04966597431615897,0.8104114766974965,False,-0.35610916264909687,0.45544111128141485,0.06796992047543318,0.06821666428519316,0.00024674380975997696,Low/Moderate,498,0.04628238619547464,0.46996433107372493,False,-0.07926384728599292,0.1718286196769422,0.10283894846595719,0.10501969963733386,0.0021807511713766645,High (Strong Signal)
499,499,Q4C,GENDER_diversity,-0.13988126314619098,0.487179814832734,False,-0.534472099686612,0.25470957339423006,0.06796992047543318,0.06821666428519316,0.00024674380975997696,Low/Moderate,499,-0.10755679368461511,0.0858127746024735,False,-0.23026826774860432,0.015154680379374078,0.10283894846595719,0.10501969963733386,0.0021807511713766645,High (Strong Signal)
500,500,Q4D,Intercept,0.28907568808968764,0.724065166505734,False,-1.3158198172830327,1.893971193462408,0.03785803134091462,0.09944616830300972,0.061588136962095086,Low/Moderate,500,0.30303187881571253,0.2729724745775036,False,-0.23875639575753865,0.8448201533889637,0.1222986009718076,0.19813047755198362,0.07583187658017602,High (Strong Signal)
501,501,Q4D,C(RACE)[T.Asian_non_Hispanic],0.39242119365431927,0.6473058461074856,False,-1.288710404418914,2.0735527917275522,0.03785803134091462,0.09944616830300972,0.061588136962095086,Low/Moderate,501,0.6113961661763463,0.03405973756265076,True,0.045983804113009286,1.1768085282396834,0.1222986009718076,0.19813047755198362,0.07583187658017602,High (Strong Signal)
502,502,Q4D,C(RACE)[T.Black_non_Hispanic],-0.14463704603144054,0.8417078628839955,False,-1.564116565440506,1.274842473377625,0.03785803134091462,0.09944616830300972,0.061588136962095086,Low/Moderate,502,0.6534173265122606,0.007427690750476731,True,0.17502444178051374,1.1318102112440074,0.1222986009718076,0.19813047755198362,0.07583187658017602,High (Strong Signal)
503,503,Q4D,C(RACE)[T.Hispanic],-0.16080698884925984,0.8318702715690847,False,-1.6453605594932874,1.3237465817947678,0.03785803134091462,0.09944616830300972,0.061588136962095086,Low/Moderate,503,0.27913863337558836,0.272984501099636,False,-0.21994361315632832,0.778220879907505,0.1222986009718076,0.19813047755198362,0.07583187658017602,High (Strong Signal)
504,504,Q4D,C(RACE)[T.Other_non_Hispanic],0.7390780353525886,0.6731566890463168,False,-2.69501153149415,4.173167602199327,0.03785803134091462,0.09944616830300972,0.061588136962095086,Low/Moderate,504,1.9241542868462713,0.0011094462527404935,True,0.7677451202191805,3.080563453473362,0.1222986009718076,0.19813047755198362,0.07583187658017602,High (Strong Signal)
505,505,Q4D,C(RACE)[T.White_non_Hispanic],1.655171661416537,0.3742164333943474,False,-1.9955886221710684,5.305931945004143,0.03785803134091462,0.09944616830300972,0.061588136962095086,Low/Moderate,505,0.5474173256818393,0.3851997651310889,False,-0.6881575991906981,1.7829922505543767,0.1222986009718076,0.19813047755198362,0.07583187658017602,High (Strong Signal)
506,506,Q4D,C(AGEBRACKET)[T.30_44],0.06692657141635358,0.8742010041138439,False,-0.7615842729503536,0.8954374157830608,0.03785803134091462,0.09944616830300972,0.061588136962095086,Low/Moderate,506,0.09512857772989618,0.5057519824334216,False,-0.1850485715870943,0.3753057270468867,0.1222986009718076,0.19813047755198362,0.07583187658017602,High (Strong Signal)
507,507,Q4D,C(AGEBRACKET)[T.45_59],-0.2353832181945486,0.5773560573784897,False,-1.0632736328355301,0.5925071964464328,0.03785803134091462,0.09944616830300972,0.061588136962095086,Low/Moderate,507,-0.0004442264803379904,0.9975120150296211,False,-0.2796626942062654,0.2787742412455894,0.1222986009718076,0.19813047755198362,0.07583187658017602,High (Strong Signal)
508,508,Q4D,C(AGEBRACKET)[T.60plus],-0.2729552866859968,0.5163407787847001,False,-1.0972782379332493,0.5513676645612556,0.03785803134091462,0.09944616830300972,0.061588136962095086,Low/Moderate,508,0.05041737408430613,0.7210970611925538,False,-0.22638425220032965,0.3272190003689419,0.1222986009718076,0.19813047755198362,0.07583187658017602,High (Strong Signal)
509,509,Q4D,C(EDUCATION)[T.HS_graduate_or_equivalent],0.2695812775195041,0.6071930752060222,False,-0.7582066293724246,1.2973691844114328,0.03785803134091462,0.09944616830300972,0.061588136962095086,Low/Moderate,509,0.25208364444770925,0.1537058209426653,False,-0.0942556161626879,0.5984229050581065,0.1222986009718076,0.19813047755198362,0.07583187658017602,High (Strong Signal)
510,510,Q4D,C(EDUCATION)[T.No_HS_diploma],-0.08686282623555142,0.9385349368446544,False,-2.29468224516983,2.120956592698727,0.03785803134091462,0.09944616830300972,0.061588136962095086,Low/Moderate,510,-0.3010876777829215,0.42778189745204287,False,-1.045256920033833,0.44308156446799013,0.1222986009718076,0.19813047755198362,0.07583187658017602,High (Strong Signal)
511,511,Q4D,C(EDUCATION)[T.Some_college],-0.499665654247897,0.10630111771621306,False,-1.1060432819775,0.10671197348170591,0.03785803134091462,0.09944616830300972,0.061588136962095086,Low/Moderate,511,0.12480149698280049,0.23151155187407857,False,-0.0796378754665234,0.3292408694321244,0.1222986009718076,0.19813047755198362,0.07583187658017602,High (Strong Signal)
512,512,Q4D,C(PARTYBEFORE)[T.Independent],-0.12628480706379883,0.6824054916194786,False,-0.7311823092405644,0.47861269511296667,0.03785803134091462,0.09944616830300972,0.061588136962095086,Low/Moderate,512,-0.25602984308493787,0.013645332294814252,True,-0.4594825075775708,-0.0525771785923049,0.1222986009718076,0.19813047755198362,0.07583187658017602,High (Strong Signal)
513,513,Q4D,C(PARTYBEFORE)[T.Republican],-0.6816835209052081,0.053056636664556144,False,-1.3723544993964527,0.008987457586036363,0.03785803134091462,0.09944616830300972,0.061588136962095086,Low/Moderate,513,-0.4057289894437831,0.0006197590032082737,True,-0.638056432921369,-0.17340154596619717,0.1222986009718076,0.19813047755198362,0.07583187658017602,High (Strong Signal)
514,514,Q4D,C(GENDER)[T.Male],0.22081529777799844,0.40267611482431565,False,-0.296349450174502,0.7379800457304989,0.03785803134091462,0.09944616830300972,0.061588136962095086,Low/Moderate,514,-0.10318831525648565,0.2456965838938444,False,-0.2774077870565095,0.07103115654353816,0.1222986009718076,0.19813047755198362,0.07583187658017602,High (Strong Signal)
515,515,Q4D,RACE_majority[T.True],-1.437530424174551,0.41484268495431265,False,-4.892894214701617,2.017833366352514,0.03785803134091462,0.09944616830300972,0.061588136962095086,Low/Moderate,515,-0.27910942024319163,0.6399122037783052,False,-1.4484535940370655,0.8902347535506823,0.1222986009718076,0.19813047755198362,0.07583187658017602,High (Strong Signal)
516,516,Q4D,AGEBRACKET_majority[T.True],-0.092366507959303,0.7475053214040277,False,-0.6547084119564808,0.46997539603787475,0.03785803134091462,0.09944616830300972,0.061588136962095086,Low/Moderate,516,-0.1634175494522079,0.09138618533458086,False,-0.35314963228220037,0.026314533377784555,0.1222986009718076,0.19813047755198362,0.07583187658017602,High (Strong Signal)
517,517,Q4D,EDUCATION_majority[T.True],-0.0733618620971138,0.8233436168540467,False,-0.7174327395876305,0.5707090153934029,0.03785803134091462,0.09944616830300972,0.061588136962095086,Low/Moderate,517,-0.021627135286357013,0.8455218751380938,False,-0.23918731619671119,0.19593304562399716,0.1222986009718076,0.19813047755198362,0.07583187658017602,High (Strong Signal)
518,518,Q4D,PARTYBEFORE_majority[T.True],0.07301954737231843,0.7991880372900898,False,-0.48954635455335627,0.6355854492979931,0.03785803134091462,0.09944616830300972,0.061588136962095086,Low/Moderate,518,-0.003076668672775524,0.9746099055374886,False,-0.19254265249606178,0.18638931515051071,0.1222986009718076,0.19813047755198362,0.07583187658017602,High (Strong Signal)
519,519,Q4D,GENDER_majority[T.True],-0.32433698176101283,0.22621422325114982,False,-0.8496264572379375,0.2009524937159119,0.03785803134091462,0.09944616830300972,0.061588136962095086,Low/Moderate,519,-0.12930295637257333,0.15240248393607247,False,-0.3063903089168715,0.04778439617172486,0.1222986009718076,0.19813047755198362,0.07583187658017602,High (Strong Signal)
520,520,Q4D,RACE_diversity,-0.09602199813114562,0.6189632021176938,False,-0.4744494620470725,0.2824054657847812,0.03785803134091462,0.09944616830300972,0.061588136962095086,Low/Moderate,520,-0.11096150370770495,0.1128727837858741,False,-0.24813756105433826,0.026214553638928342,0.1222986009718076,0.19813047755198362,0.07583187658017602,High (Strong Signal)
521,521,Q4D,AGEBRACKET_diversity,-0.10622928601858385,0.5521795468795475,False,-0.45645051378346607,0.2439919417462984,0.03785803134091462,0.09944616830300972,0.061588136962095086,Low/Moderate,521,0.05472907578640721,0.3981220217177036,False,-0.07221714906939417,0.18167530064220858,0.1222986009718076,0.19813047755198362,0.07583187658017602,High (Strong Signal)
522,522,Q4D,EDUCATION_diversity,0.023846553888380178,0.9022567622565485,False,-0.3567251066025751,0.4044182143793355,0.03785803134091462,0.09944616830300972,0.061588136962095086,Low/Moderate,522,0.09080107195754412,0.19660191187053944,False,-0.04701951344123616,0.2286216573563244,0.1222986009718076,0.19813047755198362,0.07583187658017602,High (Strong Signal)
523,523,Q4D,PARTYBEFORE_diversity,-0.1496116126933776,0.4122231399455679,False,-0.5072186665838231,0.2079954411970679,0.03785803134091462,0.09944616830300972,0.061588136962095086,Low/Moderate,523,-0.10402891517491626,0.11596251174880454,False,-0.23373605015625937,0.025678219806426858,0.1222986009718076,0.19813047755198362,0.07583187658017602,High (Strong Signal)
524,524,Q4D,GENDER_diversity,-0.12461328468753527,0.49921402847996765,False,-0.48605743560339887,0.23683086622832836,0.03785803134091462,0.09944616830300972,0.061588136962095086,Low/Moderate,524,-0.020960069043753974,0.7541099888918426,False,-0.15211507200678062,0.11019493391927268,0.1222986009718076,0.19813047755198362,0.07583187658017602,High (Strong Signal)
525,525,Q4E,Intercept,-0.03901095256480464,0.9625982118245389,False,-1.6695199380799328,1.5914980329503237,0.054556852910876225,0.08973887819516066,0.03518202528428444,Low/Moderate,525,0.4058967226930338,0.23590111434108596,False,-0.26528086706661713,1.0770743124526847,0.03952463372375251,0.08371275208940926,0.04418811836565675,Low/Moderate
526,526,Q4E,C(RACE)[T.Asian_non_Hispanic],-0.2480023554108896,0.7734649064741869,False,-1.9366702822340676,1.4406655714122882,0.054556852910876225,0.08973887819516066,0.03518202528428444,Low/Moderate,526,-0.06864561243555066,0.8486544682956608,False,-0.7736660212423834,0.636374796371282,0.03952463372375251,0.08371275208940926,0.04418811836565675,Low/Moderate
527,527,Q4E,C(RACE)[T.Black_non_Hispanic],0.8072143527280269,0.2680656530659473,False,-0.6212920686952814,2.235720774151335,0.054556852910876225,0.08973887819516066,0.03518202528428444,Low/Moderate,527,0.1203793235958211,0.6931391733290755,False,-0.47754261565672157,0.7183012628483638,0.03952463372375251,0.08371275208940926,0.04418811836565675,Low/Moderate
528,528,Q4E,C(RACE)[T.Hispanic],0.5370106649599737,0.48000879477691805,False,-0.9532042902372266,2.027225620157174,0.054556852910876225,0.08973887819516066,0.03518202528428444,Low/Moderate,528,-0.03702801033859914,0.9072707000868124,False,-0.6600743519958479,0.5860183313186496,0.03952463372375251,0.08371275208940926,0.04418811836565675,Low/Moderate
529,529,Q4E,C(RACE)[T.Other_non_Hispanic],-1.4975580878275396,0.33935604306369904,False,-4.569613720882771,1.5744975452276915,0.054556852910876225,0.08973887819516066,0.03518202528428444,Low/Moderate,529,1.5901260701297968,0.014295505285202029,True,0.31791926790286795,2.862332872356726,0.03952463372375251,0.08371275208940926,0.04418811836565675,Low/Moderate
530,530,Q4E,C(RACE)[T.White_non_Hispanic],3.190596958138669,0.08724379529972207,False,-0.4661390054901551,6.847332921767493,0.054556852910876225,0.08973887819516066,0.03518202528428444,Low/Moderate,530,-0.20317961902629442,0.7940642767463395,False,-1.7287309166761333,1.3223716786235444,0.03952463372375251,0.08371275208940926,0.04418811836565675,Low/Moderate
531,531,Q4E,C(AGEBRACKET)[T.30_44],-0.8263449846621612,0.0535099924857607,False,-1.6651793226712237,0.012489353346901377,0.054556852910876225,0.08973887819516066,0.03518202528428444,Low/Moderate,531,-0.2710484233036964,0.12764029018911824,False,-0.6197549508730789,0.07765810426568615,0.03952463372375251,0.08371275208940926,0.04418811836565675,Low/Moderate
532,532,Q4E,C(AGEBRACKET)[T.45_59],-0.5318165951456603,0.2105792570803947,False,-1.3643747694158186,0.30074157912449806,0.054556852910876225,0.08973887819516066,0.03518202528428444,Low/Moderate,532,-0.2626749750266029,0.13834376523797456,False,-0.6100690515556496,0.08471910150244377,0.03952463372375251,0.08371275208940926,0.04418811836565675,Low/Moderate
533,533,Q4E,C(AGEBRACKET)[T.60plus],-0.45248745530851836,0.28670000942408036,False,-1.2849151013629303,0.3799401907458935,0.054556852910876225,0.08973887819516066,0.03518202528428444,Low/Moderate,533,-0.18846500629525087,0.2849047873988476,False,-0.5338889576846071,0.15695894509410535,0.03952463372375251,0.08371275208940926,0.04418811836565675,Low/Moderate
534,534,Q4E,C(EDUCATION)[T.HS_graduate_or_equivalent],0.03232384911005096,0.9516534907534209,False,-1.0125890354492966,1.0772367336693986,0.054556852910876225,0.08973887819516066,0.03518202528428444,Low/Moderate,534,-0.3070075906515862,0.16575989235993294,False,-0.7411650856128011,0.1271499043096287,0.03952463372375251,0.08371275208940926,0.04418811836565675,Low/Moderate
535,535,Q4E,C(EDUCATION)[T.No_HS_diploma],2.4707955886370794,0.02892614374268493,True,0.2539546708977083,4.6876365063764505,0.054556852910876225,0.08973887819516066,0.03518202528428444,Low/Moderate,535,0.505559918892752,0.2846295945324243,False,-0.42051521644491296,1.431635054230417,0.03952463372375251,0.08371275208940926,0.04418811836565675,Low/Moderate
536,536,Q4E,C(EDUCATION)[T.Some_college],-0.6253319725407942,0.04545634435573489,True,-1.2380213943887277,-0.012642550692860799,0.054556852910876225,0.08973887819516066,0.03518202528428444,Low/Moderate,536,-0.03207994748745768,0.8056325622168621,False,-0.2876049305723082,0.22344503559739282,0.03952463372375251,0.08371275208940926,0.04418811836565675,Low/Moderate
537,537,Q4E,C(PARTYBEFORE)[T.Independent],0.3889053136025025,0.21495045837727222,False,-0.22577127250686985,1.0035818997118748,0.054556852910876225,0.08973887819516066,0.03518202528428444,Low/Moderate,537,-0.025465151197058628,0.8462454602580648,False,-0.2828551032537759,0.23192480085965864,0.03952463372375251,0.08371275208940926,0.04418811836565675,Low/Moderate
538,538,Q4E,C(PARTYBEFORE)[T.Republican],0.18577863723592433,0.6026885386293537,False,-0.513727117696095,0.8852843921679437,0.054556852910876225,0.08973887819516066,0.03518202528428444,Low/Moderate,538,0.019292994886585795,0.8969869168287312,False,-0.2727746774834878,0.31136066725665945,0.03952463372375251,0.08371275208940926,0.04418811836565675,Low/Moderate
539,539,Q4E,C(GENDER)[T.Male],0.09359071602758956,0.7323944131828672,False,-0.44285798413675564,0.6300394161919347,0.054556852910876225,0.08973887819516066,0.03518202528428444,Low/Moderate,539,0.03034898462129385,0.7855791468734598,False,-0.18829338951097585,0.24899135875356354,0.03952463372375251,0.08371275208940926,0.04418811836565675,Low/Moderate
540,540,Q4E,RACE_majority[T.True],-2.3684812569759632,0.181170080672169,False,-5.840118458060871,1.1031559441089454,0.054556852910876225,0.08973887819516066,0.03518202528428444,Low/Moderate,540,0.4094081526126153,0.5785027550493151,False,-1.034911771596514,1.8537280768217448,0.03952463372375251,0.08371275208940926,0.04418811836565675,Low/Moderate
541,541,Q4E,AGEBRACKET_majority[T.True],-0.0597214543543604,0.8357705252464698,False,-0.6243536257175755,0.5049107170088547,0.054556852910876225,0.08973887819516066,0.03518202528428444,Low/Moderate,541,0.03255719828429418,0.7858785701959808,False,-0.2023299487911803,0.2674443453597687,0.03952463372375251,0.08371275208940926,0.04418811836565675,Low/Moderate
542,542,Q4E,EDUCATION_majority[T.True],-0.45826453883236085,0.17112948792401317,False,-1.1145503675928619,0.19802128992814005,0.054556852910876225,0.08973887819516066,0.03518202528428444,Low/Moderate,542,-0.11580135310682263,0.40464213808844385,False,-0.3881526540183291,0.15654994780468387,0.03952463372375251,0.08371275208940926,0.04418811836565675,Low/Moderate
543,543,Q4E,PARTYBEFORE_majority[T.True],0.1750484595584392,0.5464497748767527,False,-0.39383760078814234,0.7439345199050207,0.054556852910876225,0.08973887819516066,0.03518202528428444,Low/Moderate,543,-0.011118088883153172,0.9270604383811459,False,-0.24915751748415754,0.22692133971785122,0.03952463372375251,0.08371275208940926,0.04418811836565675,Low/Moderate
544,544,Q4E,GENDER_majority[T.True],-0.04387720771350234,0.8712770790012742,False,-0.5746077864118424,0.4868533709848377,0.054556852910876225,0.08973887819516066,0.03518202528428444,Low/Moderate,544,0.06894952600973145,0.5425668702649454,False,-0.15297624421045367,0.2908752962299166,0.03952463372375251,0.08371275208940926,0.04418811836565675,Low/Moderate
545,545,Q4E,RACE_diversity,0.017531524431219848,0.9205015889451169,False,-0.3267620396970953,0.361825088559535,0.054556852910876225,0.08973887819516066,0.03518202528428444,Low/Moderate,545,0.010232923941211187,0.8927192631899931,False,-0.1384808620202256,0.158946709902648,0.03952463372375251,0.08371275208940926,0.04418811836565675,Low/Moderate
546,546,Q4E,AGEBRACKET_diversity,0.10746889378171375,0.5082559220358573,False,-0.21092473405904788,0.4258625216224754,0.054556852910876225,0.08973887819516066,0.03518202528428444,Low/Moderate,546,0.12143399489620942,0.08384920684746784,False,-0.016239287842403374,0.2591072776348222,0.03952463372375251,0.08371275208940926,0.04418811836565675,Low/Moderate
547,547,Q4E,EDUCATION_diversity,0.13522558314284064,0.4445598363132929,False,-0.2114477247232794,0.48189889100896066,0.054556852910876225,0.08973887819516066,0.03518202528428444,Low/Moderate,547,-0.006518518237332375,0.9320764574639147,False,-0.1564148946715231,0.14337785819685836,0.03952463372375251,0.08371275208940926,0.04418811836565675,Low/Moderate
548,548,Q4E,PARTYBEFORE_diversity,-0.11035312805536929,0.5075937804519486,False,-0.4367819367148412,0.21607568060410265,0.054556852910876225,0.08973887819516066,0.03518202528428444,Low/Moderate,548,0.09008610804477261,0.2112195679492206,False,-0.051141573768448814,0.23131378985799406,0.03952463372375251,0.08371275208940926,0.04418811836565675,Low/Moderate
549,549,Q4E,GENDER_diversity,0.07023354422588307,0.6783789661032942,False,-0.2617247912429804,0.40219187969474657,0.054556852910876225,0.08973887819516066,0.03518202528428444,Low/Moderate,549,-0.016496357461573387,0.8215492034120864,False,-0.1598430905000584,0.12685037557691164,0.03952463372375251,0.08371275208940926,0.04418811836565675,Low/Moderate
550,550,Q4G,Intercept,1.3456123428706894,0.14492847612346635,False,-0.4636666618206968,3.1548913475620757,0.05753027150368782,0.09761061355753983,0.04008034205385202,Low/Moderate,550,1.383485174503229,0.0007562913973493017,True,0.578459179999338,2.18851116900712,0.21123919775691466,0.24126172913619112,0.03002253137927645,High (Strong Signal)
551,551,Q4G,C(RACE)[T.Asian_non_Hispanic],-0.594357506841409,0.5442725637791357,False,-2.515510225210092,1.3267952115272736,0.05753027150368782,0.09761061355753983,0.04008034205385202,Low/Moderate,551,-0.940953891446175,0.0310260588413369,True,-1.7960579691470973,-0.0858498137452528,0.21123919775691466,0.24126172913619112,0.03002253137927645,High (Strong Signal)
552,552,Q4G,C(RACE)[T.Black_non_Hispanic],-0.5407813791231743,0.5109927866863717,False,-2.1533235085887585,1.0717607503424098,0.05753027150368782,0.09761061355753983,0.04008034205385202,Low/Moderate,552,0.5088899866631343,0.16980697774114317,False,-0.21764585156878935,1.235425824895058,0.21123919775691466,0.24126172913619112,0.03002253137927645,High (Strong Signal)
553,553,Q4G,C(RACE)[T.Hispanic],-0.1280946117561085,0.8816329101812885,False,-1.8142035040121947,1.5580142804999775,0.05753027150368782,0.09761061355753983,0.04008034205385202,Low/Moderate,553,0.43442010150141114,0.26260788542197333,False,-0.32563247627866027,1.1944726792814826,0.21123919775691466,0.24126172913619112,0.03002253137927645,High (Strong Signal)
554,554,Q4G,C(RACE)[T.Other_non_Hispanic],-2.4509466974629546,0.16264079679645427,False,-5.891437456387848,0.9895440614619391,0.05753027150368782,0.09761061355753983,0.04008034205385202,Low/Moderate,554,-1.0465625802396292,0.18302898983565863,False,-2.587115181810419,0.49399002133116077,0.21123919775691466,0.24126172913619112,0.03002253137927645,High (Strong Signal)
555,555,Q4G,C(RACE)[T.White_non_Hispanic],-0.908042389648691,0.666446871805676,False,-5.037063958178773,3.2209791788813904,0.05753027150368782,0.09761061355753983,0.04008034205385202,Low/Moderate,555,0.16237296122554992,0.8920813533952546,False,-2.183339047101326,2.5080849695524257,0.21123919775691466,0.24126172913619112,0.03002253137927645,High (Strong Signal)
556,556,Q4G,C(AGEBRACKET)[T.30_44],0.6651577880951284,0.164209984622244,False,-0.272036734882118,1.6023523110723747,0.05753027150368782,0.09761061355753983,0.04008034205385202,Low/Moderate,556,0.23032135462236675,0.2905742844948771,False,-0.1968122632508027,0.6574549724955362,0.21123919775691466,0.24126172913619112,0.03002253137927645,High (Strong Signal)
557,557,Q4G,C(AGEBRACKET)[T.45_59],0.5992285189744485,0.21289132986370107,False,-0.3436223944829916,1.5420794324318887,0.05753027150368782,0.09761061355753983,0.04008034205385202,Low/Moderate,557,0.2453711611376418,0.2794735920079684,False,-0.19930518630120664,0.6900475085764902,0.21123919775691466,0.24126172913619112,0.03002253137927645,High (Strong Signal)
558,558,Q4G,C(AGEBRACKET)[T.60plus],-0.05657370507383213,0.9055474906631227,False,-0.9910561166428817,0.8779087064952176,0.05753027150368782,0.09761061355753983,0.04008034205385202,Low/Moderate,558,0.2146793467885991,0.31914432496098255,False,-0.2076818891635039,0.6370405827407021,0.21123919775691466,0.24126172913619112,0.03002253137927645,High (Strong Signal)
559,559,Q4G,C(EDUCATION)[T.HS_graduate_or_equivalent],-1.0227803978645003,0.08681504024075662,False,-2.193396071099645,0.14783527537064467,0.05753027150368782,0.09761061355753983,0.04008034205385202,Low/Moderate,559,-0.14497659130916618,0.5846818475676813,False,-0.6648636967652108,0.3749105141468785,0.21123919775691466,0.24126172913619112,0.03002253137927645,High (Strong Signal)
560,560,Q4G,C(EDUCATION)[T.No_HS_diploma],0.8732777894586964,0.4956047827414709,False,-1.6385197663465503,3.3850753452639433,0.05753027150368782,0.09761061355753983,0.04008034205385202,Low/Moderate,560,0.4839141522083997,0.39995467331052437,False,-0.642914699635887,1.6107430040526862,0.21123919775691466,0.24126172913619112,0.03002253137927645,High (Strong Signal)
561,561,Q4G,C(EDUCATION)[T.Some_college],-0.6486252814495238,0.06331125362121456,False,-1.3332147645222914,0.03596420162324376,0.05753027150368782,0.09761061355753983,0.04008034205385202,Low/Moderate,561,-0.056658869345631836,0.7144971133965169,False,-0.3602191318199644,0.2469013931287007,0.21123919775691466,0.24126172913619112,0.03002253137927645,High (Strong Signal)
562,562,Q4G,C(PARTYBEFORE)[T.Independent],-0.48053127051878997,0.17420310925981697,False,-1.1736494436052372,0.21258690256765722,0.05753027150368782,0.09761061355753983,0.04008034205385202,Low/Moderate,562,-0.8654681925180864,6.233156832258395e-08,True,-1.1788999515954566,-0.5520364334407161,0.21123919775691466,0.24126172913619112,0.03002253137927645,High (Strong Signal)
563,563,Q4G,C(PARTYBEFORE)[T.Republican],-0.9889533496119308,0.01364898753033835,True,-1.774850091549446,-0.20305660767441558,0.05753027150368782,0.09761061355753983,0.04008034205385202,Low/Moderate,563,-1.1834499781940484,7.57248633184115e-11,True,-1.5398135309100973,-0.8270864254779996,0.21123919775691466,0.24126172913619112,0.03002253137927645,High (Strong Signal)
564,564,Q4G,C(GENDER)[T.Male],0.3351220390445158,0.26485246122185435,False,-0.2539631005023049,0.9242071785913366,0.05753027150368782,0.09761061355753983,0.04008034205385202,Low/Moderate,564,-0.04980579289645183,0.7147710716410547,False,-0.31691748242738715,0.21730589663448352,0.21123919775691466,0.24126172913619112,0.03002253137927645,High (Strong Signal)
565,565,Q4G,RACE_majority[T.True],0.16650850328852262,0.9334424598419331,False,-3.7412048412435728,4.074221847820618,0.05753027150368782,0.09761061355753983,0.04008034205385202,Low/Moderate,565,-0.48653810264566383,0.6733727300016964,False,-2.748800519082944,1.775724313791616,0.21123919775691466,0.24126172913619112,0.03002253137927645,High (Strong Signal)
566,566,Q4G,AGEBRACKET_majority[T.True],0.2502175492425269,0.4400035502317422,False,-0.384884110943466,0.8853192094285198,0.05753027150368782,0.09761061355753983,0.04008034205385202,Low/Moderate,566,0.08518231100339838,0.5536769740824985,False,-0.19671155759954548,0.3670761796063422,0.21123919775691466,0.24126172913619112,0.03002253137927645,High (Strong Signal)
567,567,Q4G,EDUCATION_majority[T.True],-0.4775365082559638,0.19881851608008982,False,-1.205948208480286,0.25087519196835834,0.05753027150368782,0.09761061355753983,0.04008034205385202,Low/Moderate,567,0.017155375398585082,0.9197215787313309,False,-0.3164667373005166,0.3507774880976868,0.21123919775691466,0.24126172913619112,0.03002253137927645,High (Strong Signal)
568,568,Q4G,PARTYBEFORE_majority[T.True],-0.06024787567097686,0.8532853920549468,False,-0.6987859624673134,0.5782902111253596,0.05753027150368782,0.09761061355753983,0.04008034205385202,Low/Moderate,568,0.09678046479195475,0.5138751327331809,False,-0.19378583099134639,0.38734676057525586,0.21123919775691466,0.24126172913619112,0.03002253137927645,High (Strong Signal)
569,569,Q4G,GENDER_majority[T.True],0.07909936745359158,0.7950738925386112,False,-0.5178025582680195,0.6760012931752026,0.05753027150368782,0.09761061355753983,0.04008034205385202,Low/Moderate,569,-0.255540995703226,0.059809539183152946,False,-0.5216404902450686,0.010558498838616592,0.21123919775691466,0.24126172913619112,0.03002253137927645,High (Strong Signal)
570,570,Q4G,RACE_diversity,0.24797132505728942,0.22352253946162115,False,-0.15131309631892192,0.6472557464335007,0.05753027150368782,0.09761061355753983,0.04008034205385202,Low/Moderate,570,0.11032318231100276,0.23718986127117703,False,-0.07260588822596044,0.29325225284796597,0.21123919775691466,0.24126172913619112,0.03002253137927645,High (Strong Signal)
571,571,Q4G,AGEBRACKET_diversity,-0.11877117049647119,0.5271966560564711,False,-0.48693577719063,0.24939343619768767,0.05753027150368782,0.09761061355753983,0.04008034205385202,Low/Moderate,571,-0.053446542884882035,0.5294062551044488,False,-0.22000910447800776,0.11311601870824367,0.21123919775691466,0.24126172913619112,0.03002253137927645,High (Strong Signal)
572,572,Q4G,EDUCATION_diversity,-0.3668351037573034,0.07177509881393442,False,-0.766150195385589,0.032479987870982274,0.05753027150368782,0.09761061355753983,0.04008034205385202,Low/Moderate,572,-0.032219867456154606,0.7195781785283895,False,-0.2081134709936244,0.1436737360813152,0.21123919775691466,0.24126172913619112,0.03002253137927645,High (Strong Signal)
573,573,Q4G,PARTYBEFORE_diversity,0.10323601932522666,0.5923245037986775,False,-0.27463513103250237,0.48110716968295575,0.05753027150368782,0.09761061355753983,0.04008034205385202,Low/Moderate,573,0.00045255261167754114,0.9957413150793603,False,-0.16572779230496323,0.1666328975283183,0.21123919775691466,0.24126172913619112,0.03002253137927645,High (Strong Signal)
574,574,Q4G,GENDER_diversity,0.04895534762338891,0.800413995533398,False,-0.3305795020037389,0.4284901972505168,0.05753027150368782,0.09761061355753983,0.04008034205385202,Low/Moderate,574,0.035394733625681525,0.6774921583759743,False,-0.13141086828410806,0.2022003355354711,0.21123919775691466,0.24126172913619112,0.03002253137927645,High (Strong Signal)
575,575,Q4H,Intercept,-1.1394006492281146,0.19356793995713673,False,-2.857107335790594,0.5783060373343649,0.06174157447624059,0.08646129415401776,0.024719719677777165,Low/Moderate,575,0.5084740357519921,0.11933585412284548,False,-0.13136399490100403,1.1483120664049884,0.17240897947723444,0.20300651371203005,0.03059753423479562,High (Strong Signal)
576,576,Q4H,C(RACE)[T.Asian_non_Hispanic],1.044236402049259,0.25397150781866973,False,-0.7498947520520505,2.838367556150568,0.06174157447624059,0.08646129415401776,0.024719719677777165,Low/Moderate,576,-0.2563696495500231,0.4517331138149041,False,-0.9240853253138195,0.4113460262137732,0.17240897947723444,0.20300651371203005,0.03059753423479562,High (Strong Signal)
577,577,Q4H,C(RACE)[T.Black_non_Hispanic],2.1552281614027513,0.005863904952715281,True,0.6221190168816539,3.6883373059238487,0.06174157447624059,0.08646129415401776,0.024719719677777165,Low/Moderate,577,0.8884066383640927,0.0023542819268371124,True,0.3159049855024305,1.460908291225755,0.17240897947723444,0.20300651371203005,0.03059753423479562,High (Strong Signal)
578,578,Q4H,C(RACE)[T.Hispanic],1.3189358222480765,0.10892770042025986,False,-0.29367547979118824,2.9315471242873414,0.06174157447624059,0.08646129415401776,0.024719719677777165,Low/Moderate,578,0.9375531062148771,0.002128183114867485,True,0.33933415010252366,1.5357720623272306,0.17240897947723444,0.20300651371203005,0.03059753423479562,High (Strong Signal)
579,579,Q4H,C(RACE)[T.Other_non_Hispanic],3.237007352072131,0.052849120507675734,False,-0.03981115981498062,6.513825863959243,0.06174157447624059,0.08646129415401776,0.024719719677777165,Low/Moderate,579,0.39261072654249524,0.5248089070635945,False,-0.8173942887386312,1.6026157418236215,0.17240897947723444,0.20300651371203005,0.03059753423479562,High (Strong Signal)
580,580,Q4H,C(RACE)[T.White_non_Hispanic],4.366706972100179,0.028452348205837842,True,0.4604457234872932,8.272968220713064,0.06174157447624059,0.08646129415401776,0.024719719677777165,Low/Moderate,580,0.8289359619137009,0.2743102889835609,False,-0.65725061123978,2.315122535067182,0.17240897947723444,0.20300651371203005,0.03059753423479562,High (Strong Signal)
581,581,Q4H,C(AGEBRACKET)[T.30_44],0.11661602953544553,0.7969432751884653,False,-0.7716805502575284,1.0049126093284193,0.06174157447624059,0.08646129415401776,0.024719719677777165,Low/Moderate,581,0.05994220634176976,0.7209418298264407,False,-0.2689616376482545,0.38884605033179404,0.17240897947723444,0.20300651371203005,0.03059753423479562,High (Strong Signal)
582,582,Q4H,C(AGEBRACKET)[T.45_59],-0.7403277436517699,0.1005109297099691,False,-1.6238103922611598,0.14315490495761996,0.06174157447624059,0.08646129415401776,0.024719719677777165,Low/Moderate,582,-0.07939206760701228,0.6338685507727913,False,-0.40609626612107524,0.24731213090705068,0.17240897947723444,0.20300651371203005,0.03059753423479562,High (Strong Signal)
583,583,Q4H,C(AGEBRACKET)[T.60plus],-0.6349559237003803,0.1568447995746973,False,-1.5139804658747962,0.2440686184740355,0.06174157447624059,0.08646129415401776,0.024719719677777165,Low/Moderate,583,-0.03634953840025429,0.8263459993946478,False,-0.3610848400527988,0.2883857632522902,0.17240897947723444,0.20300651371203005,0.03059753423479562,High (Strong Signal)
584,584,Q4H,C(EDUCATION)[T.HS_graduate_or_equivalent],-0.8428717560156088,0.13181949234252635,False,-1.9391133422536937,0.25336983022247617,0.06174157447624059,0.08646129415401776,0.024719719677777165,Low/Moderate,584,0.45426888992673675,0.02870219840928732,True,0.047261254377909734,0.8612765254755638,0.17240897947723444,0.20300651371203005,0.03059753423479562,High (Strong Signal)
585,585,Q4H,C(EDUCATION)[T.No_HS_diploma],-1.4247121252134454,0.24066987341895996,False,-3.8046242680833253,0.9552000176564346,0.06174157447624059,0.08646129415401776,0.024719719677777165,Low/Moderate,585,-0.5080357033573236,0.25748823147880007,False,-1.3873871363368369,0.3713157296221897,0.17240897947723444,0.20300651371203005,0.03059753423479562,High (Strong Signal)
586,586,Q4H,C(EDUCATION)[T.Some_college],-0.0670050930596714,0.8401891185107419,False,-0.7182649009127786,0.5842547147934358,0.06174157447624059,0.08646129415401776,0.024719719677777165,Low/Moderate,586,0.12917992815288487,0.29320924649882596,False,-0.11169745182711788,0.3700573081328876,0.17240897947723444,0.20300651371203005,0.03059753423479562,High (Strong Signal)
587,587,Q4H,C(PARTYBEFORE)[T.Independent],0.5977668730475258,0.07393375516751872,False,-0.05784946597359708,1.2533832120686488,0.06174157447624059,0.08646129415401776,0.024719719677777165,Low/Moderate,587,-0.32167186143403603,0.009230623848819636,True,-0.5638425247346183,-0.07950119813345383,0.17240897947723444,0.20300651371203005,0.03059753423479562,High (Strong Signal)
588,588,Q4H,C(PARTYBEFORE)[T.Republican],0.6785941159858652,0.07567452062345426,False,-0.07014162111331901,1.4273298530850493,0.06174157447624059,0.08646129415401776,0.024719719677777165,Low/Moderate,588,-0.2913293992349171,0.03865713347676548,True,-0.5674635221255051,-0.0151952763443291,0.17240897947723444,0.20300651371203005,0.03059753423479562,High (Strong Signal)
589,589,Q4H,C(GENDER)[T.Male],-0.5090266918143148,0.07263405380792247,False,-1.0647957418691154,0.04674235824048578,0.06174157447624059,0.08646129415401776,0.024719719677777165,Low/Moderate,589,-0.04400151237743895,0.6743059947365303,False,-0.24921809321350213,0.16121506845862427,0.17240897947723444,0.20300651371203005,0.03059753423479562,High (Strong Signal)
590,590,Q4H,RACE_majority[T.True],-3.098096134586901,0.1009143897242998,False,-6.799645035720157,0.6034527665463556,0.06174157447624059,0.08646129415401776,0.024719719677777165,Low/Moderate,590,-0.7581735729801523,0.28808049217373255,False,-2.1569632422451095,0.6406160962848048,0.17240897947723444,0.20300651371203005,0.03059753423479562,High (Strong Signal)
591,591,Q4H,AGEBRACKET_majority[T.True],0.4371200317626726,0.15445129777325278,False,-0.16452993229309315,1.0387699958184384,0.06174157447624059,0.08646129415401776,0.024719719677777165,Low/Moderate,591,-0.06366173222678512,0.5759364708264758,False,-0.28674056712560203,0.15941710267203182,0.17240897947723444,0.20300651371203005,0.03059753423479562,High (Strong Signal)
592,592,Q4H,EDUCATION_majority[T.True],0.0719901219340333,0.8383999145748289,False,-0.6198684074914718,0.7638486513595384,0.06174157447624059,0.08646129415401776,0.024719719677777165,Low/Moderate,592,-0.0935306679831964,0.4745973981761369,False,-0.3499109602557049,0.16284962428931207,0.17240897947723444,0.20300651371203005,0.03059753423479562,High (Strong Signal)
593,593,Q4H,PARTYBEFORE_majority[T.True],0.2347685684968346,0.44478213988218096,False,-0.36739365783573286,0.836930794829402,0.06174157447624059,0.08646129415401776,0.024719719677777165,Low/Moderate,593,0.16664226808697305,0.14294932226681872,False,-0.05631749601728078,0.3896020321912269,0.17240897947723444,0.20300651371203005,0.03059753423479562,High (Strong Signal)
594,594,Q4H,GENDER_majority[T.True],0.07034233882119652,0.8078820509861525,False,-0.49664601790525403,0.6373306955476471,0.06174157447624059,0.08646129415401776,0.024719719677777165,Low/Moderate,594,-0.13191761868061289,0.2142642052644005,False,-0.3401055242879299,0.07627028692670412,0.17240897947723444,0.20300651371203005,0.03059753423479562,High (Strong Signal)
595,595,Q4H,RACE_diversity,0.26043304750419416,0.1492402955331605,False,-0.09349309590070565,0.614359190909094,0.06174157447624059,0.08646129415401776,0.024719719677777165,Low/Moderate,595,0.10090956778951003,0.14786648614072664,False,-0.03576234960406964,0.2375814851830897,0.17240897947723444,0.20300651371203005,0.03059753423479562,High (Strong Signal)
596,596,Q4H,AGEBRACKET_diversity,-0.13535220335520348,0.4212600645349298,False,-0.4652119530522416,0.19450754634183465,0.06174157447624059,0.08646129415401776,0.024719719677777165,Low/Moderate,596,-0.07541927024483987,0.24600027563132154,False,-0.202836394852896,0.05199785436321626,0.17240897947723444,0.20300651371203005,0.03059753423479562,High (Strong Signal)
597,597,Q4H,EDUCATION_diversity,-0.13982371578409314,0.4408279286245681,False,-0.4953645970835735,0.21571716551538722,0.06174157447624059,0.08646129415401776,0.024719719677777165,Low/Moderate,597,0.030854451885213175,0.6597988077796917,False,-0.10652595839331615,0.1682348621637425,0.17240897947723444,0.20300651371203005,0.03059753423479562,High (Strong Signal)
598,598,Q4H,PARTYBEFORE_diversity,0.03995780634322928,0.8171231534402847,False,-0.2987102140248346,0.37862582671129313,0.06174157447624059,0.08646129415401776,0.024719719677777165,Low/Moderate,598,-0.048550415532991296,0.4675643660929799,False,-0.17953997959950688,0.08243914853352427,0.17240897947723444,0.20300651371203005,0.03059753423479562,High (Strong Signal)
599,599,Q4H,GENDER_diversity,0.15836726156565098,0.35638526838602647,False,-0.17818550724550977,0.49492003037681176,0.06174157447624059,0.08646129415401776,0.024719719677777165,Low/Moderate,599,-0.018261349603840522,0.7830868906420292,False,-0.14827144085874647,0.11174874165106544,0.17240897947723444,0.20300651371203005,0.03059753423479562,High (Strong Signal)
600,600,Q5A,Intercept,-1.157476442480218,0.1605307960802499,False,-2.774116197951201,0.45916331299076507,0.06288956105604904,0.10781180454748353,0.04492224349143449,Low/Moderate,600,-0.9915252689091523,0.004889437461707601,True,-1.682070983155867,-0.30097955466243764,0.20928326129846536,0.23970372088053293,0.030420459582067568,High (Strong Signal)
601,601,Q5A,C(RACE)[T.Asian_non_Hispanic],1.6448794427901272,0.06117766802092096,False,-0.07709932013520016,3.3668582057154546,0.06288956105604904,0.10781180454748353,0.04492224349143449,Low/Moderate,601,0.45453342074138064,0.22536639825759663,False,-0.280275854210618,1.1893426956933792,0.20928326129846536,0.23970372088053293,0.030420459582067568,High (Strong Signal)
602,602,Q5A,C(RACE)[T.Black_non_Hispanic],1.1635207119969857,0.11011176791678409,False,-0.26382583004314153,2.590867254037113,0.06288956105604904,0.10781180454748353,0.04492224349143449,Low/Moderate,602,0.8679996147161477,0.005145277178591098,True,0.25993217667793955,1.476067052754356,0.20928326129846536,0.23970372088053293,0.030420459582067568,High (Strong Signal)
603,603,Q5A,C(RACE)[T.Hispanic],0.5501971372415821,0.47087347022663195,False,-0.9453353965090596,2.045729670992224,0.06288956105604904,0.10781180454748353,0.04492224349143449,Low/Moderate,603,0.6475145890801894,0.047125996221289816,True,0.008220333858432682,1.2868088443019463,0.20928326129846536,0.23970372088053293,0.030420459582067568,High (Strong Signal)
604,604,Q5A,C(RACE)[T.Other_non_Hispanic],2.8062712982482796,0.07370345226300673,False,-0.26912415187044836,5.8816667483670075,0.06288956105604904,0.10781180454748353,0.04492224349143449,Low/Moderate,604,0.7640657009227971,0.253577827223725,False,-0.5476084460936816,2.0757398479392757,0.20928326129846536,0.23970372088053293,0.030420459582067568,High (Strong Signal)
605,605,Q5A,C(RACE)[T.White_non_Hispanic],2.2654107517428796,0.23183426538220286,False,-1.4481625306674935,5.978984034153253,0.06288956105604904,0.10781180454748353,0.04492224349143449,Low/Moderate,605,0.6176738037841779,0.4482277011135133,False,-0.9786625212517243,2.21401012882008,0.20928326129846536,0.23970372088053293,0.030420459582067568,High (Strong Signal)
606,606,Q5A,C(AGEBRACKET)[T.30_44],0.06875239280951609,0.8774025978004898,False,-0.8047718248229713,0.9422766104420034,0.06288956105604904,0.10781180454748353,0.04492224349143449,Low/Moderate,606,0.21746216378802205,0.2506631525470635,False,-0.15356867026547003,0.5884929978415141,0.20928326129846536,0.23970372088053293,0.030420459582067568,High (Strong Signal)
607,607,Q5A,C(AGEBRACKET)[T.45_59],0.06043740695596838,0.893069865872157,False,-0.8207891256912044,0.9416639396031411,0.06288956105604904,0.10781180454748353,0.04492224349143449,Low/Moderate,607,0.1820769418980167,0.3355128610248833,False,-0.1884720235264118,0.5526259073224452,0.20928326129846536,0.23970372088053293,0.030420459582067568,High (Strong Signal)
608,608,Q5A,C(AGEBRACKET)[T.60plus],-0.18950774614578259,0.6700467838833315,False,-1.0612338169292141,0.682218324637649,0.06288956105604904,0.10781180454748353,0.04492224349143449,Low/Moderate,608,0.12250163353776528,0.5175612704927781,False,-0.24853124504767216,0.4935345121232027,0.20928326129846536,0.23970372088053293,0.030420459582067568,High (Strong Signal)
609,609,Q5A,C(EDUCATION)[T.HS_graduate_or_equivalent],0.363261731472198,0.49901641706964517,False,-0.6899035367868422,1.4164269997312382,0.06288956105604904,0.10781180454748353,0.04492224349143449,Low/Moderate,609,0.11045424473948258,0.629920288603707,False,-0.3388375735718739,0.5597460630508391,0.20928326129846536,0.23970372088053293,0.030420459582067568,High (Strong Signal)
610,610,Q5A,C(EDUCATION)[T.No_HS_diploma],0.8383676883081639,0.5317906877355616,False,-1.7895494457576542,3.466284822373982,0.06288956105604904,0.10781180454748353,0.04492224349143449,Low/Moderate,610,0.35986787218520266,0.522652389267593,False,-0.743479226634925,1.4632149710053304,0.20928326129846536,0.23970372088053293,0.030420459582067568,High (Strong Signal)
611,611,Q5A,C(EDUCATION)[T.Some_college],0.12704094300177451,0.6908423905443015,False,-0.4990291470580579,0.7531110330616069,0.06288956105604904,0.10781180454748353,0.04492224349143449,Low/Moderate,611,0.2369628722041552,0.08180438873002664,False,-0.029908188316208145,0.5038339327245186,0.20928326129846536,0.23970372088053293,0.030420459582067568,High (Strong Signal)
612,612,Q5A,C(PARTYBEFORE)[T.Independent],0.5722080254758825,0.07586076356217382,False,-0.059546934497411774,1.2039629854491767,0.06288956105604904,0.10781180454748353,0.04492224349143449,Low/Moderate,612,0.23589359672069019,0.08587239935949406,False,-0.03328844892565888,0.5050756423670393,0.20928326129846536,0.23970372088053293,0.030420459582067568,High (Strong Signal)
613,613,Q5A,C(PARTYBEFORE)[T.Republican],1.605538100137021,1.528708737338702e-05,True,0.8778726683747123,2.3332035318993296,0.06288956105604904,0.10781180454748353,0.04492224349143449,Low/Moderate,613,1.3279071412269088,3.8077011061567405e-17,True,1.0187551006144808,1.6370591818393367,0.20928326129846536,0.23970372088053293,0.030420459582067568,High (Strong Signal)
614,614,Q5A,C(GENDER)[T.Male],-0.050480859955105185,0.8543610931729586,False,-0.5894999777586466,0.4885382578484362,0.06288956105604904,0.10781180454748353,0.04492224349143449,Low/Moderate,614,0.09287704473141688,0.4283268660108992,False,-0.1369491369072457,0.3227032263700794,0.20928326129846536,0.23970372088053293,0.030420459582067568,High (Strong Signal)
615,615,Q5A,RACE_majority[T.True],-1.1641240962203716,0.5171359342605872,False,-4.686444287277168,2.3581960948364245,0.06288956105604904,0.10781180454748353,0.04492224349143449,Low/Moderate,615,0.3068432781020977,0.6910188090081573,False,-1.2062205322789037,1.8199070884830992,0.20928326129846536,0.23970372088053293,0.030420459582067568,High (Strong Signal)
616,616,Q5A,AGEBRACKET_majority[T.True],-0.13663846241094968,0.6421040680319998,False,-0.7128650191290189,0.43958809430711954,0.06288956105604904,0.10781180454748353,0.04492224349143449,Low/Moderate,616,0.09446819182042399,0.4516849473927723,False,-0.1515483584351545,0.34048474207600243,0.20928326129846536,0.23970372088053293,0.030420459582067568,High (Strong Signal)
617,617,Q5A,EDUCATION_majority[T.True],0.06976087048768706,0.8391058395096167,False,-0.603656084821671,0.7431778257970452,0.06288956105604904,0.10781180454748353,0.04492224349143449,Low/Moderate,617,-0.04552759541467359,0.751876115730636,False,-0.3277600288150775,0.23670483798573028,0.20928326129846536,0.23970372088053293,0.030420459582067568,High (Strong Signal)
618,618,Q5A,PARTYBEFORE_majority[T.True],0.2785744006352839,0.34914868057124593,False,-0.30460375205311135,0.8617525533236792,0.06288956105604904,0.10781180454748353,0.04492224349143449,Low/Moderate,618,0.0479045297456073,0.7095566508310185,False,-0.20418501999412483,0.2999940794853394,0.20928326129846536,0.23970372088053293,0.030420459582067568,High (Strong Signal)
619,619,Q5A,GENDER_majority[T.True],-0.14951398031545976,0.5928854411074872,False,-0.6976050612616715,0.3985771006307521,0.06288956105604904,0.10781180454748353,0.04492224349143449,Low/Moderate,619,-0.14191267139973798,0.23581266130466305,False,-0.37653053522029367,0.09270519242081768,0.20928326129846536,0.23970372088053293,0.030420459582067568,High (Strong Signal)
620,620,Q5A,RACE_diversity,-0.022529222435298032,0.9047949078656029,False,-0.3917105128779634,0.3466520680073673,0.06288956105604904,0.10781180454748353,0.04492224349143449,Low/Moderate,620,-0.008246011108048542,0.9152041833212056,False,-0.1600340819503591,0.143542059734262,0.20928326129846536,0.23970372088053293,0.030420459582067568,High (Strong Signal)
621,621,Q5A,AGEBRACKET_diversity,0.10980866860317731,0.52621320819121,False,-0.22976533066352164,0.44938266786987624,0.06288956105604904,0.10781180454748353,0.04492224349143449,Low/Moderate,621,0.020027650444704826,0.7786698157105163,False,-0.11963812670373379,0.15969342759314345,0.20928326129846536,0.23970372088053293,0.030420459582067568,High (Strong Signal)
622,622,Q5A,EDUCATION_diversity,0.07184240196684634,0.7045947577096141,False,-0.29956116690386964,0.4432459708375623,0.06288956105604904,0.10781180454748353,0.04492224349143449,Low/Moderate,622,0.03167419231935207,0.6848738822869228,False,-0.12130021052669035,0.18464859516539447,0.20928326129846536,0.23970372088053293,0.030420459582067568,High (Strong Signal)
623,623,Q5A,PARTYBEFORE_diversity,0.09133946527952175,0.6151381022594863,False,-0.264744225116796,0.4474231556758395,0.06288956105604904,0.10781180454748353,0.04492224349143449,Low/Moderate,623,0.06774500687892775,0.36657576563074323,False,-0.0793110188636003,0.21480103262145578,0.20928326129846536,0.23970372088053293,0.030420459582067568,High (Strong Signal)
624,624,Q5A,GENDER_diversity,0.04656896912316418,0.7941553258074128,False,-0.3032471140733708,0.3963850523196991,0.06288956105604904,0.10781180454748353,0.04492224349143449,Low/Moderate,624,0.028980050470462877,0.6930736084712066,False,-0.11493094416628358,0.17289104510720932,0.20928326129846536,0.23970372088053293,0.030420459582067568,High (Strong Signal)
625,625,Q5B,Intercept,-1.4101681058800757,0.1231876553270672,False,-3.2031123133077077,0.38277610154755637,0.04911681271067292,0.049116813953316546,1.242643619351308e-09,Low/Moderate,625,-0.13821659529198788,0.6516365739754351,False,-0.7382291495449178,0.4617959589609421,0.0417577092266689,0.09102000496836056,0.04926229574169165,Low/Moderate
626,626,Q5B,C(RACE)[T.Asian_non_Hispanic],0.5409870030309376,0.5760568567063563,False,-1.3552986163084642,2.4372726223703394,0.04911681271067292,0.049116813953316546,1.242643619351308e-09,Low/Moderate,626,-0.1594263044212919,0.6199558466326927,False,-0.7895163848325234,0.4706637759899396,0.0417577092266689,0.09102000496836056,0.04926229574169165,Low/Moderate
627,627,Q5B,C(RACE)[T.Black_non_Hispanic],0.831982218893278,0.30687573697576476,False,-0.7638836548767833,2.4278480926633392,0.04911681271067292,0.049116813953316546,1.242643619351308e-09,Low/Moderate,627,0.5124563558701788,0.05763937322556911,False,-0.0166101091047266,1.0415228208450842,0.0417577092266689,0.09102000496836056,0.04926229574169165,Low/Moderate
628,628,Q5B,C(RACE)[T.Hispanic],2.123415991736427,0.013200095841609291,True,0.4441288224903477,3.8027031609825057,0.04911681271067292,0.049116813953316546,1.242643619351308e-09,Low/Moderate,628,0.34149614744975404,0.228135143860697,False,-0.21387487815247447,0.8968671730519826,0.0417577092266689,0.09102000496836056,0.04926229574169165,Low/Moderate
629,629,Q5B,C(RACE)[T.Other_non_Hispanic],3.463303081790798,0.07367612035131914,False,-0.3317743107238953,7.258380474305492,0.04911681271067292,0.049116813953316546,1.242643619351308e-09,Low/Moderate,629,0.7867675484622795,0.2204036363203542,False,-0.4715694732547474,2.0451045701793062,0.0417577092266689,0.09102000496836056,0.04926229574169165,Low/Moderate
630,630,Q5B,C(RACE)[T.White_non_Hispanic],2.9424740068726014,0.14733117174592783,False,-1.0375478784777665,6.922495892222969,0.04911681271067292,0.049116813953316546,1.242643619351308e-09,Low/Moderate,630,0.8267451133725356,0.23812102289090942,False,-0.5468208084883059,2.2003110352333772,0.0417577092266689,0.09102000496836056,0.04926229574169165,Low/Moderate
631,631,Q5B,C(AGEBRACKET)[T.30_44],0.15835337689730994,0.7523633281603291,False,-0.8253000478123371,1.142006801606957,0.04911681271067292,0.049116813953316546,1.242643619351308e-09,Low/Moderate,631,-0.04755870096655249,0.7753822736980354,False,-0.37423125096276677,0.27911384902966174,0.0417577092266689,0.09102000496836056,0.04926229574169165,Low/Moderate
632,632,Q5B,C(AGEBRACKET)[T.45_59],0.43973118794158395,0.3812724165019862,False,-0.544625076092218,1.4240874519753859,0.04911681271067292,0.049116813953316546,1.242643619351308e-09,Low/Moderate,632,-0.05590910118639622,0.7347325125398847,False,-0.37930890346472623,0.26749070109193374,0.0417577092266689,0.09102000496836056,0.04926229574169165,Low/Moderate
633,633,Q5B,C(AGEBRACKET)[T.60plus],-0.07356555813348942,0.8846655446405,False,-1.067557141810139,0.9204260255431602,0.04911681271067292,0.049116813953316546,1.242643619351308e-09,Low/Moderate,633,0.09219249915389542,0.5823185717157622,False,-0.2363413079412945,0.42072630624908536,0.0417577092266689,0.09102000496836056,0.04926229574169165,Low/Moderate
634,634,Q5B,C(EDUCATION)[T.HS_graduate_or_equivalent],0.07133043279725892,0.9043493428175581,False,-1.0920742726881216,1.2347351382826397,0.04911681271067292,0.049116813953316546,1.242643619351308e-09,Low/Moderate,634,0.4003167925885383,0.04204924878109546,True,0.014387629704448068,0.7862459554726285,0.0417577092266689,0.09102000496836056,0.04926229574169165,Low/Moderate
635,635,Q5B,C(EDUCATION)[T.No_HS_diploma],-0.2121449616551106,0.8849986405773604,False,-3.0869328815853008,2.6626429582750797,0.04911681271067292,0.049116813953316546,1.242643619351308e-09,Low/Moderate,635,0.17833895246125994,0.7137667420810601,False,-0.7745946672585052,1.131272572181025,0.0417577092266689,0.09102000496836056,0.04926229574169165,Low/Moderate
636,636,Q5B,C(EDUCATION)[T.Some_college],-0.004412035539551892,0.9899716210584575,False,-0.6924065625380995,0.6835824914589956,0.04911681271067292,0.049116813953316546,1.242643619351308e-09,Low/Moderate,636,-0.0022511989801625074,0.9846947464853508,False,-0.2322549251136201,0.22775252715329505,0.0417577092266689,0.09102000496836056,0.04926229574169165,Low/Moderate
637,637,Q5B,C(PARTYBEFORE)[T.Independent],2.703604982623747e-05,0.9999393336489595,False,-0.696893908338278,0.6969479804379305,0.04911681271067292,0.049116813953316546,1.242643619351308e-09,Low/Moderate,637,0.05050627493828378,0.6697291165834751,False,-0.18158254648911865,0.2825950963656862,0.0417577092266689,0.09102000496836056,0.04926229574169165,Low/Moderate
638,638,Q5B,C(PARTYBEFORE)[T.Republican],-0.4868098097536198,0.2306053655245205,False,-1.2827131829340632,0.30909356342682365,0.04911681271067292,0.049116813953316546,1.242643619351308e-09,Low/Moderate,638,0.12967295507605056,0.33212543842083675,False,-0.13238459513071474,0.39173050528281583,0.0417577092266689,0.09102000496836056,0.04926229574169165,Low/Moderate
639,639,Q5B,C(GENDER)[T.Male],0.15196361176325643,0.6185634192099311,False,-0.44625039193869354,0.7501776154652064,0.04911681271067292,0.049116813953316546,1.242643619351308e-09,Low/Moderate,639,0.0586635045117334,0.5630570394123462,False,-0.14015547254693966,0.2574824815704065,0.0417577092266689,0.09102000496836056,0.04926229574169165,Low/Moderate
640,640,Q5B,RACE_majority[T.True],-2.027377091538536,0.29164717464621515,False,-5.7955415084797,1.7407873254026285,0.04911681271067292,0.049116813953316546,1.242643619351308e-09,Low/Moderate,640,-0.5168473211156943,0.43516758976226877,False,-1.8149366035055274,0.7812419612741388,0.0417577092266689,0.09102000496836056,0.04926229574169165,Low/Moderate
641,641,Q5B,AGEBRACKET_majority[T.True],0.25481029140102585,0.4662067724497114,False,-0.43057898766863456,0.9401995704706863,0.04911681271067292,0.049116813953316546,1.242643619351308e-09,Low/Moderate,641,0.017101541429160042,0.8749527194290627,False,-0.19588861192670123,0.2300916947850213,0.0417577092266689,0.09102000496836056,0.04926229574169165,Low/Moderate
642,642,Q5B,EDUCATION_majority[T.True],-0.22731182659682334,0.5379079196878274,False,-0.9505872777686205,0.4959636245749738,0.04911681271067292,0.049116813953316546,1.242643619351308e-09,Low/Moderate,642,0.09628483029384177,0.43798395640496457,False,-0.14702910364801977,0.33959876423570334,0.0417577092266689,0.09102000496836056,0.04926229574169165,Low/Moderate
643,643,Q5B,PARTYBEFORE_majority[T.True],0.265410281474554,0.4147196284375003,False,-0.37238300187921786,0.9032035648283259,0.04911681271067292,0.049116813953316546,1.242643619351308e-09,Low/Moderate,643,-0.07227163717274564,0.5046392574466334,False,-0.2845739444977099,0.14003067015221865,0.0417577092266689,0.09102000496836056,0.04926229574169165,Low/Moderate
644,644,Q5B,GENDER_majority[T.True],0.18629131947080968,0.5461517468205531,False,-0.41868317768191465,0.791265816623534,0.04911681271067292,0.049116813953316546,1.242643619351308e-09,Low/Moderate,644,-0.055884453206646964,0.5870795246657416,False,-0.2575728276709793,0.14580392125768538,0.0417577092266689,0.09102000496836056,0.04926229574169165,Low/Moderate
645,645,Q5B,RACE_diversity,0.00038593534507005934,0.9981633190176734,False,-0.3282148477808574,0.3289867184709975,0.04911681271067292,0.049116813953316546,1.242643619351308e-09,Low/Moderate,645,-0.0019370562133766403,0.9776172531805587,False,-0.13725644302461673,0.13338233059786345,0.0417577092266689,0.09102000496836056,0.04926229574169165,Low/Moderate
646,646,Q5B,AGEBRACKET_diversity,-0.16559211002236687,0.286760270514021,False,-0.4702650598415993,0.13908083979686556,0.04911681271067292,0.049116813953316546,1.242643619351308e-09,Low/Moderate,646,-0.056566876641212446,0.3757055357388449,False,-0.1817243037355496,0.06859055045312469,0.0417577092266689,0.09102000496836056,0.04926229574169165,Low/Moderate
647,647,Q5B,EDUCATION_diversity,0.2387456219434255,0.16213031452953297,False,-0.0959840238750663,0.5734752677619173,0.04911681271067292,0.049116813953316546,1.242643619351308e-09,Low/Moderate,647,0.056651829634668235,0.4182323447050368,False,-0.08051515860155652,0.193818817870893,0.0417577092266689,0.09102000496836056,0.04926229574169165,Low/Moderate
648,648,Q5B,PARTYBEFORE_diversity,-0.2811723983318811,0.08794936188323352,False,-0.6041418540551842,0.041797057391421866,0.04911681271067292,0.049116813953316546,1.242643619351308e-09,Low/Moderate,648,-0.023259257968384264,0.7287847391507165,False,-0.15473232823784314,0.1082138123010746,0.0417577092266689,0.09102000496836056,0.04926229574169165,Low/Moderate
649,649,Q5B,GENDER_diversity,0.25980684470100596,0.10964507217417288,False,-0.05849237381887967,0.5781060632208916,0.04911681271067292,0.049116813953316546,1.242643619351308e-09,Low/Moderate,649,0.049336807455341046,0.4599869996138536,False,-0.08153681567523463,0.18021043058591674,0.0417577092266689,0.09102000496836056,0.04926229574169165,Low/Moderate
650,650,Q5C,Intercept,0.1051462850699677,0.8965784061852656,False,-1.4802916971839122,1.6905842673238478,0.03536808871060509,0.0820795092003427,0.0467114204897376,Low/Moderate,650,0.7546567436045548,0.029050128737598914,True,0.07704255995787479,1.4322709272512348,0.03838613153328838,0.09670490876429391,0.05831877723100553,Low/Moderate
651,651,Q5C,C(RACE)[T.Asian_non_Hispanic],0.7588610769571147,0.37371224803255654,False,-0.9131696796120401,2.4308918335262693,0.03536808871060509,0.0820795092003427,0.0467114204897376,Low/Moderate,651,-0.37579316503865645,0.2970667599971857,False,-1.0821418909688962,0.33055556089158333,0.03838613153328838,0.09670490876429391,0.05831877723100553,Low/Moderate
652,652,Q5C,C(RACE)[T.Black_non_Hispanic],-0.39486447183257906,0.5823321067977434,False,-1.8020395028400809,1.0123105591749226,0.03536808871060509,0.0820795092003427,0.0467114204897376,Low/Moderate,652,-0.01493588751752254,0.960848077431446,False,-0.6112728062938917,0.5814010312588467,0.03838613153328838,0.09670490876429391,0.05831877723100553,Low/Moderate
653,653,Q5C,C(RACE)[T.Hispanic],0.6059780715842541,0.4224344511760272,False,-0.8745604020011243,2.0865165451696326,0.03536808871060509,0.0820795092003427,0.0467114204897376,Low/Moderate,653,0.11393927827215627,0.7218877037115525,False,-0.5134662638432261,0.7413448203875388,0.03838613153328838,0.09670490876429391,0.05831877723100553,Low/Moderate
654,654,Q5C,C(RACE)[T.Other_non_Hispanic],2.897094363555079,0.08685218683981441,False,-0.41914395406625893,6.213332681176417,0.03536808871060509,0.0820795092003427,0.0467114204897376,Low/Moderate,654,-0.22942460214785604,0.7492790424042988,False,-1.6364265315844155,1.1775773272887033,0.03838613153328838,0.09670490876429391,0.05831877723100553,Low/Moderate
655,655,Q5C,C(RACE)[T.White_non_Hispanic],-1.8377243038088829,0.38974029634053775,False,-6.0255186128965255,2.35007000527876,0.03536808871060509,0.0820795092003427,0.0467114204897376,Low/Moderate,655,0.02143967368078609,0.9809755306894545,False,-1.7407498520912021,1.7836291994527742,0.03838613153328838,0.09670490876429391,0.05831877723100553,Low/Moderate
656,656,Q5C,C(AGEBRACKET)[T.30_44],-0.24190661937317093,0.5723623952227079,False,-1.081702343683339,0.5978891049369971,0.03536808871060509,0.0820795092003427,0.0467114204897376,Low/Moderate,656,0.0071034386948081885,0.9682282415781095,False,-0.3424396480372175,0.35664652542683384,0.03838613153328838,0.09670490876429391,0.05831877723100553,Low/Moderate
657,657,Q5C,C(AGEBRACKET)[T.45_59],0.2876394685123888,0.49277048943331436,False,-0.5342815038953557,1.1095604409201332,0.03536808871060509,0.0820795092003427,0.0467114204897376,Low/Moderate,657,-0.034086684893976565,0.8473846413573831,False,-0.3812231850548824,0.3130498152669292,0.03838613153328838,0.09670490876429391,0.05831877723100553,Low/Moderate
658,658,Q5C,C(AGEBRACKET)[T.60plus],0.1761820741404314,0.6766605961514576,False,-0.6518523533181245,1.0042165015989872,0.03536808871060509,0.0820795092003427,0.0467114204897376,Low/Moderate,658,-0.07851017941710985,0.6575138623330627,False,-0.42558976007152777,0.26856940123730805,0.03838613153328838,0.09670490876429391,0.05831877723100553,Low/Moderate
659,659,Q5C,C(EDUCATION)[T.HS_graduate_or_equivalent],-0.1819688397152325,0.7193477491878661,False,-1.1745153251603209,0.8105776457298559,0.03536808871060509,0.0820795092003427,0.0467114204897376,Low/Moderate,659,0.09114861418770813,0.671301127252065,False,-0.3298306339056916,0.5121278622811078,0.03838613153328838,0.09670490876429391,0.05831877723100553,Low/Moderate
660,660,Q5C,C(EDUCATION)[T.No_HS_diploma],-1.1149740700800874,0.3794831573908758,False,-3.601532097503992,1.3715839573438176,0.03536808871060509,0.0820795092003427,0.0467114204897376,Low/Moderate,660,-0.7976057501566753,0.13602022585361093,False,-1.8462396084757027,0.251028108162352,0.03838613153328838,0.09670490876429391,0.05831877723100553,Low/Moderate
661,661,Q5C,C(EDUCATION)[T.Some_college],-0.11729388717643574,0.7043380104019403,False,-0.7231153925639764,0.4885276182111049,0.03536808871060509,0.0820795092003427,0.0467114204897376,Low/Moderate,661,0.024940121249858494,0.8513997257930028,False,-0.23599520619172915,0.28587544869144615,0.03838613153328838,0.09670490876429391,0.05831877723100553,Low/Moderate
662,662,Q5C,C(PARTYBEFORE)[T.Independent],-0.2504818242857584,0.41821131855431026,False,-0.8569279990361086,0.35596435046459185,0.03536808871060509,0.0820795092003427,0.0467114204897376,Low/Moderate,662,-0.09511923263895747,0.4672342537579539,False,-0.3515617964571458,0.16132333117923084,0.03838613153328838,0.09670490876429391,0.05831877723100553,Low/Moderate
663,663,Q5C,C(PARTYBEFORE)[T.Republican],0.099969588334721,0.7787854095660789,False,-0.5975571286947372,0.7974963053641793,0.03536808871060509,0.0820795092003427,0.0467114204897376,Low/Moderate,663,-0.048730477240943704,0.7462058183882363,False,-0.34383650986597664,0.24637555538408923,0.03838613153328838,0.09670490876429391,0.05831877723100553,Low/Moderate
664,664,Q5C,C(GENDER)[T.Male],0.21226080151814977,0.42513205013763145,False,-0.30936650982738056,0.73388811286368,0.03536808871060509,0.0820795092003427,0.0467114204897376,Low/Moderate,664,-0.1110490509057017,0.3240905440209154,False,-0.3317721666253516,0.10967406481394819,0.03838613153328838,0.09670490876429391,0.05831877723100553,Low/Moderate
665,665,Q5C,RACE_majority[T.True],2.0130082831261187,0.3263337578408422,False,-2.0066778954357747,6.032694461688012,0.03536808871060509,0.0820795092003427,0.0467114204897376,Low/Moderate,665,-0.32094184515244906,0.7091266781638104,False,-2.007229090548825,1.3653454002439267,0.03838613153328838,0.09670490876429391,0.05831877723100553,Low/Moderate
666,666,Q5C,AGEBRACKET_majority[T.True],-0.1755628009866443,0.5413864079467539,False,-0.7389928447665269,0.38786724279323825,0.03536808871060509,0.0820795092003427,0.0467114204897376,Low/Moderate,666,-0.06204330061229633,0.6086207225005751,False,-0.29952837348165456,0.1754417722570619,0.03838613153328838,0.09670490876429391,0.05831877723100553,Low/Moderate
667,667,Q5C,EDUCATION_majority[T.True],-0.27816537558167925,0.4067263834882653,False,-0.9352884185740977,0.3789576674107393,0.03536808871060509,0.0820795092003427,0.0467114204897376,Low/Moderate,667,-0.02865599288849894,0.8421034471664438,False,-0.3106022073080369,0.253290221531039,0.03838613153328838,0.09670490876429391,0.05831877723100553,Low/Moderate
668,668,Q5C,PARTYBEFORE_majority[T.True],0.38901115422280824,0.17438780086686856,False,-0.17233905637273655,0.9503613648183531,0.03536808871060509,0.0820795092003427,0.0467114204897376,Low/Moderate,668,-0.09396757568833251,0.4405113378082467,False,-0.33274093761330914,0.14480578623664414,0.03838613153328838,0.09670490876429391,0.05831877723100553,Low/Moderate
669,669,Q5C,GENDER_majority[T.True],0.015219853484574426,0.9549434434820208,False,-0.512750592286926,0.5431902992560749,0.03536808871060509,0.0820795092003427,0.0467114204897376,Low/Moderate,669,-0.01106908279371495,0.9227113891086574,False,-0.23468535458832507,0.21254718900089514,0.03838613153328838,0.09670490876429391,0.05831877723100553,Low/Moderate
670,670,Q5C,RACE_diversity,0.049919476553221515,0.7828997455292221,False,-0.30516367583295056,0.40500262893939365,0.03536808871060509,0.0820795092003427,0.0467114204897376,Low/Moderate,670,0.03667042667125905,0.6470389728531643,False,-0.12029817800025225,0.19363903134277036,0.03838613153328838,0.09670490876429391,0.05831877723100553,Low/Moderate
671,671,Q5C,AGEBRACKET_diversity,0.08991506246739049,0.5884375266600861,False,-0.23577288686674513,0.41560301180152615,0.03536808871060509,0.0820795092003427,0.0467114204897376,Low/Moderate,671,0.022468952521750487,0.7589868464328757,False,-0.12106652839779772,0.1660044334412987,0.03838613153328838,0.09670490876429391,0.05831877723100553,Low/Moderate
672,672,Q5C,EDUCATION_diversity,0.09864224106889141,0.5966034132060898,False,-0.26662968412441435,0.46391416626219717,0.03536808871060509,0.0820795092003427,0.0467114204897376,Low/Moderate,672,0.014369853252722711,0.8605611869308744,False,-0.1459650001130257,0.17470470661847115,0.03838613153328838,0.09670490876429391,0.05831877723100553,Low/Moderate
673,673,Q5C,PARTYBEFORE_diversity,-0.04291477619562145,0.8084311094977665,False,-0.38983679294452706,0.30400724055328415,0.03536808871060509,0.0820795092003427,0.0467114204897376,Low/Moderate,673,0.025024573704300727,0.7484235514255289,False,-0.12790463958754025,0.1779537869961417,0.03838613153328838,0.09670490876429391,0.05831877723100553,Low/Moderate
674,674,Q5C,GENDER_diversity,0.011551594398639101,0.9467075885301177,False,-0.32716885363853054,0.3502720424358088,0.03536808871060509,0.0820795092003427,0.0467114204897376,Low/Moderate,674,0.042850624847384805,0.574815283788917,False,-0.10686341939408697,0.19256466908885658,0.03838613153328838,0.09670490876429391,0.05831877723100553,Low/Moderate
675,675,Q5D,Intercept,-1.9961337836204291,0.017156501371139807,True,-3.637677158161324,-0.3545904090795342,0.06091085826899088,0.10695930331768229,0.0460484450486914,Low/Moderate,675,-0.39235912979898674,0.3073376438669595,False,-1.1456814117025376,0.36096315210456403,0.046347771767982625,0.08787637505302862,0.04152860328504599,Low/Moderate
676,676,Q5D,C(RACE)[T.Asian_non_Hispanic],1.4879667280673725,0.08499957495159467,False,-0.2052430366846396,3.1811764928193846,0.06091085826899088,0.10695930331768229,0.0460484450486914,Low/Moderate,676,0.6382258283813064,0.10686175036367528,False,-0.13754484753829022,1.4139965043009028,0.046347771767982625,0.08787637505302862,0.04152860328504599,Low/Moderate
677,677,Q5D,C(RACE)[T.Black_non_Hispanic],1.2150671967308082,0.09658352864124972,False,-0.2181419159467073,2.648276309408324,0.06091085826899088,0.10695930331768229,0.0460484450486914,Low/Moderate,677,0.5413577181269431,0.10679009271497061,False,-0.11653418901051515,1.1992496252644014,0.046347771767982625,0.08787637505302862,0.04152860328504599,Low/Moderate
678,678,Q5D,C(RACE)[T.Hispanic],1.2120778334295683,0.11236246347836641,False,-0.28422726125312825,2.7083829281122647,0.06091085826899088,0.10695930331768229,0.0460484450486914,Low/Moderate,678,0.354862898122699,0.31027174987460493,False,-0.33061203363345004,1.040337829878848,0.046347771767982625,0.08787637505302862,0.04152860328504599,Low/Moderate
679,679,Q5D,C(RACE)[T.Other_non_Hispanic],-0.6463669767489266,0.6787807756264519,False,-3.705463919549858,2.4127299660520047,0.06091085826899088,0.10695930331768229,0.0460484450486914,Low/Moderate,679,0.5310094758672256,0.4609297286222511,False,-0.8805404476960056,1.9425593994304569,0.046347771767982625,0.08787637505302862,0.04152860328504599,Low/Moderate
680,680,Q5D,C(RACE)[T.White_non_Hispanic],1.5939981872576858,0.4695004328090169,False,-2.7253894440740165,5.913385818589388,0.06091085826899088,0.10695930331768229,0.0460484450486914,Low/Moderate,680,-0.06733433774130802,0.9464481144619483,False,-2.032157742233389,1.8974890667507733,0.046347771767982625,0.08787637505302862,0.04152860328504599,Low/Moderate
681,681,Q5D,C(AGEBRACKET)[T.30_44],0.08060497244476794,0.8533282525051861,False,-0.7739406410902822,0.935150585979818,0.06091085826899088,0.10695930331768229,0.0460484450486914,Low/Moderate,681,-0.1156985919685554,0.5609942925247609,False,-0.5057546912320737,0.27435750729496294,0.046347771767982625,0.08787637505302862,0.04152860328504599,Low/Moderate
682,682,Q5D,C(AGEBRACKET)[T.45_59],0.7509667470113068,0.08511521307302161,False,-0.10390164428649429,1.605835138309108,0.06091085826899088,0.10695930331768229,0.0460484450486914,Low/Moderate,682,-0.023593892907964088,0.9061652905179904,False,-0.41589490166508714,0.36870711584915894,0.046347771767982625,0.08787637505302862,0.04152860328504599,Low/Moderate
683,683,Q5D,C(AGEBRACKET)[T.60plus],0.3728722552528007,0.39505328435098974,False,-0.4864171745455241,1.2321616850511254,0.06091085826899088,0.10695930331768229,0.0460484450486914,Low/Moderate,683,0.09078191414946069,0.6492657073525181,False,-0.30045845801132953,0.4820222863102509,0.046347771767982625,0.08787637505302862,0.04152860328504599,Low/Moderate
684,684,Q5D,C(EDUCATION)[T.HS_graduate_or_equivalent],-0.15776440957241705,0.7661067037721937,False,-1.1972345837119274,0.8817057645670932,0.06091085826899088,0.10695930331768229,0.0460484450486914,Low/Moderate,684,0.0944394117815538,0.6966156028489408,False,-0.38030058741898554,0.5691794109820931,0.046347771767982625,0.08787637505302862,0.04152860328504599,Low/Moderate
685,685,Q5D,C(EDUCATION)[T.No_HS_diploma],0.2946310699088965,0.7972602837730998,False,-1.953242985903546,2.542505125721339,0.06091085826899088,0.10695930331768229,0.0460484450486914,Low/Moderate,685,-0.14241206997163103,0.7853120831464276,False,-1.1670792629973015,0.8822551230540393,0.046347771767982625,0.08787637505302862,0.04152860328504599,Low/Moderate
686,686,Q5D,C(EDUCATION)[T.Some_college],-0.4317543278958453,0.17641487509257048,False,-1.0577161137305697,0.19420745793887922,0.06091085826899088,0.10695930331768229,0.0460484450486914,Low/Moderate,686,0.414086749413243,0.004575211690518775,True,0.12786163134426398,0.7003118674822221,0.046347771767982625,0.08787637505302862,0.04152860328504599,Low/Moderate
687,687,Q5D,C(PARTYBEFORE)[T.Independent],-0.28723781414838784,0.3729986894502232,False,-0.919176821618757,0.3447011933219813,0.06091085826899088,0.10695930331768229,0.0460484450486914,Low/Moderate,687,-0.13247527487258454,0.366328082282081,False,-0.4198945703776622,0.15494402063249313,0.046347771767982625,0.08787637505302862,0.04152860328504599,Low/Moderate
688,688,Q5D,C(PARTYBEFORE)[T.Republican],0.33124268373507487,0.3657633940401097,False,-0.38657766241898456,1.0490630298891344,0.06091085826899088,0.10695930331768229,0.0460484450486914,Low/Moderate,688,-0.14069505924711487,0.40291080303219895,False,-0.4703770849208174,0.18898696642658766,0.046347771767982625,0.08787637505302862,0.04152860328504599,Low/Moderate
689,689,Q5D,C(GENDER)[T.Male],0.6983944144633313,0.010970965889055117,True,0.16025322642684747,1.236535602499815,0.06091085826899088,0.10695930331768229,0.0460484450486914,Low/Moderate,689,0.14459795237080644,0.2500488954568544,False,-0.10179331259816077,0.39098921733977365,0.046347771767982625,0.08787637505302862,0.04152860328504599,Low/Moderate
690,690,Q5D,RACE_majority[T.True],-0.3491600304835819,0.8691309682319555,False,-4.502661783272972,3.8043417223058076,0.06091085826899088,0.10695930331768229,0.0460484450486914,Low/Moderate,690,0.3199392101942749,0.7403040021055787,False,-1.5719534580919907,2.2118318784805404,0.046347771767982625,0.08787637505302862,0.04152860328504599,Low/Moderate
691,691,Q5D,AGEBRACKET_majority[T.True],-0.17297610326254434,0.5566757203746668,False,-0.7497621137670794,0.40380990724199073,0.06091085826899088,0.10695930331768229,0.0460484450486914,Low/Moderate,691,-0.06548542182556845,0.6265272662103596,False,-0.3292413840973335,0.19827054044619663,0.046347771767982625,0.08787637505302862,0.04152860328504599,Low/Moderate
692,692,Q5D,EDUCATION_majority[T.True],0.03984446805612528,0.9064176346995088,False,-0.6244532600556743,0.7041421961679248,0.06091085826899088,0.10695930331768229,0.0460484450486914,Low/Moderate,692,0.24236019165574235,0.12109279567653479,False,-0.06406241324903877,0.5487827965605234,0.046347771767982625,0.08787637505302862,0.04152860328504599,Low/Moderate
693,693,Q5D,PARTYBEFORE_majority[T.True],0.2184722415226396,0.4616567680682626,False,-0.3632221297912606,0.8001666128365399,0.06091085826899088,0.10695930331768229,0.0460484450486914,Low/Moderate,693,0.02730933358036378,0.8406299110891597,False,-0.23886945383890182,0.2934881209996294,0.046347771767982625,0.08787637505302862,0.04152860328504599,Low/Moderate
694,694,Q5D,GENDER_majority[T.True],0.8178470278783502,0.003262644128283508,True,0.27296741899735055,1.3627266367593498,0.06091085826899088,0.10695930331768229,0.0460484450486914,Low/Moderate,694,0.14806421564112074,0.2450930704604728,False,-0.10160272970918671,0.3977311609914282,0.046347771767982625,0.08787637505302862,0.04152860328504599,Low/Moderate
695,695,Q5D,RACE_diversity,-0.009190316185236322,0.9611489791878819,False,-0.3789711919609995,0.3605905595905269,0.06091085826899088,0.10695930331768229,0.0460484450486914,Low/Moderate,695,0.09916866132813167,0.24195615458959518,False,-0.06694117235851645,0.2652784950147798,0.046347771767982625,0.08787637505302862,0.04152860328504599,Low/Moderate
696,696,Q5D,AGEBRACKET_diversity,-0.01676249986426523,0.9224301512530532,False,-0.3541648741382709,0.3206398744097405,0.06091085826899088,0.10695930331768229,0.0460484450486914,Low/Moderate,696,-0.051222505751830134,0.5073979255561267,False,-0.20267076702883607,0.10022575552517582,0.046347771767982625,0.08787637505302862,0.04152860328504599,Low/Moderate
697,697,Q5D,EDUCATION_diversity,-0.08725979931865818,0.6484063138296281,False,-0.4623356424343971,0.28781604379708076,0.06091085826899088,0.10695930331768229,0.0460484450486914,Low/Moderate,697,-0.0040827107897701545,0.9621060978441218,False,-0.17250674936340457,0.16434132778386426,0.046347771767982625,0.08787637505302862,0.04152860328504599,Low/Moderate
698,698,Q5D,PARTYBEFORE_diversity,-0.06912073741006977,0.6992083956177422,False,-0.41973646729404757,0.2814949924739081,0.06091085826899088,0.10695930331768229,0.0460484450486914,Low/Moderate,698,0.003875047138437359,0.9614819881201446,False,-0.15339010089186078,0.1611401951687355,0.046347771767982625,0.08787637505302862,0.04152860328504599,Low/Moderate
699,699,Q5D,GENDER_diversity,-0.26802812504785606,0.13244035231443155,False,-0.6171864839242776,0.08113023382856538,0.06091085826899088,0.10695930331768229,0.0460484450486914,Low/Moderate,699,0.012530781414176101,0.8754929737962964,False,-0.14421589706052698,0.16927745988887918,0.046347771767982625,0.08787637505302862,0.04152860328504599,Low/Moderate
700,700,Q5E,Intercept,1.668655100489529,0.001774738898725052,True,0.6222774641276232,2.715032736851435,0.07341944673868708,0.07341944738090546,6.422183766149507e-10,Low/Moderate,700,0.979512392563063,0.0002386230417969077,True,0.4569974916144379,1.502027293511688,0.15259177418900932,0.15259190869699743,1.345079880946504e-07,High (Strong Signal)
701,701,Q5E,C(RACE)[T.Asian_non_Hispanic],-0.8827138731430308,0.11746358245619386,False,-1.9878415190985363,0.22241377281247465,0.07341944673868708,0.07341944738090546,6.422183766149507e-10,Low/Moderate,701,-0.5783179433910499,0.04268844281898161,True,-1.1375802284914358,-0.019055658290664024,0.15259177418900932,0.15259190869699743,1.345079880946504e-07,High (Strong Signal)
702,702,Q5E,C(RACE)[T.Black_non_Hispanic],-0.947953444744726,0.04192926787061818,True,-1.8613026605376404,-0.0346042289518117,0.07341944673868708,0.07341944738090546,6.422183766149507e-10,Low/Moderate,702,-0.37641197491257905,0.1066217812368031,False,-0.833631762029839,0.08080781220468086,0.15259177418900932,0.15259190869699743,1.345079880946504e-07,High (Strong Signal)
703,703,Q5E,C(RACE)[T.Hispanic],-1.1088897866055463,0.022162683836350755,True,-2.0589747346289444,-0.15880483858214833,0.07341944673868708,0.07341944738090546,6.422183766149507e-10,Low/Moderate,703,-0.4564077566606203,0.07435009506798086,False,-0.9577057986245862,0.0448902853033456,0.15259177418900932,0.15259190869699743,1.345079880946504e-07,High (Strong Signal)
704,704,Q5E,C(RACE)[T.Other_non_Hispanic],-4.132722332128407,1.7815306831071355e-05,True,-6.020546326415374,-2.2448983378414393,0.07341944673868708,0.07341944738090546,6.422183766149507e-10,Low/Moderate,704,-3.947760281097766,4.351953727914753e-15,True,-4.934134698063856,-2.9613858641316764,0.15259177418900932,0.15259190869699743,1.345079880946504e-07,High (Strong Signal)
705,705,Q5E,C(RACE)[T.White_non_Hispanic],-2.141472242923199,0.05909691384094021,False,-4.365192230754332,0.08224774490793285,0.07341944673868708,0.07341944738090546,6.422183766149507e-10,Low/Moderate,705,-0.7118521435724842,0.2353966882834776,False,-1.887680636909228,0.4639763497642596,0.15259177418900932,0.15259190869699743,1.345079880946504e-07,High (Strong Signal)
706,706,Q5E,C(AGEBRACKET)[T.30_44],-0.3377397627615661,0.18932071779226334,False,-0.8420534768835144,0.16657395136038217,0.07341944673868708,0.07341944738090546,6.422183766149507e-10,Low/Moderate,706,-0.14200208727394067,0.31192847007560764,False,-0.4172428279048761,0.13323865335699478,0.15259177418900932,0.15259190869699743,1.345079880946504e-07,High (Strong Signal)
707,707,Q5E,C(AGEBRACKET)[T.45_59],-0.3844197867829812,0.15786086169181257,False,-0.9179094947989195,0.14906992123295698,0.07341944673868708,0.07341944738090546,6.422183766149507e-10,Low/Moderate,707,-0.3255182517054775,0.021415113522084986,True,-0.6028408098436917,-0.048195693567263276,0.15259177418900932,0.15259190869699743,1.345079880946504e-07,High (Strong Signal)
708,708,Q5E,C(AGEBRACKET)[T.60plus],-0.4906859377420804,0.06225347051836916,False,-1.0064992554647438,0.025127379980582953,0.07341944673868708,0.07341944738090546,6.422183766149507e-10,Low/Moderate,708,-0.26238920075585653,0.05845487923383557,False,-0.5341649539360432,0.009386552424330175,0.15259177418900932,0.15259190869699743,1.345079880946504e-07,High (Strong Signal)
709,709,Q5E,C(EDUCATION)[T.HS_graduate_or_equivalent],0.23997939828779694,0.4548948868220889,False,-0.38943837815064264,0.8693971747262365,0.07341944673868708,0.07341944738090546,6.422183766149507e-10,Low/Moderate,709,0.099030196010503,0.5694683736809348,False,-0.242186053189421,0.440246445210427,0.15259177418900932,0.15259190869699743,1.345079880946504e-07,High (Strong Signal)
710,710,Q5E,C(EDUCATION)[T.No_HS_diploma],-0.48691781565359005,0.48753973286229557,False,-1.8615994361339427,0.8877638048267626,0.07341944673868708,0.07341944738090546,6.422183766149507e-10,Low/Moderate,710,0.6615661173288793,0.07002829269544643,False,-0.054129633129135546,1.3772618677868942,0.15259177418900932,0.15259190869699743,1.345079880946504e-07,High (Strong Signal)
711,711,Q5E,C(EDUCATION)[T.Some_college],-0.07751748573407935,0.6809308761677848,False,-0.44700677026921887,0.29197179880106017,0.07341944673868708,0.07341944738090546,6.422183766149507e-10,Low/Moderate,711,-0.07116915188895402,0.48406452677366973,False,-0.2705016807898449,0.1281633770119368,0.15259177418900932,0.15259190869699743,1.345079880946504e-07,High (Strong Signal)
712,712,Q5E,C(PARTYBEFORE)[T.Independent],-0.031624390545905524,0.8686922831074742,False,-0.4065502634211632,0.3433014823293521,0.07341944673868708,0.07341944738090546,6.422183766149507e-10,Low/Moderate,712,0.16029661516116595,0.1226044724725033,False,-0.04319376632510749,0.3637869966474394,0.15259177418900932,0.15259190869699743,1.345079880946504e-07,High (Strong Signal)
713,713,Q5E,C(PARTYBEFORE)[T.Republican],0.2621171783574748,0.23400339722599262,False,-0.169557615977315,0.6937919726922646,0.07341944673868708,0.07341944738090546,6.422183766149507e-10,Low/Moderate,713,0.3570865121455576,0.002848353192823127,True,0.12251561979377484,0.5916574044973404,0.15259177418900932,0.15259190869699743,1.345079880946504e-07,High (Strong Signal)
714,714,Q5E,C(GENDER)[T.Male],0.1820846895810288,0.26322537564668635,False,-0.13689936646660433,0.501068745628662,0.07341944673868708,0.07341944738090546,6.422183766149507e-10,Low/Moderate,714,0.06881850116839142,0.42000051971649044,False,-0.0984413956529532,0.23607839798973604,0.15259177418900932,0.15259190869699743,1.345079880946504e-07,High (Strong Signal)
715,715,Q5E,RACE_majority[T.True],1.0767467136829034,0.3136120694589791,False,-1.017570975931517,3.171064403297324,0.07341944673868708,0.07341944738090546,6.422183766149507e-10,Low/Moderate,715,0.22721392786618394,0.6705591598221453,False,-0.8196861697401665,1.2741140254725345,0.15259177418900932,0.15259190869699743,1.345079880946504e-07,High (Strong Signal)
716,716,Q5E,AGEBRACKET_majority[T.True],-0.22837048453379274,0.22378819037800757,False,-0.596304570961138,0.13956360189355252,0.07341944673868708,0.07341944738090546,6.422183766149507e-10,Low/Moderate,716,-0.004895232588492455,0.9588980126366361,False,-0.1910638390912255,0.18127337391424062,0.15259177418900932,0.15259190869699743,1.345079880946504e-07,High (Strong Signal)
717,717,Q5E,EDUCATION_majority[T.True],-0.13956831398653252,0.5026209360762237,False,-0.5476238908807172,0.2684872629076521,0.07341944673868708,0.07341944738090546,6.422183766149507e-10,Low/Moderate,717,-0.15904091524790556,0.14315081870362972,False,-0.3719376749198612,0.05385584442405009,0.15259177418900932,0.15259190869699743,1.345079880946504e-07,High (Strong Signal)
718,718,Q5E,PARTYBEFORE_majority[T.True],-0.06402769200029201,0.7167574124615465,False,-0.4099301595040055,0.2818747755034215,0.07341944673868708,0.07341944738090546,6.422183766149507e-10,Low/Moderate,718,-0.06315715047576131,0.48038653705888656,False,-0.23857031828973008,0.11225601733820745,0.15259177418900932,0.15259190869699743,1.345079880946504e-07,High (Strong Signal)
719,719,Q5E,GENDER_majority[T.True],0.09442256161629886,0.5707104673145378,False,-0.23196727211644708,0.4208123953490448,0.07341944673868708,0.07341944738090546,6.422183766149507e-10,Low/Moderate,719,0.014139568030339306,0.8750507061454389,False,-0.16210010514620393,0.19037924120688254,0.15259177418900932,0.15259190869699743,1.345079880946504e-07,High (Strong Signal)
720,720,Q5E,RACE_diversity,-0.023669608754002192,0.7947601391290077,False,-0.20200661021578695,0.15466739270778254,0.07341944673868708,0.07341944738090546,6.422183766149507e-10,Low/Moderate,720,-0.036896997999586206,0.45472587578194235,False,-0.13363415826049174,0.059840162261319316,0.15259177418900932,0.15259190869699743,1.345079880946504e-07,High (Strong Signal)
721,721,Q5E,AGEBRACKET_diversity,0.015380916277002084,0.8560100422351283,False,-0.1507536918073182,0.18151552436132237,0.07341944673868708,0.07341944738090546,6.422183766149507e-10,Low/Moderate,721,-0.058722515381692625,0.20058026359689218,False,-0.1486467313113477,0.031201700547962452,0.15259177418900932,0.15259190869699743,1.345079880946504e-07,High (Strong Signal)
722,722,Q5E,EDUCATION_diversity,0.13892760751412567,0.14013249177301293,False,-0.045640622134139386,0.3234958371623907,0.07341944673868708,0.07341944738090546,6.422183766149507e-10,Low/Moderate,722,0.07563567061879463,0.1311682257874746,False,-0.022570425554773316,0.17384176679236257,0.15259177418900932,0.15259190869699743,1.345079880946504e-07,High (Strong Signal)
723,723,Q5E,PARTYBEFORE_diversity,0.046130639833757765,0.5902105114144959,False,-0.12176014672787541,0.21402142639539093,0.07341944673868708,0.07341944738090546,6.422183766149507e-10,Low/Moderate,723,0.02360352585738631,0.61305403485662,False,-0.06787429975403644,0.11508135146880907,0.15259177418900932,0.15259190869699743,1.345079880946504e-07,High (Strong Signal)
724,724,Q5E,GENDER_diversity,0.019568202493732673,0.8201565293134826,False,-0.14913222595451672,0.18826863094198207,0.07341944673868708,0.07341944738090546,6.422183766149507e-10,Low/Moderate,724,0.042433406684018384,0.3657753274461676,False,-0.049524310135492015,0.13439112350352878,0.15259177418900932,0.15259190869699743,1.345079880946504e-07,High (Strong Signal)
725,725,Q5F,Intercept,0.2920375347188644,0.7392594831181598,False,-1.4276870206900623,2.011762090127791,0.05259109932736744,0.08989306020437061,0.03730196087700317,Low/Moderate,725,0.9879139428423326,0.0009302550915823584,True,0.40307993826959465,1.5727479474150705,0.07509631398834915,0.11912282109417625,0.0440265071058271,Low/Moderate
726,726,Q5F,C(RACE)[T.Asian_non_Hispanic],-0.4376249963054623,0.6366240243579537,False,-2.2532161666961197,1.377966174085195,0.05259109932736744,0.08989306020437061,0.03730196087700317,Low/Moderate,726,-0.7183549799423802,0.02187466272440139,True,-1.332499814999006,-0.10421014488575431,0.07509631398834915,0.11912282109417625,0.0440265071058271,Low/Moderate
727,727,Q5F,C(RACE)[T.Black_non_Hispanic],-0.8168250003522315,0.2888724985719493,False,-2.326300918468397,0.6926509177639344,0.05259109932736744,0.08989306020437061,0.03730196087700317,Low/Moderate,727,-0.24209695073009868,0.35491869170281065,False,-0.7550209983142591,0.27082709685406176,0.07509631398834915,0.11912282109417625,0.0440265071058271,Low/Moderate
728,728,Q5F,C(RACE)[T.Hispanic],-1.215094907891775,0.1327968623385597,False,-2.7994482427569443,0.36925842697339406,0.05259109932736744,0.08989306020437061,0.03730196087700317,Low/Moderate,728,-0.985542795813315,0.0003225662190728199,True,-1.5226330579636627,-0.44845253366296756,0.07509631398834915,0.11912282109417625,0.0440265071058271,Low/Moderate
729,729,Q5F,C(RACE)[T.Other_non_Hispanic],-2.0268776005157,0.22383155294654766,False,-5.292742656861853,1.2389874558304532,0.05259109932736744,0.08989306020437061,0.03730196087700317,Low/Moderate,729,-0.45103551975221107,0.4260990440573491,False,-1.5617659480324708,0.6596949085280486,0.07509631398834915,0.11912282109417625,0.0440265071058271,Low/Moderate
730,730,Q5F,C(RACE)[T.White_non_Hispanic],-1.9069382604550993,0.3435083235440384,False,-5.852577178033353,2.0387006571231536,0.05259109932736744,0.08989306020437061,0.03730196087700317,Low/Moderate,730,-0.08390343253666396,0.9028526579330136,False,-1.4311889911071698,1.263382126033842,0.07509631398834915,0.11912282109417625,0.0440265071058271,Low/Moderate
731,731,Q5F,C(AGEBRACKET)[T.30_44],-0.40384809488557427,0.38390266186801714,False,-1.312889357497396,0.5051931677262476,0.05259109932736744,0.08989306020437061,0.03730196087700317,Low/Moderate,731,0.1320243774157328,0.40212601288192873,False,-0.17682458828187203,0.44087334311333765,0.07509631398834915,0.11912282109417625,0.0440265071058271,Low/Moderate
732,732,Q5F,C(AGEBRACKET)[T.45_59],0.5052274760371985,0.2743974202706113,False,-0.40075159783945924,1.4112065499138562,0.05259109932736744,0.08989306020437061,0.03730196087700317,Low/Moderate,732,0.06606310206740132,0.6744760097191105,False,-0.24221622036236864,0.37434242449717126,0.07509631398834915,0.11912282109417625,0.0440265071058271,Low/Moderate
733,733,Q5F,C(AGEBRACKET)[T.60plus],-0.06922442739099774,0.8811867891185083,False,-0.9769784717115589,0.8385296169295634,0.05259109932736744,0.08989306020437061,0.03730196087700317,Low/Moderate,733,0.0637479859063349,0.6850991580699928,False,-0.2443634894107511,0.3718594612234209,0.07509631398834915,0.11912282109417625,0.0440265071058271,Low/Moderate
734,734,Q5F,C(EDUCATION)[T.HS_graduate_or_equivalent],0.5087341109011072,0.3651514016483385,False,-0.5923131750154134,1.6097813968176278,0.05259109932736744,0.08989306020437061,0.03730196087700317,Low/Moderate,734,0.12901523704745282,0.5006705534265723,False,-0.24647044092938725,0.504500915024293,0.07509631398834915,0.11912282109417625,0.0440265071058271,Low/Moderate
735,735,Q5F,C(EDUCATION)[T.No_HS_diploma],0.8726615384735156,0.4738712165574641,False,-1.515495621423828,3.260818698370859,0.05259109932736744,0.08989306020437061,0.03730196087700317,Low/Moderate,735,-0.3568282892897894,0.3894949269392618,False,-1.1695455752350612,0.45588899665548255,0.07509631398834915,0.11912282109417625,0.0440265071058271,Low/Moderate
736,736,Q5F,C(EDUCATION)[T.Some_college],0.3912760829912187,0.24661262173105125,False,-0.270622969045555,1.0531751350279923,0.05259109932736744,0.08989306020437061,0.03730196087700317,Low/Moderate,736,0.13691541676045754,0.23408197100988581,False,-0.08860533897928205,0.3624361725001971,0.07509631398834915,0.11912282109417625,0.0440265071058271,Low/Moderate
737,737,Q5F,C(PARTYBEFORE)[T.Independent],-0.7652377959152725,0.025090582543711867,True,-1.4348069966064316,-0.0956685952241133,0.05259109932736744,0.08989306020437061,0.03730196087700317,Low/Moderate,737,-0.18330908544153626,0.11452990989981174,False,-0.4109667685265397,0.04434859764346713,0.07509631398834915,0.11912282109417625,0.0440265071058271,Low/Moderate
738,738,Q5F,C(PARTYBEFORE)[T.Republican],-0.6345654511446083,0.10563294261564372,False,-1.403180811553102,0.1340499092638855,0.05259109932736744,0.08989306020437061,0.03730196087700317,Low/Moderate,738,-0.2651238055093035,0.04646603204243592,True,-0.5260971064220862,-0.0041505045965207765,0.07509631398834915,0.11912282109417625,0.0440265071058271,Low/Moderate
739,739,Q5F,C(GENDER)[T.Male],0.47366681125443516,0.10533606240208601,False,-0.09957191716703467,1.046905539675905,0.05259109932736744,0.08989306020437061,0.03730196087700317,Low/Moderate,739,-0.0721907759716105,0.4686296350629936,False,-0.2674291718147006,0.12304761987147961,0.07509631398834915,0.11912282109417625,0.0440265071058271,Low/Moderate
740,740,Q5F,RACE_majority[T.True],1.5193451427006346,0.4267465848047375,False,-2.227471071057492,5.266161356458761,0.05259109932736744,0.08989306020437061,0.03730196087700317,Low/Moderate,740,-0.5098987452551995,0.4345470841259038,False,-1.78880745575986,0.7690099652494611,0.07509631398834915,0.11912282109417625,0.0440265071058271,Low/Moderate
741,741,Q5F,AGEBRACKET_majority[T.True],-0.20354211611923984,0.5149644894781432,False,-0.8162262756452239,0.40914204340674415,0.05259109932736744,0.08989306020437061,0.03730196087700317,Low/Moderate,741,-0.0352436045310562,0.7412549673005985,False,-0.244443756629863,0.17395654756775059,0.07509631398834915,0.11912282109417625,0.0440265071058271,Low/Moderate
742,742,Q5F,EDUCATION_majority[T.True],0.16912423552828484,0.6376328274194283,False,-0.534632914648563,0.8728813857051326,0.05259109932736744,0.08989306020437061,0.03730196087700317,Low/Moderate,742,0.1765406522524896,0.14661290033771682,False,-0.061826222811055626,0.41490752731603486,0.07509631398834915,0.11912282109417625,0.0440265071058271,Low/Moderate
743,743,Q5F,PARTYBEFORE_majority[T.True],-0.2870074022206213,0.3588497592452453,False,-0.9000733024957142,0.32605849805447157,0.05259109932736744,0.08989306020437061,0.03730196087700317,Low/Moderate,743,-0.06996022293489945,0.5119130671330416,False,-0.27902793091829153,0.13910748504849263,0.07509631398834915,0.11912282109417625,0.0440265071058271,Low/Moderate
744,744,Q5F,GENDER_majority[T.True],0.6781643141470031,0.02220849285326021,True,0.09692086541553524,1.259407762878471,0.05259109932736744,0.08989306020437061,0.03730196087700317,Low/Moderate,744,0.12695848337031826,0.21008137996978438,False,-0.07157800163727082,0.32549496837790737,0.07509631398834915,0.11912282109417625,0.0440265071058271,Low/Moderate
745,745,Q5F,RACE_diversity,0.018724290824957746,0.9231767721071601,False,-0.36184022398039567,0.39928880563031116,0.05259109932736744,0.08989306020437061,0.03730196087700317,Low/Moderate,745,-0.009254344383653855,0.8919577016601625,False,-0.14279276853053055,0.12428407976322284,0.07509631398834915,0.11912282109417625,0.0440265071058271,Low/Moderate
746,746,Q5F,AGEBRACKET_diversity,0.1782305882524788,0.32166608047584366,False,-0.17425322349799963,0.5307144000029572,0.05259109932736744,0.08989306020437061,0.03730196087700317,Low/Moderate,746,0.05165569266884312,0.4132436487892902,False,-0.07208353843991425,0.1753949237776005,0.07509631398834915,0.11912282109417625,0.0440265071058271,Low/Moderate
747,747,Q5F,EDUCATION_diversity,0.06514698226484918,0.7417576906889253,False,-0.32233535879025355,0.45262932331995187,0.05259109932736744,0.08989306020437061,0.03730196087700317,Low/Moderate,747,-0.030965662270606393,0.654863524864576,False,-0.1667361628023865,0.10480483826117372,0.07509631398834915,0.11912282109417625,0.0440265071058271,Low/Moderate
748,748,Q5F,PARTYBEFORE_diversity,-0.08630897486829013,0.6409081844178467,False,-0.4489844170678552,0.2763664673312749,0.05259109932736744,0.08989306020437061,0.03730196087700317,Low/Moderate,748,-1.785939594416316e-05,0.9997807282317376,False,-0.1273893390242867,0.12735362023239835,0.07509631398834915,0.11912282109417625,0.0440265071058271,Low/Moderate
749,749,Q5F,GENDER_diversity,0.10765765657658727,0.5555886826702972,False,-0.25033833512826953,0.46565364828144407,0.05259109932736744,0.08989306020437061,0.03730196087700317,Low/Moderate,749,-0.03082350317421333,0.6310293161763809,False,-0.15661082397457726,0.0949638176261506,0.07509631398834915,0.11912282109417625,0.0440265071058271,Low/Moderate
750,750,Q5G,Intercept,1.0759049297319756,0.20791407432694764,False,-0.5985953377019555,2.7504051971659065,0.06245035073636931,0.06245035481752947,4.081160160623472e-09,Low/Moderate,750,0.3524776476625254,0.3144191701222915,False,-0.33425061693963526,1.039205912264686,0.09122214174523538,0.13684497750940916,0.04562283576417378,Low/Moderate
751,751,Q5G,C(RACE)[T.Asian_non_Hispanic],-0.7451795529442458,0.3984562422775949,False,-2.4748776109762587,0.9845185050877672,0.06245035073636931,0.06245035481752947,4.081160160623472e-09,Low/Moderate,751,-0.3990978628517227,0.25935600307468465,False,-1.0926055658028948,0.2944098400994494,0.09122214174523538,0.13684497750940916,0.04562283576417378,Low/Moderate
752,752,Q5G,C(RACE)[T.Black_non_Hispanic],-0.49255826455992335,0.5132276517810231,False,-1.9691055800276442,0.9839890509077975,0.06245035073636931,0.06245035481752947,4.081160160623472e-09,Low/Moderate,752,0.34135685343131794,0.25419068473402184,False,-0.24540845705352743,0.9281221639161633,0.09122214174523538,0.13684497750940916,0.04562283576417378,Low/Moderate
753,753,Q5G,C(RACE)[T.Hispanic],-1.483801723557977,0.06059048148974329,False,-3.033623822871413,0.06602037575545894,0.06245035073636931,0.06245035481752947,4.081160160623472e-09,Low/Moderate,753,-0.4891743565010192,0.1212905652211555,False,-1.1079796527192585,0.12963093971722,0.09122214174523538,0.13684497750940916,0.04562283576417378,Low/Moderate
754,754,Q5G,C(RACE)[T.Other_non_Hispanic],-3.122181512329132,0.050121563777282115,False,-6.246018887919504,0.0016558632612411195,0.06245035073636931,0.06245035481752947,4.081160160623472e-09,Low/Moderate,754,0.6761340595596466,0.2853498980148109,False,-0.5642490481354114,1.9165171672547046,0.09122214174523538,0.13684497750940916,0.04562283576417378,Low/Moderate
755,755,Q5G,C(RACE)[T.White_non_Hispanic],2.5722768872951365,0.2504135514755309,False,-1.8141936251019635,6.958747399692236,0.06245035073636931,0.06245035481752947,4.081160160623472e-09,Low/Moderate,755,0.6761080628136114,0.4476669646850563,False,-1.0690908021551428,2.4213069277823656,0.09122214174523538,0.13684497750940916,0.04562283576417378,Low/Moderate
756,756,Q5G,C(AGEBRACKET)[T.30_44],-1.0824759351577673,0.017206760767908592,True,-1.9730647742673746,-0.19188709604816012,0.06245035073636931,0.06245035481752947,4.081160160623472e-09,Low/Moderate,756,0.179764146037952,0.3190556781855043,False,-0.1738399679955009,0.5333682600714049,0.09122214174523538,0.13684497750940916,0.04562283576417378,Low/Moderate
757,757,Q5G,C(AGEBRACKET)[T.45_59],-0.4721717339385582,0.2929836629406072,False,-1.3522027889304373,0.40785932105332084,0.06245035073636931,0.06245035481752947,4.081160160623472e-09,Low/Moderate,757,-0.19096243720052625,0.29054687037619,False,-0.5450843625997,0.1631594881986475,0.09122214174523538,0.13684497750940916,0.04562283576417378,Low/Moderate
758,758,Q5G,C(AGEBRACKET)[T.60plus],-0.430539232393947,0.33873915571725866,False,-1.312610027591652,0.45153156280375795,0.06245035073636931,0.06245035481752947,4.081160160623472e-09,Low/Moderate,758,0.07803167902331447,0.6666721654112938,False,-0.2770467330541555,0.43311009110078447,0.09122214174523538,0.13684497750940916,0.04562283576417378,Low/Moderate
759,759,Q5G,C(EDUCATION)[T.HS_graduate_or_equivalent],-0.27563846439987105,0.6089635282988041,False,-1.3317185239860743,0.7804415951863322,0.06245035073636931,0.06245035481752947,4.081160160623472e-09,Low/Moderate,759,-0.009916741781884427,0.9631413871951297,False,-0.43051126957027996,0.41067778600651106,0.09122214174523538,0.13684497750940916,0.04562283576417378,Low/Moderate
760,760,Q5G,C(EDUCATION)[T.No_HS_diploma],0.09846766881255582,0.9319571039729517,False,-2.161860993462849,2.358796331087961,0.06245035073636931,0.06245035481752947,4.081160160623472e-09,Low/Moderate,760,-0.8026019046702022,0.08352479253439295,False,-1.7115810364456623,0.10637722710525777,0.09122214174523538,0.13684497750940916,0.04562283576417378,Low/Moderate
761,761,Q5G,C(EDUCATION)[T.Some_college],-0.6054907552294513,0.06575005685228301,False,-1.2504147774198824,0.03943326696097993,0.06245035073636931,0.06245035481752947,4.081160160623472e-09,Low/Moderate,761,-0.07518981593656542,0.5706552955103795,False,-0.33506072762350086,0.18468109575037,0.09122214174523538,0.13684497750940916,0.04562283576417378,Low/Moderate
762,762,Q5G,C(PARTYBEFORE)[T.Independent],0.22368212359827874,0.496369822933297,False,-0.42083530117874557,0.8681995483753031,0.06245035073636931,0.06245035481752947,4.081160160623472e-09,Low/Moderate,762,-0.08328199157592918,0.5265236583961977,False,-0.3410178829384789,0.17445389978662051,0.09122214174523538,0.13684497750940916,0.04562283576417378,Low/Moderate
763,763,Q5G,C(PARTYBEFORE)[T.Republican],0.5918594573769377,0.11743395254689953,False,-0.14906852489183375,1.3327874396457091,0.06245035073636931,0.06245035481752947,4.081160160623472e-09,Low/Moderate,763,0.36920830593745224,0.014015659963917971,True,0.07467200449392458,0.6637446073809798,0.09122214174523538,0.13684497750940916,0.04562283576417378,Low/Moderate
764,764,Q5G,C(GENDER)[T.Male],-0.10793613007840801,0.6987609483694911,False,-0.6545883985912517,0.43871613843443574,0.06245035073636931,0.06245035481752947,4.081160160623472e-09,Low/Moderate,764,0.21187076856780337,0.05786822922506834,False,-0.007067499095095686,0.43080903623070244,0.09122214174523538,0.13684497750940916,0.04562283576417378,Low/Moderate
765,765,Q5G,RACE_majority[T.True],-3.1530285363878074,0.1398679143395024,False,-7.339097221945272,1.0330401491696573,0.06245035073636931,0.06245035481752947,4.081160160623472e-09,Low/Moderate,765,-0.6851349525952791,0.42422823994149794,False,-2.365560041596346,0.9952901364057877,0.09122214174523538,0.13684497750940916,0.04562283576417378,Low/Moderate
766,766,Q5G,AGEBRACKET_majority[T.True],-0.023450249125256954,0.936519484048185,False,-0.6005305008433638,0.5536300025928499,0.06245035073636931,0.06245035481752947,4.081160160623472e-09,Low/Moderate,766,0.09073234397149578,0.4460070636469843,False,-0.14261598576334028,0.32408067370633187,0.09122214174523538,0.13684497750940916,0.04562283576417378,Low/Moderate
767,767,Q5G,EDUCATION_majority[T.True],0.29045977648236143,0.3965958495404428,False,-0.38109807353858305,0.9620176265033059,0.06245035073636931,0.06245035481752947,4.081160160623472e-09,Low/Moderate,767,-0.052953578486147394,0.7026606023899139,False,-0.3248387444760996,0.21893158750380481,0.09122214174523538,0.13684497750940916,0.04562283576417378,Low/Moderate
768,768,Q5G,PARTYBEFORE_majority[T.True],-0.26169933762894876,0.380836562377043,False,-0.8469880913611141,0.3235894161032166,0.06245035073636931,0.06245035481752947,4.081160160623472e-09,Low/Moderate,768,-0.001093178233531859,0.9927475573199454,False,-0.23680905891660464,0.23462270244954092,0.09122214174523538,0.13684497750940916,0.04562283576417378,Low/Moderate
769,769,Q5G,GENDER_majority[T.True],0.3174445579770369,0.25688768916669436,False,-0.23132240587899383,0.8662115218330677,0.06245035073636931,0.06245035481752947,4.081160160623472e-09,Low/Moderate,769,0.08489451535250439,0.45020763014072984,False,-0.13546972965221551,0.3052587603572243,0.09122214174523538,0.13684497750940916,0.04562283576417378,Low/Moderate
770,770,Q5G,RACE_diversity,0.13061515220139697,0.39880412575883706,False,-0.1727902197031983,0.43402052410599223,0.06245035073636931,0.06245035481752947,4.081160160623472e-09,Low/Moderate,770,-0.09805662726697098,0.1983387945290852,False,-0.2474678333242343,0.05135457879029234,0.09122214174523538,0.13684497750940916,0.04562283576417378,Low/Moderate
771,771,Q5G,AGEBRACKET_diversity,-0.16599143433694521,0.24660685248453185,False,-0.4467860861051305,0.11480321743124008,0.06245035073636931,0.06245035481752947,4.081160160623472e-09,Low/Moderate,771,-0.01818958702577073,0.7970556005452067,False,-0.15682310861004226,0.1204439345585008,0.09122214174523538,0.13684497750940916,0.04562283576417378,Low/Moderate
772,772,Q5G,EDUCATION_diversity,0.02031810739576748,0.8969981933341246,False,-0.2873021291885345,0.3279383439800695,0.06245035073636931,0.06245035481752947,4.081160160623472e-09,Low/Moderate,772,0.05223667774118089,0.4984993686743162,False,-0.09902517796880177,0.20349853345116353,0.09122214174523538,0.13684497750940916,0.04562283576417378,Low/Moderate
773,773,Q5G,PARTYBEFORE_diversity,-0.06088442155789944,0.6803783631111084,False,-0.3505607878083593,0.2287919446925604,0.06245035073636931,0.06245035481752947,4.081160160623472e-09,Low/Moderate,773,-0.06124360463919217,0.40104187748388986,False,-0.20418323281333822,0.08169602353495387,0.09122214174523538,0.13684497750940916,0.04562283576417378,Low/Moderate
774,774,Q5G,GENDER_diversity,0.09493755733261672,0.5136913669392271,False,-0.18997133308012126,0.3798464477453547,0.06245035073636931,0.06245035481752947,4.081160160623472e-09,Low/Moderate,774,-0.030352357749489158,0.6752694277748243,False,-0.17235685287870994,0.11165213737973162,0.09122214174523538,0.13684497750940916,0.04562283576417378,Low/Moderate
775,775,Q5H,Intercept,-0.9432447536805351,0.3417850400690854,False,-2.8879532059445605,1.0014636985834906,0.046124491027305474,0.080612649728969,0.034488158701663524,Low/Moderate,775,1.4344794784327908,0.0004791532867945303,True,0.6293794687318106,2.2395794881337707,0.10624542381138159,0.10624542588195177,2.07057016688982e-09,High (Strong Signal)
776,776,Q5H,C(RACE)[T.Asian_non_Hispanic],0.9800256511893626,0.3596558953501551,False,-1.11688592525102,3.0769372276297453,0.046124491027305474,0.080612649728969,0.034488158701663524,Low/Moderate,776,0.12747587230607726,0.7729288138527539,False,-0.7384107003317442,0.9933624449438987,0.10624542381138159,0.10624542588195177,2.07057016688982e-09,High (Strong Signal)
777,777,Q5H,C(RACE)[T.Black_non_Hispanic],-0.0445209361511239,0.9597589547504342,False,-1.7739348408125086,1.684892968510261,0.046124491027305474,0.080612649728969,0.034488158701663524,Low/Moderate,777,-0.11837117174043237,0.7473121541122105,False,-0.8384632293055727,0.6017208858247081,0.10624542381138159,0.10624542588195177,2.07057016688982e-09,High (Strong Signal)
778,778,Q5H,C(RACE)[T.Hispanic],-0.7191022470108706,0.43743048084883973,False,-2.534096104903319,1.095891610881578,0.046124491027305474,0.080612649728969,0.034488158701663524,Low/Moderate,778,-0.07905934234971279,0.8367426545777614,False,-0.8310351089439291,0.6729164242445035,0.10624542381138159,0.10624542588195177,2.07057016688982e-09,High (Strong Signal)
779,779,Q5H,C(RACE)[T.Other_non_Hispanic],-1.0603510655940795,0.5686550295613613,False,-4.706189743811441,2.5854876126232815,0.046124491027305474,0.080612649728969,0.034488158701663524,Low/Moderate,779,0.9690169187535278,0.21046413712135725,False,-0.5475950097184616,2.4856288472255175,0.10624542381138159,0.10624542588195177,2.07057016688982e-09,High (Strong Signal)
780,780,Q5H,C(RACE)[T.White_non_Hispanic],1.5301170862638285,0.49727941946717313,False,-2.8880881962151896,5.948322368742847,0.046124491027305474,0.080612649728969,0.034488158701663524,Low/Moderate,780,0.7067333453793174,0.4479830761774868,False,-1.1187873080839403,2.532253998842575,0.10624542381138159,0.10624542588195177,2.07057016688982e-09,High (Strong Signal)
781,781,Q5H,C(AGEBRACKET)[T.30_44],0.4729935378730125,0.3764399776418985,False,-0.5751429758303193,1.5211300515763444,0.046124491027305474,0.080612649728969,0.034488158701663524,Low/Moderate,781,0.10589277257553475,0.6326051882114758,False,-0.32824647731240086,0.5400320224634704,0.10624542381138159,0.10624542588195177,2.07057016688982e-09,High (Strong Signal)
782,782,Q5H,C(AGEBRACKET)[T.45_59],0.6708438004074898,0.2021154142828414,False,-0.3599522865627637,1.7016398873777434,0.046124491027305474,0.080612649728969,0.034488158701663524,Low/Moderate,782,-0.07375620916359571,0.7333286237590647,False,-0.49805633932709353,0.3505439209999021,0.10624542381138159,0.10624542588195177,2.07057016688982e-09,High (Strong Signal)
783,783,Q5H,C(AGEBRACKET)[T.60plus],0.8530968803394371,0.10689842745052983,False,-0.18396044425880953,1.8901542049376836,0.046124491027305474,0.080612649728969,0.034488158701663524,Low/Moderate,783,-0.20713456984524203,0.3408046319561403,False,-0.6333221245296854,0.21905298483920138,0.10624542381138159,0.10624542588195177,2.07057016688982e-09,High (Strong Signal)
784,784,Q5H,C(EDUCATION)[T.HS_graduate_or_equivalent],1.1957434057047756,0.0649988959268707,False,-0.07432517948641348,2.465811990895965,0.046124491027305474,0.080612649728969,0.034488158701663524,Low/Moderate,784,-0.04774975325594511,0.8594593317911557,False,-0.5763078611264966,0.48080835461460636,0.10624542381138159,0.10624542588195177,2.07057016688982e-09,High (Strong Signal)
785,785,Q5H,C(EDUCATION)[T.No_HS_diploma],2.579575108416752,0.07666260982238826,False,-0.27622583565826675,5.435376052491771,0.046124491027305474,0.080612649728969,0.034488158701663524,Low/Moderate,785,0.6291446044545811,0.29573486514857683,False,-0.550152426926294,1.808441635835456,0.10624542381138159,0.10624542588195177,2.07057016688982e-09,High (Strong Signal)
786,786,Q5H,C(EDUCATION)[T.Some_college],0.8031979227945262,0.03595336025173521,True,0.05265053528041519,1.5537453103086372,0.046124491027305474,0.080612649728969,0.034488158701663524,Low/Moderate,786,-0.048917609612118225,0.757286747268674,False,-0.3591524596061104,0.261317240381874,0.10624542381138159,0.10624542588195177,2.07057016688982e-09,High (Strong Signal)
787,787,Q5H,C(PARTYBEFORE)[T.Independent],-0.4444502369262869,0.25598940969307415,False,-1.2113222784306827,0.32242180457810893,0.046124491027305474,0.080612649728969,0.034488158701663524,Low/Moderate,787,-0.5123697014665843,0.0016744592470889586,True,-0.8319208277885211,-0.19281857514464767,0.10624542381138159,0.10624542588195177,2.07057016688982e-09,High (Strong Signal)
788,788,Q5H,C(PARTYBEFORE)[T.Republican],-0.5551373648362122,0.21052801337203797,False,-1.4241065589519044,0.31383182927948006,0.046124491027305474,0.080612649728969,0.034488158701663524,Low/Moderate,788,-0.4311315716890085,0.01981005251681969,True,-0.7938050145792,-0.06845812879881696,0.10624542381138159,0.10624542588195177,2.07057016688982e-09,High (Strong Signal)
789,789,Q5H,C(GENDER)[T.Male],0.24210178754148035,0.46784846298853944,False,-0.41150856787146606,0.8957121429544268,0.046124491027305474,0.080612649728969,0.034488158701663524,Low/Moderate,789,-0.22358882383179754,0.10689704826142676,False,-0.4953909143804397,0.048213266716844644,0.10624542381138159,0.10624542588195177,2.07057016688982e-09,High (Strong Signal)
790,790,Q5H,RACE_majority[T.True],-2.0536590263736567,0.3345622310800689,False,-6.224895080949579,2.1175770282022652,0.046124491027305474,0.080612649728969,0.034488158701663524,Low/Moderate,790,-1.1347193965667532,0.19533620411974095,False,-2.8521623912480614,0.5827235981145551,0.10624542381138159,0.10624542588195177,2.07057016688982e-09,High (Strong Signal)
791,791,Q5H,AGEBRACKET_majority[T.True],0.13008901242433385,0.7162615057178712,False,-0.5714186734271942,0.831596698275862,0.046124491027305474,0.080612649728969,0.034488158701663524,Low/Moderate,791,0.010600104603393716,0.942478569886603,False,-0.2773332066065126,0.29853341581330006,0.10624542381138159,0.10624542588195177,2.07057016688982e-09,High (Strong Signal)
792,792,Q5H,EDUCATION_majority[T.True],0.7832895438476521,0.054388783215008694,False,-0.014754624174675879,1.5813337118699802,0.046124491027305474,0.080612649728969,0.034488158701663524,Low/Moderate,792,0.2013348320628637,0.23050175656719618,False,-0.12776179300950333,0.5304314571352308,0.10624542381138159,0.10624542588195177,2.07057016688982e-09,High (Strong Signal)
793,793,Q5H,PARTYBEFORE_majority[T.True],-0.1657170729389102,0.6395156169507998,False,-0.8591757195087328,0.5277415736309126,0.046124491027305474,0.080612649728969,0.034488158701663524,Low/Moderate,793,0.05366572130441599,0.7127392790950804,False,-0.23201785570495598,0.33934929831378796,0.10624542381138159,0.10624542588195177,2.07057016688982e-09,High (Strong Signal)
794,794,Q5H,GENDER_majority[T.True],-0.06151745651846594,0.854719455466871,False,-0.7200205423339487,0.5969856292970168,0.046124491027305474,0.080612649728969,0.034488158701663524,Low/Moderate,794,-0.4528347062835954,0.0012073460689616352,True,-0.7270088234334362,-0.17866058913375454,0.10624542381138159,0.10624542588195177,2.07057016688982e-09,High (Strong Signal)
795,795,Q5H,RACE_diversity,-0.03449636395095341,0.8733854028965304,False,-0.4587666480557814,0.3897739201538746,0.046124491027305474,0.080612649728969,0.034488158701663524,Low/Moderate,795,0.011998370886196196,0.8765697520457139,False,-0.13940846529497475,0.16340520706736716,0.10624542381138159,0.10624542588195177,2.07057016688982e-09,High (Strong Signal)
796,796,Q5H,AGEBRACKET_diversity,0.02341402438558862,0.9059588318535275,False,-0.3650376009256994,0.4118656496968766,0.046124491027305474,0.080612649728969,0.034488158701663524,Low/Moderate,796,0.014068339879027158,0.8415010060421684,False,-0.12381686253043671,0.15195354228849103,0.10624542381138159,0.10624542588195177,2.07057016688982e-09,High (Strong Signal)
797,797,Q5H,EDUCATION_diversity,0.2258450247675691,0.30448685871987646,False,-0.20522497703097262,0.6569150265661108,0.046124491027305474,0.080612649728969,0.034488158701663524,Low/Moderate,797,0.06446267747050026,0.41504754527446985,False,-0.09055305188679368,0.21947840682779418,0.10624542381138159,0.10624542588195177,2.07057016688982e-09,High (Strong Signal)
798,798,Q5H,PARTYBEFORE_diversity,-0.02337300730578243,0.9092485771698362,False,-0.42526528510246575,0.37851927049090095,0.046124491027305474,0.080612649728969,0.034488158701663524,Low/Moderate,798,-0.11950794132864839,0.10207737457123058,False,-0.2627804910340398,0.02376460837674302,0.10624542381138159,0.10624542588195177,2.07057016688982e-09,High (Strong Signal)
799,799,Q5H,GENDER_diversity,-0.0005630839632399715,0.9978152650197194,False,-0.4036159430535955,0.4024897751271156,0.046124491027305474,0.080612649728969,0.034488158701663524,Low/Moderate,799,0.13453425428746812,0.06598541484385076,False,-0.008886486733425875,0.2779549953083621,0.10624542381138159,0.10624542588195177,2.07057016688982e-09,High (Strong Signal)
800,800,Q5J,Intercept,0.4717698952774124,0.5586183395288981,False,-1.109115644489513,2.052655435044338,0.03974570968804015,0.08691844426101505,0.04717273457297492,Low/Moderate,800,0.5340690764715459,0.13477705810286644,False,-0.16585571369447993,1.2339938666375718,0.03696075883532068,0.07859068948044536,0.04162993064512468,Low/Moderate
801,801,Q5J,C(RACE)[T.Asian_non_Hispanic],-0.36212348029693625,0.6605677665185414,False,-1.9783872861871958,1.2541403255933234,0.03974570968804015,0.08691844426101505,0.04717273457297492,Low/Moderate,801,-0.005759321375707484,0.9874991007359777,False,-0.7262036737080652,0.7146850309566503,0.03696075883532068,0.07859068948044536,0.04162993064512468,Low/Moderate
802,802,Q5J,C(RACE)[T.Black_non_Hispanic],0.47901958152402746,0.5018148909074615,False,-0.918850531639027,1.8768896946870819,0.03974570968804015,0.08691844426101505,0.04717273457297492,Low/Moderate,802,0.04831133458771257,0.8795373669556004,False,-0.576465356119372,0.673088025294797,0.03696075883532068,0.07859068948044536,0.04162993064512468,Low/Moderate
803,803,Q5J,C(RACE)[T.Hispanic],0.15687135106304925,0.8342852061369914,False,-1.3127710772093824,1.626513779335481,0.03974570968804015,0.08691844426101505,0.04717273457297492,Low/Moderate,803,-0.24936765806314734,0.45262899088016895,False,-0.9001346871590542,0.4013993710327596,0.03696075883532068,0.07859068948044536,0.04162993064512468,Low/Moderate
804,804,Q5J,C(RACE)[T.Other_non_Hispanic],0.20924545792653026,0.8866004726416181,False,-2.666582596581943,3.0850735124350033,0.03974570968804015,0.08691844426101505,0.04717273457297492,Low/Moderate,804,-0.35535324425117865,0.5869875599681275,False,-1.637516522627942,0.9268100341255847,0.03696075883532068,0.07859068948044536,0.04162993064512468,Low/Moderate
805,805,Q5J,C(RACE)[T.White_non_Hispanic],1.113865655229686,0.5353832728426681,False,-2.408405116144011,4.636136426603382,0.03974570968804015,0.08691844426101505,0.04717273457297492,Low/Moderate,805,0.2221578889891099,0.7762928969066736,False,-1.3101890902852862,1.7545048682635058,0.03696075883532068,0.07859068948044536,0.04162993064512468,Low/Moderate
806,806,Q5J,C(AGEBRACKET)[T.30_44],-0.4834536450407045,0.2396856364128701,False,-1.28935053927822,0.32244324919681117,0.03974570968804015,0.08691844426101505,0.04717273457297492,Low/Moderate,806,-0.033599577739472655,0.8547399896269448,False,-0.39331192188935243,0.32611276641040715,0.03696075883532068,0.07859068948044536,0.04162993064512468,Low/Moderate
807,807,Q5J,C(AGEBRACKET)[T.45_59],-0.3557195769157388,0.385766583879808,False,-1.1595721191889174,0.4481329653574398,0.03974570968804015,0.08691844426101505,0.04717273457297492,Low/Moderate,807,-0.15957233752631164,0.3832642368646705,False,-0.5182796334023663,0.19913495834974296,0.03696075883532068,0.07859068948044536,0.04162993064512468,Low/Moderate
808,808,Q5J,C(AGEBRACKET)[T.60plus],-0.13374750135075847,0.7417164750238452,False,-0.9291215495125258,0.661626546811009,0.03974570968804015,0.08691844426101505,0.04717273457297492,Low/Moderate,808,-0.2609726442660252,0.14946168520791994,False,-0.615825137706338,0.09387984917428754,0.03696075883532068,0.07859068948044536,0.04162993064512468,Low/Moderate
809,809,Q5J,C(EDUCATION)[T.HS_graduate_or_equivalent],-0.2585928879709456,0.6208629945568835,False,-1.2832682515389668,0.7660824755970757,0.03974570968804015,0.08691844426101505,0.04717273457297492,Low/Moderate,809,0.004574633038800519,0.9837457441536747,False,-0.43552122466157017,0.4446704907391712,0.03696075883532068,0.07859068948044536,0.04162993064512468,Low/Moderate
810,810,Q5J,C(EDUCATION)[T.No_HS_diploma],-1.6167649981357386,0.13328656065184596,False,-3.7275164677616743,0.4939864714901969,0.03974570968804015,0.08691844426101505,0.04717273457297492,Low/Moderate,810,0.08079795341707896,0.8640987332200911,False,-0.8444298458781713,1.006025752712329,0.03696075883532068,0.07859068948044536,0.04162993064512468,Low/Moderate
811,811,Q5J,C(EDUCATION)[T.Some_college],-0.4418193340109193,0.1340437852163855,False,-1.0197571985480878,0.13611853052624917,0.03974570968804015,0.08691844426101505,0.04717273457297492,Low/Moderate,811,-0.09565581030761476,0.4644129302833997,False,-0.351918822232024,0.16060720161679443,0.03696075883532068,0.07859068948044536,0.04162993064512468,Low/Moderate
812,812,Q5J,C(PARTYBEFORE)[T.Independent],0.5239425389622617,0.07862982819888821,False,-0.05996213354371294,1.1078472114682363,0.03974570968804015,0.08691844426101505,0.04717273457297492,Low/Moderate,812,0.06566654146366774,0.6216836890448096,False,-0.19515016833526105,0.32648325126259653,0.03696075883532068,0.07859068948044536,0.04162993064512468,Low/Moderate
813,813,Q5J,C(PARTYBEFORE)[T.Republican],0.17070242184214665,0.6120361304660636,False,-0.48898003490498165,0.830384878589275,0.03974570968804015,0.08691844426101505,0.04717273457297492,Low/Moderate,813,0.11631998450485938,0.43812916659145373,False,-0.17771643277048166,0.4103564017802004,0.03696075883532068,0.07859068948044536,0.04162993064512468,Low/Moderate
814,814,Q5J,C(GENDER)[T.Male],0.14475476582948701,0.5728226774984941,False,-0.3583743137146088,0.6478838453735828,0.03974570968804015,0.08691844426101505,0.04717273457297492,Low/Moderate,814,-0.10789322254600471,0.3415082486332234,False,-0.33021154826982096,0.11442510317781156,0.03696075883532068,0.07859068948044536,0.04162993064512468,Low/Moderate
815,815,Q5J,RACE_majority[T.True],-1.1463109115651136,0.5015838952991619,False,-4.489657856112813,2.1970360329825853,0.03974570968804015,0.08691844426101505,0.04717273457297492,Low/Moderate,815,-0.2038776345333265,0.7825022938947201,False,-1.6513651645251912,1.2436098954585384,0.03696075883532068,0.07859068948044536,0.04162993064512468,Low/Moderate
816,816,Q5J,AGEBRACKET_majority[T.True],-0.10659096127755985,0.6952389042343425,False,-0.6398686412013477,0.426686718646228,0.03974570968804015,0.08691844426101505,0.04717273457297492,Low/Moderate,816,-0.01290100772246069,0.9147649618598592,False,-0.24914734587651644,0.22334533043159505,0.03696075883532068,0.07859068948044536,0.04162993064512468,Low/Moderate
817,817,Q5J,EDUCATION_majority[T.True],-0.2538197453831707,0.4212648685548902,False,-0.8723969221555894,0.36475743138924793,0.03974570968804015,0.08691844426101505,0.04717273457297492,Low/Moderate,817,0.07778698661534098,0.5760352084738294,False,-0.19485907521097504,0.350433048441657,0.03696075883532068,0.07859068948044536,0.04162993064512468,Low/Moderate
818,818,Q5J,PARTYBEFORE_majority[T.True],-0.07001628216757506,0.7993738431323886,False,-0.6099545632023944,0.4699219988672443,0.03974570968804015,0.08691844426101505,0.04717273457297492,Low/Moderate,818,0.007972748073591879,0.9481810701510394,False,-0.23246469892204183,0.2484101950692256,0.03696075883532068,0.07859068948044536,0.04162993064512468,Low/Moderate
819,819,Q5J,GENDER_majority[T.True],0.24292810440030307,0.34837452793113566,False,-0.2648105696835471,0.7506667784841533,0.03974570968804015,0.08691844426101505,0.04717273457297492,Low/Moderate,819,0.12741517116695752,0.2682650635274535,False,-0.09816214224808731,0.3529924845820024,0.03696075883532068,0.07859068948044536,0.04162993064512468,Low/Moderate
820,820,Q5J,RACE_diversity,-0.20972261789194144,0.22972360839075823,False,-0.5519577823794547,0.1325125465955718,0.03974570968804015,0.08691844426101505,0.04717273457297492,Low/Moderate,820,-0.03382744994722563,0.6574232374725898,False,-0.18333034968913775,0.11567544979468651,0.03696075883532068,0.07859068948044536,0.04162993064512468,Low/Moderate
821,821,Q5J,AGEBRACKET_diversity,0.06694462531309202,0.6772464907822697,False,-0.24829241824744008,0.38218166887362415,0.03974570968804015,0.08691844426101505,0.04717273457297492,Low/Moderate,821,0.09051375427854294,0.19664751715554174,False,-0.04688473003474705,0.22791223859183293,0.03696075883532068,0.07859068948044536,0.04162993064512468,Low/Moderate
822,822,Q5J,EDUCATION_diversity,0.05667701973294942,0.747337767410496,False,-0.2881447358644086,0.4014987753303074,0.03974570968804015,0.08691844426101505,0.04717273457297492,Low/Moderate,822,-0.0853419882259879,0.26683101903877304,False,-0.23598025768882958,0.06529628123685377,0.03696075883532068,0.07859068948044536,0.04162993064512468,Low/Moderate
823,823,Q5J,PARTYBEFORE_diversity,-0.001678191701202158,0.9921876329727438,False,-0.33760150387043414,0.33424512046802984,0.03974570968804015,0.08691844426101505,0.04717273457297492,Low/Moderate,823,-0.07102668395233282,0.33877762118704446,False,-0.21655477593154643,0.07450140802688081,0.03696075883532068,0.07859068948044536,0.04162993064512468,Low/Moderate
824,824,Q5J,GENDER_diversity,-0.21243707532186593,0.20168162236081089,False,-0.5385469618386793,0.11367281119494752,0.03974570968804015,0.08691844426101505,0.04717273457297492,Low/Moderate,824,-0.02894841330281677,0.6903413686577632,False,-0.17136560450391,0.11346877789827645,0.03696075883532068,0.07859068948044536,0.04162993064512468,Low/Moderate
825,825,Q6A,Intercept,-1.1362169845014338,0.2579421136490825,False,-3.1047544626958503,0.8323204936929827,0.05964756928821983,0.15761534378612826,0.09796777449790844,Low/Moderate,825,-0.7824772914418419,0.1883816667477597,False,-1.948395411541118,0.38344082865743423,0.06672403683129617,0.0726140568664391,0.0058900200351429295,Low/Moderate
826,826,Q6A,C(RACE)[T.Asian_non_Hispanic],0.48168435520197517,0.6539002032694574,False,-1.6239981911863766,2.587366901590327,0.05964756928821983,0.15761534378612826,0.09796777449790844,Low/Moderate,826,0.027350378201445143,0.9661060854016456,False,-1.2341839677149644,1.2888847241178545,0.06672403683129617,0.0726140568664391,0.0058900200351429295,Low/Moderate
827,827,Q6A,C(RACE)[T.Black_non_Hispanic],0.6622825479213627,0.4612973965495992,False,-1.099667331180711,2.4242324270234366,0.05964756928821983,0.15761534378612826,0.09796777449790844,Low/Moderate,827,-0.12821717054490475,0.8122299156976425,False,-1.1861028278379042,0.9296684867480948,0.06672403683129617,0.0726140568664391,0.0058900200351429295,Low/Moderate
828,828,Q6A,C(RACE)[T.Hispanic],0.4412936729991014,0.639768840241121,False,-1.4067383897162173,2.2893257357144203,0.05964756928821983,0.15761534378612826,0.09796777449790844,Low/Moderate,828,0.04731125780470136,0.9331465056208775,False,-1.0580886387746524,1.1527111543840554,0.06672403683129617,0.0726140568664391,0.0058900200351429295,Low/Moderate
829,829,Q6A,C(RACE)[T.Other_non_Hispanic],1.0962308658780666,0.5395213674809332,False,-2.4057147996992754,4.598176531455408,0.05964756928821983,0.15761534378612826,0.09796777449790844,Low/Moderate,829,-0.8394203089645613,0.4336535560918402,False,-2.940733460317725,1.2618928423886022,0.06672403683129617,0.0726140568664391,0.0058900200351429295,Low/Moderate
830,830,Q6A,C(RACE)[T.White_non_Hispanic],2.0271385105943978,0.42574459606847725,False,-2.9611166860461164,7.015393707234912,0.05964756928821983,0.15761534378612826,0.09796777449790844,Low/Moderate,830,1.3296926995018998,0.37287005856239497,False,-1.5949173316106282,4.254302730614428,0.06672403683129617,0.0726140568664391,0.0058900200351429295,Low/Moderate
831,831,Q6A,C(AGEBRACKET)[T.30_44],0.28682377658455027,0.6201312608436809,False,-0.8473394935809371,1.4209870467500376,0.05964756928821983,0.15761534378612826,0.09796777449790844,Low/Moderate,831,0.21348528481254425,0.534350413333243,False,-0.45989376396175274,0.8868643335868412,0.06672403683129617,0.0726140568664391,0.0058900200351429295,Low/Moderate
832,832,Q6A,C(AGEBRACKET)[T.45_59],0.4473422346538908,0.42400847082365334,False,-0.6493302627782284,1.5440147320860098,0.05964756928821983,0.15761534378612826,0.09796777449790844,Low/Moderate,832,-0.06858378398150372,0.8378654994302867,False,-0.7255028518746409,0.5883352839116334,0.06672403683129617,0.0726140568664391,0.0058900200351429295,Low/Moderate
833,833,Q6A,C(AGEBRACKET)[T.60plus],-0.10110446739073942,0.8542509649084338,False,-1.1798419702006164,0.9776330354191377,0.05964756928821983,0.15761534378612826,0.09796777449790844,Low/Moderate,833,0.037856289493172976,0.9086371013797521,False,-0.6086964168381649,0.6844089958245109,0.06672403683129617,0.0726140568664391,0.0058900200351429295,Low/Moderate
834,834,Q6A,C(EDUCATION)[T.HS_graduate_or_equivalent],-0.40097292063558454,0.5644056366112606,False,-1.7646355782986836,0.9626897370275145,0.05964756928821983,0.15761534378612826,0.09796777449790844,Low/Moderate,834,-0.06787661196688735,0.8698106157091061,False,-0.8795696364365361,0.7438164125027614,0.06672403683129617,0.0726140568664391,0.0058900200351429295,Low/Moderate
835,835,Q6A,C(EDUCATION)[T.No_HS_diploma],0.33484607608201955,0.8232888321411396,False,-2.603964588887935,3.273656741051974,0.05964756928821983,0.15761534378612826,0.09796777449790844,Low/Moderate,835,-0.9644799076135702,0.2820006653385152,False,-2.7215749525823973,0.792615137355257,0.06672403683129617,0.0726140568664391,0.0058900200351429295,Low/Moderate
836,836,Q6A,C(EDUCATION)[T.Some_college],-0.044303767716773475,0.9091821107893571,False,-0.8055346264029742,0.7169270909694273,0.05964756928821983,0.15761534378612826,0.09796777449790844,Low/Moderate,836,0.3492563634986456,0.13120332606642382,False,-0.10426281605837057,0.8027755430556618,0.06672403683129617,0.0726140568664391,0.0058900200351429295,Low/Moderate
837,837,Q6A,C(PARTYBEFORE)[T.Independent],0.5208765657363709,0.2000230768604524,False,-0.2757762664589857,1.3175293979317275,0.05964756928821983,0.15761534378612826,0.09796777449790844,Low/Moderate,837,0.24774976798568044,0.31223532909708673,False,-0.23276490883646717,0.728264444807828,0.06672403683129617,0.0726140568664391,0.0058900200351429295,Low/Moderate
838,838,Q6A,C(PARTYBEFORE)[T.Republican],1.675141288315849,0.0002229975305243233,True,0.7857251640130083,2.5645574126186896,0.05964756928821983,0.15761534378612826,0.09796777449790844,Low/Moderate,838,0.95025023763278,0.0005491309574645347,True,0.4112779867711265,1.4892224884944336,0.06672403683129617,0.0726140568664391,0.0058900200351429295,Low/Moderate
839,839,Q6A,C(GENDER)[T.Male],-0.06856141623591777,0.8425721994970113,False,-0.7451722878536304,0.6080494553817948,0.05964756928821983,0.15761534378612826,0.09796777449790844,Low/Moderate,839,0.03226078099003582,0.8750981342324058,False,-0.37000089549211235,0.434522457472184,0.06672403683129617,0.0726140568664391,0.0058900200351429295,Low/Moderate
840,840,Q6A,RACE_majority[T.True],-1.5140335005762071,0.5350986932180857,False,-6.2983801376413595,3.270313136488945,0.05964756928821983,0.15761534378612826,0.09796777449790844,Low/Moderate,840,-1.5048971922000853,0.29459330266911277,False,-4.319083795242139,1.3092894108419681,0.06672403683129617,0.0726140568664391,0.0058900200351429295,Low/Moderate
841,841,Q6A,AGEBRACKET_majority[T.True],-0.08553150566873331,0.8153912459266988,False,-0.8035417281505858,0.6324787168131191,0.05964756928821983,0.15761534378612826,0.09796777449790844,Low/Moderate,841,0.08757875121890217,0.6820670587892097,False,-0.33144646583485715,0.5066039682726615,0.06672403683129617,0.0726140568664391,0.0058900200351429295,Low/Moderate
842,842,Q6A,EDUCATION_majority[T.True],-0.32937901806638187,0.4253735090456874,False,-1.139244645457398,0.4804866093246342,0.05964756928821983,0.15761534378612826,0.09796777449790844,Low/Moderate,842,-0.1947866320990954,0.4234821390541489,False,-0.6717697679729042,0.28219650377471334,0.06672403683129617,0.0726140568664391,0.0058900200351429295,Low/Moderate
843,843,Q6A,PARTYBEFORE_majority[T.True],-0.15704325607334665,0.670279977596832,False,-0.8799772773709411,0.5658907652242477,0.05964756928821983,0.15761534378612826,0.09796777449790844,Low/Moderate,843,0.4024350820339159,0.06734100815027533,False,-0.028723774788294465,0.8335939388561263,0.06672403683129617,0.0726140568664391,0.0058900200351429295,Low/Moderate
844,844,Q6A,GENDER_majority[T.True],-0.3567781792526232,0.3059265225215585,False,-1.0397902080403887,0.3262338495351423,0.05964756928821983,0.15761534378612826,0.09796777449790844,Low/Moderate,844,-0.07525516781040985,0.7153486350631184,False,-0.4797098189392075,0.3291994833183878,0.06672403683129617,0.0726140568664391,0.0058900200351429295,Low/Moderate
845,845,Q6A,RACE_diversity,-0.022152822619279987,0.9335291074896795,False,-0.5427267574425757,0.49842111220401575,0.05964756928821983,0.15761534378612826,0.09796777449790844,Low/Moderate,845,-0.012884397125869248,0.9129770582051288,False,-0.24396033062162664,0.21819153636988814,0.06672403683129617,0.0726140568664391,0.0058900200351429295,Low/Moderate
846,846,Q6A,AGEBRACKET_diversity,-0.1817922060188649,0.4602915469437955,False,-0.6643520221562237,0.30076761011849384,0.05964756928821983,0.15761534378612826,0.09796777449790844,Low/Moderate,846,-0.028280444963984387,0.7953058034585266,False,-0.24193844761579503,0.18537755768782627,0.06672403683129617,0.0726140568664391,0.0058900200351429295,Low/Moderate
847,847,Q6A,EDUCATION_diversity,0.0568817929541114,0.8338085430672036,False,-0.4744618561784321,0.588225442086655,0.05964756928821983,0.15761534378612826,0.09796777449790844,Low/Moderate,847,0.16925537262938323,0.16728910339110203,False,-0.07096356914465043,0.40947431440341686,0.06672403683129617,0.0726140568664391,0.0058900200351429295,Low/Moderate
848,848,Q6A,PARTYBEFORE_diversity,-0.12390029243953876,0.631744296682502,False,-0.630584411257376,0.3827838263782984,0.05964756928821983,0.15761534378612826,0.09796777449790844,Low/Moderate,848,0.09512713018705249,0.4137945672800818,False,-0.1330152253612658,0.3232694857353708,0.06672403683129617,0.0726140568664391,0.0058900200351429295,Low/Moderate
849,849,Q6A,GENDER_diversity,0.12984884852081602,0.6042760949617811,False,-0.36121454798725905,0.6209122450288911,0.05964756928821983,0.15761534378612826,0.09796777449790844,Low/Moderate,849,0.06219151955848985,0.5686106131908684,False,-0.15161898938184587,0.27600202849882555,0.06672403683129617,0.0726140568664391,0.0058900200351429295,Low/Moderate
850,850,Q6B,Intercept,-0.6514314138624295,0.4695135037856547,False,-2.4167204837733562,1.1138576560484974,0.04482303297967369,0.04491342574318358,9.039276350988356e-05,Low/Moderate,850,-0.18569329085312822,0.6195376460844457,False,-0.9187204055441232,0.5473338238378667,0.1172321888350101,0.11723219817951508,9.344504971454467e-09,High (Strong Signal)
851,851,Q6B,C(RACE)[T.Asian_non_Hispanic],-0.8931415370761725,0.35191192166801066,False,-2.7736328200666835,0.9873497459143384,0.04482303297967369,0.04491342574318358,9.039276350988356e-05,Low/Moderate,851,-0.8393082557845998,0.03524454402405526,True,-1.6205880620243636,-0.0580284495448361,0.1172321888350101,0.11723219817951508,9.344504971454467e-09,High (Strong Signal)
852,852,Q6B,C(RACE)[T.Black_non_Hispanic],-0.2368619168285099,0.7748218180001574,False,-1.859664468485345,1.385940634828325,0.04482303297967369,0.04491342574318358,9.039276350988356e-05,Low/Moderate,852,-0.16367428363790232,0.6340055285993598,False,-0.8374780290068338,0.510129461731029,0.1172321888350101,0.11723219817951508,9.344504971454467e-09,High (Strong Signal)
853,853,Q6B,C(RACE)[T.Hispanic],0.5634587100589764,0.5146220993273329,False,-1.131233145443158,2.258150565561111,0.04482303297967369,0.04491342574318358,9.039276350988356e-05,Low/Moderate,853,-0.20058113903397407,0.5769384506673113,False,-0.9052923973014648,0.5041301192335166,0.1172321888350101,0.11723219817951508,9.344504971454467e-09,High (Strong Signal)
854,854,Q6B,C(RACE)[T.Other_non_Hispanic],-2.3344681007000734,0.20631945823609932,False,-5.955018233533346,1.2860820321331996,0.04482303297967369,0.04491342574318358,9.039276350988356e-05,Low/Moderate,854,-1.8366613452888312,0.016910451998516398,True,-3.3437015862960013,-0.3296211042816608,0.1172321888350101,0.11723219817951508,9.344504971454467e-09,High (Strong Signal)
855,855,Q6B,C(RACE)[T.White_non_Hispanic],-1.3552431450929832,0.47800437447989796,False,-5.098961463851403,2.3884751736654364,0.04482303297967369,0.04491342574318358,9.039276350988356e-05,Low/Moderate,855,-1.5200614119860847,0.056765403538304365,False,-3.083887735169749,0.043764911197579304,0.1172321888350101,0.11723219817951508,9.344504971454467e-09,High (Strong Signal)
856,856,Q6B,C(AGEBRACKET)[T.30_44],-0.22483099780673163,0.6510088569946837,False,-1.1989657019840791,0.7493037063706159,0.04482303297967369,0.04491342574318358,9.039276350988356e-05,Low/Moderate,856,0.054940546088367945,0.7903592572358358,False,-0.3501144493720972,0.4599955415488331,0.1172321888350101,0.11723219817951508,9.344504971454467e-09,High (Strong Signal)
857,857,Q6B,C(AGEBRACKET)[T.45_59],0.1533856806447959,0.7553013235742905,False,-0.8112342492227196,1.1180056105123113,0.04482303297967369,0.04491342574318358,9.039276350988356e-05,Low/Moderate,857,0.09236260019758373,0.6516853578366316,False,-0.30865314475898603,0.4933783451541535,0.1172321888350101,0.11723219817951508,9.344504971454467e-09,High (Strong Signal)
858,858,Q6B,C(AGEBRACKET)[T.60plus],-0.35828471115696925,0.4616354288419503,False,-1.312192037364874,0.5956226150509356,0.04482303297967369,0.04491342574318358,9.039276350988356e-05,Low/Moderate,858,0.17767043512143638,0.37891156792955405,False,-0.2180861892298402,0.5734270594727129,0.1172321888350101,0.11723219817951508,9.344504971454467e-09,High (Strong Signal)
859,859,Q6B,C(EDUCATION)[T.HS_graduate_or_equivalent],-0.5891962887350014,0.3222763879707037,False,-1.7559110316098874,0.5775184541398847,0.04482303297967369,0.04491342574318358,9.039276350988356e-05,Low/Moderate,859,-0.28097268204042797,0.25633536791222067,False,-0.7661269339767612,0.2041815698959053,0.1172321888350101,0.11723219817951508,9.344504971454467e-09,High (Strong Signal)
860,860,Q6B,C(EDUCATION)[T.No_HS_diploma],-1.1466323465224006,0.35545043667927,False,-3.5786566981879373,1.2853920051431358,0.04482303297967369,0.04491342574318358,9.039276350988356e-05,Low/Moderate,860,-0.48838576144479373,0.3444790368585089,False,-1.5009378915763707,0.5241663686867832,0.1172321888350101,0.11723219817951508,9.344504971454467e-09,High (Strong Signal)
861,861,Q6B,C(EDUCATION)[T.Some_college],-0.2533377237430281,0.4468851351020723,False,-0.9061393563073031,0.39946390882124694,0.04482303297967369,0.04491342574318358,9.039276350988356e-05,Low/Moderate,861,0.22016599319271357,0.11093235223499495,False,-0.05054477603921409,0.49087676242464123,0.1172321888350101,0.11723219817951508,9.344504971454467e-09,High (Strong Signal)
862,862,Q6B,C(PARTYBEFORE)[T.Independent],0.23675942509443487,0.48490941391313824,False,-0.42764661176247637,0.9011654619513461,0.04482303297967369,0.04491342574318358,9.039276350988356e-05,Low/Moderate,862,0.3819539688276181,0.006719213499184855,True,0.10575767809702558,0.6581502595582107,0.1172321888350101,0.11723219817951508,9.344504971454467e-09,High (Strong Signal)
863,863,Q6B,C(PARTYBEFORE)[T.Republican],0.5996085605929333,0.1172053854298992,False,-0.15055236047039433,1.3497694816562609,0.04482303297967369,0.04491342574318358,9.039276350988356e-05,Low/Moderate,863,0.6589019288734419,3.5351084565861333e-05,True,0.346657233487052,0.9711466242598318,0.1172321888350101,0.11723219817951508,9.344504971454467e-09,High (Strong Signal)
864,864,Q6B,C(GENDER)[T.Male],0.029144460180063066,0.918742401922777,False,-0.5307773412669732,0.5890662616270994,0.04482303297967369,0.04491342574318358,9.039276350988356e-05,Low/Moderate,864,-0.021790566541209845,0.8542097037745802,False,-0.2542192010962494,0.21063806801382973,0.1172321888350101,0.11723219817951508,9.344504971454467e-09,High (Strong Signal)
865,865,Q6B,RACE_majority[T.True],1.2696099292680476,0.4803256449683644,False,-2.2561255832726017,4.795345441808697,0.04482303297967369,0.04491342574318358,9.039276350988356e-05,Low/Moderate,865,1.38309000696421,0.06589687201003491,False,-0.09087576254426954,2.8570557764726896,0.1172321888350101,0.11723219817951508,9.344504971454467e-09,High (Strong Signal)
866,866,Q6B,AGEBRACKET_majority[T.True],0.05750271354626156,0.8484856448886411,False,-0.5324091617554451,0.6474145888479682,0.04482303297967369,0.04491342574318358,9.039276350988356e-05,Low/Moderate,866,-0.0742858731601772,0.5539613768133329,False,-0.3202965749810925,0.17172482866073813,0.1172321888350101,0.11723219817951508,9.344504971454467e-09,High (Strong Signal)
867,867,Q6B,EDUCATION_majority[T.True],0.3107485732374604,0.3764196966339898,False,-0.3778297255557326,0.9993268720306534,0.04482303297967369,0.04491342574318358,9.039276350988356e-05,Low/Moderate,867,0.03658441153831051,0.8019753873234508,False,-0.24932701792995351,0.3224958410065745,0.1172321888350101,0.11723219817951508,9.344504971454467e-09,High (Strong Signal)
868,868,Q6B,PARTYBEFORE_majority[T.True],0.5058722163869062,0.10047821673952091,False,-0.0977608994752861,1.1095053322490984,0.04482303297967369,0.04491342574318358,9.039276350988356e-05,Low/Moderate,868,0.09222156077845953,0.47087816990559606,False,-0.15845550795686028,0.34289862951377936,0.1172321888350101,0.11723219817951508,9.344504971454467e-09,High (Strong Signal)
869,869,Q6B,GENDER_majority[T.True],0.13851840878923177,0.6329165748937239,False,-0.42989958869302786,0.7069364062714913,0.04482303297967369,0.04491342574318358,9.039276350988356e-05,Low/Moderate,869,-0.019419369348817595,0.8717933574985272,False,-0.25526666651019464,0.21642792781255946,0.1172321888350101,0.11723219817951508,9.344504971454467e-09,High (Strong Signal)
870,870,Q6B,RACE_diversity,-0.03546493761889283,0.8262362406026881,False,-0.35209412312031574,0.28116424788253014,0.04482303297967369,0.04491342574318358,9.039276350988356e-05,Low/Moderate,870,-0.16784066816310336,0.01243982448023972,True,-0.2994560881523646,-0.03622524817384212,0.1172321888350101,0.11723219817951508,9.344504971454467e-09,High (Strong Signal)
871,871,Q6B,AGEBRACKET_diversity,-0.21030873880682338,0.16534769488884904,False,-0.5074290524973218,0.08681157488367508,0.04482303297967369,0.04491342574318358,9.039276350988356e-05,Low/Moderate,871,0.0652013323094945,0.30219772210132745,False,-0.0586605558477218,0.1890632204667108,0.1172321888350101,0.11723219817951508,9.344504971454467e-09,High (Strong Signal)
872,872,Q6B,EDUCATION_diversity,-0.005682676804749567,0.9723735592465379,False,-0.3272925468885356,0.3159271932790365,0.04482303297967369,0.04491342574318358,9.039276350988356e-05,Low/Moderate,872,0.017867585055186062,0.7931646866208,False,-0.11569221095836468,0.15142738106873682,0.1172321888350101,0.11723219817951508,9.344504971454467e-09,High (Strong Signal)
873,873,Q6B,PARTYBEFORE_diversity,0.035867219240434484,0.8189924355157195,False,-0.27132612861294314,0.34306056709381205,0.04482303297967369,0.04491342574318358,9.039276350988356e-05,Low/Moderate,873,0.09060589202512151,0.16369256279672262,False,-0.03689946643587208,0.2181112504861151,0.1172321888350101,0.11723219817951508,9.344504971454467e-09,High (Strong Signal)
874,874,Q6B,GENDER_diversity,0.04808867468683206,0.7511558627559264,False,-0.2491280515523264,0.3453054009259905,0.04482303297967369,0.04491342574318358,9.039276350988356e-05,Low/Moderate,874,-0.134544966014693,0.032736038592372264,True,-0.2580416971877004,-0.011048234841685614,0.1172321888350101,0.11723219817951508,9.344504971454467e-09,High (Strong Signal)
875,875,Q6C,Intercept,-0.4583644126694667,0.5485861961295917,False,-1.955960105689937,1.0392312803510038,0.05872919874715847,0.05873428810442937,5.089357270896898e-06,Low/Moderate,875,0.21926449478083454,0.5195347783690736,False,-0.44798500550807197,0.886513995069741,0.04907372328295453,0.10323334502167508,0.054159621738720555,Low/Moderate
876,876,Q6C,C(RACE)[T.Asian_non_Hispanic],1.0290901829648142,0.20114534215205182,False,-0.5487766642635064,2.6069570301931346,0.05872919874715847,0.05873428810442937,5.089357270896898e-06,Low/Moderate,876,0.34239711760654834,0.3364089121153597,False,-0.35571639978081926,1.040510634993916,0.04907372328295453,0.10323334502167508,0.054159621738720555,Low/Moderate
877,877,Q6C,C(RACE)[T.Black_non_Hispanic],0.2916109824099704,0.6747777225071939,False,-1.070512675010477,1.6537346398304178,0.05872919874715847,0.05873428810442937,5.089357270896898e-06,Low/Moderate,877,0.3367033768891592,0.27309924646218997,False,-0.2654450355082574,0.9388517892865758,0.04907372328295453,0.10323334502167508,0.054159621738720555,Low/Moderate
878,878,Q6C,C(RACE)[T.Hispanic],0.574674067477461,0.4264826717582906,False,-0.8417056645511621,1.991053799506084,0.05872919874715847,0.05873428810442937,5.089357270896898e-06,Low/Moderate,878,0.09440523442605346,0.7682800309700771,False,-0.5336154262128141,0.7224258950649209,0.04907372328295453,0.10323334502167508,0.054159621738720555,Low/Moderate
879,879,Q6C,C(RACE)[T.Other_non_Hispanic],1.774581325302736,0.1832729993642308,False,-0.8390794664657644,4.388242117071236,0.05872919874715847,0.05873428810442937,5.089357270896898e-06,Low/Moderate,879,1.0238136273751366,0.08318077168097895,False,-0.13440458910958886,2.1820318438598623,0.04907372328295453,0.10323334502167508,0.054159621738720555,Low/Moderate
880,880,Q6C,C(RACE)[T.White_non_Hispanic],0.4328025799423983,0.7832710414718312,False,-2.6511830221430293,3.5167881820278257,0.05872919874715847,0.05873428810442937,5.089357270896898e-06,Low/Moderate,880,0.7414365074149452,0.2978339949858956,False,-0.6543981441038627,2.137271158933753,0.04907372328295453,0.10323334502167508,0.054159621738720555,Low/Moderate
881,881,Q6C,C(AGEBRACKET)[T.30_44],-0.09237660100284283,0.816811454162928,False,-0.8739712730618729,0.6892180710561873,0.05872919874715847,0.05873428810442937,5.089357270896898e-06,Low/Moderate,881,0.20215248469259856,0.25560545880923513,False,-0.14636782001129672,0.5506727893964938,0.04907372328295453,0.10323334502167508,0.054159621738720555,Low/Moderate
882,882,Q6C,C(AGEBRACKET)[T.45_59],0.1961620512216065,0.6095346837184155,False,-0.5566128011861908,0.9489369036294037,0.05872919874715847,0.05873428810442937,5.089357270896898e-06,Low/Moderate,882,0.15821379740780844,0.3550941750376204,False,-0.1771116327222913,0.4935392275379082,0.04907372328295453,0.10323334502167508,0.054159621738720555,Low/Moderate
883,883,Q6C,C(AGEBRACKET)[T.60plus],0.09135257419269294,0.8109125910702568,False,-0.6570218572775132,0.839727005662899,0.05872919874715847,0.05873428810442937,5.089357270896898e-06,Low/Moderate,883,0.3878552268609631,0.022376990451385855,True,0.05501232306448284,0.7206981306574434,0.04907372328295453,0.10323334502167508,0.054159621738720555,Low/Moderate
884,884,Q6C,C(EDUCATION)[T.HS_graduate_or_equivalent],-0.40726215705825963,0.37951432892975856,False,-1.3155767555719147,0.5010524414553954,0.05872919874715847,0.05873428810442937,5.089357270896898e-06,Low/Moderate,884,-0.020509267847056943,0.9203317859374242,False,-0.42242005041016273,0.3814015147160489,0.04907372328295453,0.10323334502167508,0.054159621738720555,Low/Moderate
885,885,Q6C,C(EDUCATION)[T.No_HS_diploma],-1.9823486246673472,0.04822782576962451,True,-3.9492513042458786,-0.015445945088816027,0.05872919874715847,0.05873428810442937,5.089357270896898e-06,Low/Moderate,885,0.31607668261789024,0.47873773351765325,False,-0.5585089296497663,1.1906622948855468,0.04907372328295453,0.10323334502167508,0.054159621738720555,Low/Moderate
886,886,Q6C,C(EDUCATION)[T.Some_college],-0.04784030441093528,0.860670756954004,False,-0.5820533266059343,0.4863727177840638,0.05872919874715847,0.05873428810442937,5.089357270896898e-06,Low/Moderate,886,0.023536861805079308,0.844852572466006,False,-0.21219991232576862,0.2592736359359272,0.04907372328295453,0.10323334502167508,0.054159621738720555,Low/Moderate
887,887,Q6C,C(PARTYBEFORE)[T.Independent],0.19786863299626586,0.46659908220112745,False,-0.334827483253326,0.7305647492458578,0.05872919874715847,0.05873428810442937,5.089357270896898e-06,Low/Moderate,887,-0.052730861173502105,0.6655721982285605,False,-0.2918394637044969,0.1863777413574927,0.04907372328295453,0.10323334502167508,0.054159621738720555,Low/Moderate
888,888,Q6C,C(PARTYBEFORE)[T.Republican],0.44752840464408766,0.15168376418108523,False,-0.16431158827951736,1.0593683975676926,0.05872919874715847,0.05873428810442937,5.089357270896898e-06,Low/Moderate,888,0.15529776691368244,0.2588126207585887,False,-0.11425367204248929,0.4248492058698542,0.04907372328295453,0.10323334502167508,0.054159621738720555,Low/Moderate
889,889,Q6C,C(GENDER)[T.Male],-0.12322929220028349,0.5929849332875825,False,-0.5750870543583134,0.32862846995774647,0.05872919874715847,0.05873428810442937,5.089357270896898e-06,Low/Moderate,889,-0.1003143279753566,0.3291033387229334,False,-0.30177772288213967,0.10114906693142649,0.04907372328295453,0.10323334502167508,0.054159621738720555,Low/Moderate
890,890,Q6C,RACE_majority[T.True],0.1543050137645788,0.9162610062030346,False,-2.7220389859680028,3.03064901349716,0.05872919874715847,0.05873428810442937,5.089357270896898e-06,Low/Moderate,890,-0.558779308638277,0.4003702854991976,False,-1.8610852274872673,0.7435266102107135,0.04907372328295453,0.10323334502167508,0.054159621738720555,Low/Moderate
891,891,Q6C,AGEBRACKET_majority[T.True],-0.2922393324525112,0.2213718245699936,False,-0.7606210215531737,0.17614235664815125,0.05872919874715847,0.05873428810442937,5.089357270896898e-06,Low/Moderate,891,-0.11277101985542536,0.2957425879439811,False,-0.324157487530513,0.09861544781966229,0.04907372328295453,0.10323334502167508,0.054159621738720555,Low/Moderate
892,892,Q6C,EDUCATION_majority[T.True],-0.10792102628875887,0.7057554546353241,False,-0.6681493194225154,0.45230726684499767,0.05872919874715847,0.05873428810442937,5.089357270896898e-06,Low/Moderate,892,-0.07627943396764457,0.5543905913893905,False,-0.3291659645334264,0.17660709659813723,0.04907372328295453,0.10323334502167508,0.054159621738720555,Low/Moderate
893,893,Q6C,PARTYBEFORE_majority[T.True],-0.09227980077693303,0.7097795540608145,False,-0.5782774646219483,0.39371786306808226,0.05872919874715847,0.05873428810442937,5.089357270896898e-06,Low/Moderate,893,-0.06263805959580045,0.5760721978107421,False,-0.282207895163894,0.15693177597229307,0.04907372328295453,0.10323334502167508,0.054159621738720555,Low/Moderate
894,894,Q6C,GENDER_majority[T.True],-0.3254851414917088,0.1632558451477807,False,-0.7830501064177056,0.13207982343428787,0.05872919874715847,0.05873428810442937,5.089357270896898e-06,Low/Moderate,894,-0.1528172296462874,0.14258255222822927,False,-0.3570921057242365,0.051457646431661674,0.04907372328295453,0.10323334502167508,0.054159621738720555,Low/Moderate
895,895,Q6C,RACE_diversity,-0.053868751202050494,0.6771637985299536,False,-0.3074636585295156,0.19972615612541467,0.05872919874715847,0.05873428810442937,5.089357270896898e-06,Low/Moderate,895,-0.03929331395780961,0.5857300165900069,False,-0.18059359270385963,0.10200696478824042,0.04907372328295453,0.10323334502167508,0.054159621738720555,Low/Moderate
896,896,Q6C,AGEBRACKET_diversity,0.06909966953898555,0.5699096513975552,False,-0.1692610183745174,0.3074603574524885,0.05872919874715847,0.05873428810442937,5.089357270896898e-06,Low/Moderate,896,-0.044788124528007976,0.5056563334169905,False,-0.17667056243974805,0.08709431338373208,0.04907372328295453,0.10323334502167508,0.054159621738720555,Low/Moderate
897,897,Q6C,EDUCATION_diversity,-0.32099832180431553,0.013395216913905479,True,-0.5753951885722528,-0.06660145503637827,0.05872919874715847,0.05873428810442937,5.089357270896898e-06,Low/Moderate,897,-0.0036260966761140346,0.9599448246245793,False,-0.14513584282384487,0.13788364947161683,0.04907372328295453,0.10323334502167508,0.054159621738720555,Low/Moderate
898,898,Q6C,PARTYBEFORE_diversity,0.13931935295669617,0.2764582368182795,False,-0.111584241676224,0.39022294758961634,0.05872919874715847,0.05873428810442937,5.089357270896898e-06,Low/Moderate,898,-0.026264816789611886,0.7094048548865716,False,-0.16440337629774765,0.11187374271852389,0.04907372328295453,0.10323334502167508,0.054159621738720555,Low/Moderate
899,899,Q6C,GENDER_diversity,0.009378913675427068,0.9385718004573557,False,-0.2291511885051161,0.24790901585597022,0.05872919874715847,0.05873428810442937,5.089357270896898e-06,Low/Moderate,899,-0.02473378419473967,0.7177206328821619,False,-0.15883175434642136,0.109364185956942,0.04907372328295453,0.10323334502167508,0.054159621738720555,Low/Moderate
900,900,Q6D,Intercept,0.36591066538830347,0.6172844538589106,False,-1.0692862470948874,1.8011075778714944,0.058084148322829994,0.10657385286246455,0.04848970453963456,Low/Moderate,900,1.1227968551611873,0.0017995522011616325,True,0.41779352380477175,1.827800186517603,0.08741555171390575,0.14576961047058398,0.058354058756678234,Low/Moderate
901,901,Q6D,C(RACE)[T.Asian_non_Hispanic],0.017150232146123604,0.9821697450371669,False,-1.4869073062123435,1.5212077705045908,0.058084148322829994,0.10657385286246455,0.04848970453963456,Low/Moderate,901,-0.43063284283484027,0.25632040541024714,False,-1.1741812181644353,0.3129155324947549,0.08741555171390575,0.14576961047058398,0.058354058756678234,Low/Moderate
902,902,Q6D,C(RACE)[T.Black_non_Hispanic],-0.014105498046950724,0.983083778629257,False,-1.3179946684539487,1.289783672360047,0.058084148322829994,0.10657385286246455,0.04848970453963456,Low/Moderate,902,-0.3315861318681692,0.308634695266799,False,-0.9699346230446636,0.3067623593083252,0.08741555171390575,0.14576961047058398,0.058354058756678234,Low/Moderate
903,903,Q6D,C(RACE)[T.Hispanic],-0.08109411934310257,0.9069065378825224,False,-1.4402503643838422,1.2780621256976372,0.058084148322829994,0.10657385286246455,0.04848970453963456,Low/Moderate,903,-0.36142033126276907,0.28707082691671915,False,-1.0268262908140926,0.30398562828855447,0.08741555171390575,0.14576961047058398,0.058354058756678234,Low/Moderate
904,904,Q6D,C(RACE)[T.Other_non_Hispanic],-0.9422154933680527,0.4816488916709405,False,-3.5666744411682814,1.682243454432176,0.058084148322829994,0.10657385286246455,0.04848970453963456,Low/Moderate,904,-0.8906955634963439,0.17616845335821407,False,-2.1812993358498005,0.39990820885711253,0.08741555171390575,0.14576961047058398,0.058354058756678234,Low/Moderate
905,905,Q6D,C(RACE)[T.White_non_Hispanic],2.0704901815036716,0.27015806177417623,False,-1.6096505879954592,5.750630951002803,0.058084148322829994,0.10657385286246455,0.04848970453963456,Low/Moderate,905,0.4383986742733293,0.6471945902395453,False,-1.4390649932048223,2.315862341751481,0.08741555171390575,0.14576961047058398,0.058354058756678234,Low/Moderate
906,906,Q6D,C(AGEBRACKET)[T.30_44],-0.22377567012212904,0.5734297247676506,False,-1.0027922808136138,0.5552409405693557,0.058084148322829994,0.10657385286246455,0.04848970453963456,Low/Moderate,906,-0.27676337932122674,0.15762460230157904,False,-0.6606314768457513,0.10710471820329781,0.08741555171390575,0.14576961047058398,0.058354058756678234,Low/Moderate
907,907,Q6D,C(AGEBRACKET)[T.45_59],-0.16201676675045923,0.675563146782975,False,-0.9207452924302848,0.5967117589293662,0.058084148322829994,0.10657385286246455,0.04848970453963456,Low/Moderate,907,-0.2322757392788765,0.22340257615415382,False,-0.6061901653363492,0.14163868677859617,0.08741555171390575,0.14576961047058398,0.058354058756678234,Low/Moderate
908,908,Q6D,C(AGEBRACKET)[T.60plus],-0.48722020643765357,0.20472192821634694,False,-1.240196343366968,0.26575593049166096,0.058084148322829994,0.10657385286246455,0.04848970453963456,Low/Moderate,908,-0.36462099225194433,0.05470046593031077,False,-0.7365896613997909,0.0073476768959022665,0.08741555171390575,0.14576961047058398,0.058354058756678234,Low/Moderate
909,909,Q6D,C(EDUCATION)[T.HS_graduate_or_equivalent],-0.011203248982617913,0.9809623184567939,False,-0.9313918909626597,0.9089853929974239,0.058084148322829994,0.10657385286246455,0.04848970453963456,Low/Moderate,909,-0.07732547784277154,0.7368737153950775,False,-0.5283875485145241,0.373736592828981,0.08741555171390575,0.14576961047058398,0.058354058756678234,Low/Moderate
910,910,Q6D,C(EDUCATION)[T.No_HS_diploma],-2.5017598822701044,0.025119295040803742,True,-4.691186508433611,-0.3123332561065979,0.058084148322829994,0.10657385286246455,0.04848970453963456,Low/Moderate,910,0.17173430665713899,0.7538533438635597,False,-0.9017137452868244,1.2451823586011024,0.08741555171390575,0.14576961047058398,0.058354058756678234,Low/Moderate
911,911,Q6D,C(EDUCATION)[T.Some_college],-0.22590501378935848,0.4098130469521475,False,-0.7630968503211895,0.31128682274247255,0.058084148322829994,0.10657385286246455,0.04848970453963456,Low/Moderate,911,0.13537329454314054,0.31183979809437146,False,-0.12697086658605225,0.3977174556723333,0.08741555171390575,0.14576961047058398,0.058354058756678234,Low/Moderate
912,912,Q6D,C(PARTYBEFORE)[T.Independent],0.12729585924096765,0.6485902069104668,False,-0.4201772346399444,0.6747689531218797,0.058084148322829994,0.10657385286246455,0.04848970453963456,Low/Moderate,912,0.09034057575487248,0.5085631270890112,False,-0.17750168058398164,0.3581828320937266,0.08741555171390575,0.14576961047058398,0.058354058756678234,Low/Moderate
913,913,Q6D,C(PARTYBEFORE)[T.Republican],0.6549986925884538,0.03571413399179982,True,0.04372648708817706,1.2662708980887305,0.058084148322829994,0.10657385286246455,0.04848970453963456,Low/Moderate,913,0.6532868447087481,1.8686777344423233e-05,True,0.3541257260182807,0.9524479633992156,0.08741555171390575,0.14576961047058398,0.058354058756678234,Low/Moderate
914,914,Q6D,C(GENDER)[T.Male],-0.05876577121293733,0.8024601693816732,False,-0.5191780763903291,0.4016465339644544,0.058084148322829994,0.10657385286246455,0.04848970453963456,Low/Moderate,914,-0.16105349178077227,0.16788955705140196,False,-0.3899550039132802,0.06784802035173568,0.08741555171390575,0.14576961047058398,0.058354058756678234,Low/Moderate
915,915,Q6D,RACE_majority[T.True],-2.129866720175163,0.23650614333153264,False,-5.656295060517225,1.3965616201668998,0.058084148322829994,0.10657385286246455,0.04848970453963456,Low/Moderate,915,-0.9638352535899875,0.2953042806271805,False,-2.768881424529526,0.8412109173495512,0.08741555171390575,0.14576961047058398,0.058354058756678234,Low/Moderate
916,916,Q6D,AGEBRACKET_majority[T.True],-0.04759434605250681,0.8483229775541148,False,-0.5353276738474949,0.44013898174248134,0.058084148322829994,0.10657385286246455,0.04848970453963456,Low/Moderate,916,-0.1826182186130073,0.15212333455725993,False,-0.4325534413314491,0.06731700410543445,0.08741555171390575,0.14576961047058398,0.058354058756678234,Low/Moderate
917,917,Q6D,EDUCATION_majority[T.True],-0.4786620208132391,0.10156850632339606,False,-1.0516555204135791,0.09433147878710085,0.058084148322829994,0.10657385286246455,0.04848970453963456,Low/Moderate,917,-0.13482117011866002,0.3510090116818141,False,-0.4181527443042521,0.14851040406693206,0.08741555171390575,0.14576961047058398,0.058354058756678234,Low/Moderate
918,918,Q6D,PARTYBEFORE_majority[T.True],0.41887110246720766,0.10253278821369448,False,-0.08396095595781755,0.9217031608922328,0.058084148322829994,0.10657385286246455,0.04848970453963456,Low/Moderate,918,0.14968205260099615,0.23341379094255577,False,-0.09651525539594019,0.3958793605979325,0.08741555171390575,0.14576961047058398,0.058354058756678234,Low/Moderate
919,919,Q6D,GENDER_majority[T.True],0.09039270253017144,0.705709145767863,False,-0.378766948881467,0.5595523539418099,0.058084148322829994,0.10657385286246455,0.04848970453963456,Low/Moderate,919,-0.0931873205081561,0.42565919137553854,False,-0.3224545150296538,0.1360798740133416,0.08741555171390575,0.14576961047058398,0.058354058756678234,Low/Moderate
920,920,Q6D,RACE_diversity,0.14636686271161556,0.36872059205829644,False,-0.17278161302905545,0.46551533845228654,0.058084148322829994,0.10657385286246455,0.04848970453963456,Low/Moderate,920,-0.04040068265884514,0.6296169755062064,False,-0.20459197544245497,0.1237906101247647,0.08741555171390575,0.14576961047058398,0.058354058756678234,Low/Moderate
921,921,Q6D,AGEBRACKET_diversity,-0.036626946801033206,0.8073147669072297,False,-0.3309687507693416,0.25771485716727516,0.058084148322829994,0.10657385286246455,0.04848970453963456,Low/Moderate,921,0.04181347276539116,0.5877628609040595,False,-0.10936860973799481,0.19299555526877712,0.08741555171390575,0.14576961047058398,0.058354058756678234,Low/Moderate
922,922,Q6D,EDUCATION_diversity,-0.3007422118594428,0.06255624733207082,False,-0.6172506370567457,0.015766213337860158,0.058084148322829994,0.10657385286246455,0.04848970453963456,Low/Moderate,922,0.05298509910930853,0.5205497958289006,False,-0.10864787585563211,0.21461807407424915,0.08741555171390575,0.14576961047058398,0.058354058756678234,Low/Moderate
923,923,Q6D,PARTYBEFORE_diversity,-0.06421814455463087,0.6820817094698945,False,-0.37148826870913537,0.24305197959987362,0.058084148322829994,0.10657385286246455,0.04848970453963456,Low/Moderate,923,-0.03399271687035532,0.6727169210596498,False,-0.19171290863712662,0.12372747489641597,0.08741555171390575,0.14576961047058398,0.058354058756678234,Low/Moderate
924,924,Q6D,GENDER_diversity,-0.05299479023619124,0.730190909001083,False,-0.3541732084356508,0.24818362796326832,0.058084148322829994,0.10657385286246455,0.04848970453963456,Low/Moderate,924,-0.014655171297745552,0.8526474523226523,False,-0.1692980595331283,0.1399877169376372,0.08741555171390575,0.14576961047058398,0.058354058756678234,Low/Moderate
925,925,Q6E,Intercept,-1.1712703571746395,0.18484795936493992,False,-2.902560628002432,0.5600199136531532,0.030442847763676385,0.09900500864948765,0.06856216088581125,Low/Moderate,925,-0.11110766564079808,0.7757571415743574,False,-0.8755981167573517,0.6533827854757555,0.06876808405507125,0.13774247216097438,0.06897438810590312,Low/Moderate
926,926,Q6E,C(RACE)[T.Asian_non_Hispanic],1.3799233016767032,0.14170665618422515,False,-0.46061023866881845,3.220456842022225,0.030442847763676385,0.09900500864948765,0.06856216088581125,Low/Moderate,926,0.13780950702241881,0.7453251916984895,False,-0.6937597725689522,0.9693787866137897,0.06876808405507125,0.13774247216097438,0.06897438810590312,Low/Moderate
927,927,Q6E,C(RACE)[T.Black_non_Hispanic],2.0212655160662205,0.011444926070292342,True,0.45467718841449134,3.5878538437179497,0.030442847763676385,0.09900500864948765,0.06856216088581125,Low/Moderate,927,0.23515423402794114,0.510274353737417,False,-0.46485554680852426,0.9351640148644065,0.06876808405507125,0.13774247216097438,0.06897438810590312,Low/Moderate
928,928,Q6E,C(RACE)[T.Hispanic],1.8328678127713465,0.02723048516451659,True,0.20604124757786968,3.4596943779648233,0.030442847763676385,0.09900500864948765,0.06856216088581125,Low/Moderate,928,0.046402874109229816,0.8993757259534219,False,-0.6728376357230434,0.7656433839415031,0.06876808405507125,0.13774247216097438,0.06897438810590312,Low/Moderate
929,929,Q6E,C(RACE)[T.Other_non_Hispanic],0.8785896988954318,0.6299404566066595,False,-2.695437015301132,4.452616413091995,0.030442847763676385,0.09900500864948765,0.06856216088581125,Low/Moderate,929,0.30353064652809686,0.7062520086006758,False,-1.2749193831982035,1.8819806762543974,0.06876808405507125,0.13774247216097438,0.06897438810590312,Low/Moderate
930,930,Q6E,C(RACE)[T.White_non_Hispanic],2.9101618230854354,0.13453740949780146,False,-0.9014100466061405,6.721733692777011,0.030442847763676385,0.09900500864948765,0.06856216088581125,Low/Moderate,930,-0.2899530163391189,0.7368197354883257,False,-1.980973281152995,1.4010672484747573,0.06876808405507125,0.13774247216097438,0.06897438810590312,Low/Moderate
931,931,Q6E,C(AGEBRACKET)[T.30_44],-0.6452226214077442,0.18369943478481632,False,-1.5964526517998974,0.30600740898440904,0.030442847763676385,0.09900500864948765,0.06856216088581125,Low/Moderate,931,-0.025183444986335787,0.9092625619436132,False,-0.45827271749284026,0.4079058275201687,0.06876808405507125,0.13774247216097438,0.06897438810590312,Low/Moderate
932,932,Q6E,C(AGEBRACKET)[T.45_59],-0.5428951443713174,0.24997818511462566,False,-1.467836677492809,0.38204638875017427,0.030442847763676385,0.09900500864948765,0.06856216088581125,Low/Moderate,932,0.03345496281414011,0.8729990103763646,False,-0.37674462841971873,0.443654554047999,0.06876808405507125,0.13774247216097438,0.06897438810590312,Low/Moderate
933,933,Q6E,C(AGEBRACKET)[T.60plus],-0.43698979821723377,0.34741058421196824,False,-1.348508112653606,0.47452851621913844,0.030442847763676385,0.09900500864948765,0.06856216088581125,Low/Moderate,933,0.18052561461520283,0.38175734877695655,False,-0.2240001751062426,0.5850514043366483,0.06876808405507125,0.13774247216097438,0.06897438810590312,Low/Moderate
934,934,Q6E,C(EDUCATION)[T.HS_graduate_or_equivalent],-0.1699593538772569,0.769495027352261,False,-1.3067302494649065,0.9668115417103925,0.030442847763676385,0.09900500864948765,0.06856216088581125,Low/Moderate,934,0.014171268569872475,0.9566451915065552,False,-0.4967402914926191,0.5250828286323641,0.06876808405507125,0.13774247216097438,0.06897438810590312,Low/Moderate
935,935,Q6E,C(EDUCATION)[T.No_HS_diploma],-0.4783177190587534,0.7218068825147259,False,-3.1113713025856553,2.1547358644681482,0.030442847763676385,0.09900500864948765,0.06856216088581125,Low/Moderate,935,-0.6784856263046487,0.2563738045543035,False,-1.8501183650286888,0.49314711241939124,0.06876808405507125,0.13774247216097438,0.06897438810590312,Low/Moderate
936,936,Q6E,C(EDUCATION)[T.Some_college],-0.3509952904554995,0.2889470067163288,False,-0.9997276497715644,0.2977370688605654,0.030442847763676385,0.09900500864948765,0.06856216088581125,Low/Moderate,936,0.1897553990338122,0.19634589223877086,False,-0.09809629976053755,0.4776070978281619,0.06876808405507125,0.13774247216097438,0.06897438810590312,Low/Moderate
937,937,Q6E,C(PARTYBEFORE)[T.Independent],-0.1690240405651072,0.6181531039721391,False,-0.8336203254408715,0.49557224431065705,0.030442847763676385,0.09900500864948765,0.06856216088581125,Low/Moderate,937,-0.08388689308582468,0.5758112491538979,False,-0.37774085464117074,0.20996706846952135,0.06876808405507125,0.13774247216097438,0.06897438810590312,Low/Moderate
938,938,Q6E,C(PARTYBEFORE)[T.Republican],-0.021286404067673632,0.9561591766598676,False,-0.7802012470098195,0.7376284388744722,0.030442847763676385,0.09900500864948765,0.06856216088581125,Low/Moderate,938,0.09009392890157725,0.5965401507086622,False,-0.24346614005441186,0.42365399785756636,0.06876808405507125,0.13774247216097438,0.06897438810590312,Low/Moderate
939,939,Q6E,C(GENDER)[T.Male],-0.01952662381992776,0.9457987776886063,False,-0.5824791870313141,0.5434259393914586,0.030442847763676385,0.09900500864948765,0.06856216088581125,Low/Moderate,939,-0.06297639323257499,0.6217102539579695,False,-0.31312733921175473,0.18717455274660477,0.06876808405507125,0.13774247216097438,0.06897438810590312,Low/Moderate
940,940,Q6E,RACE_majority[T.True],-1.2549491413835945,0.493285742359871,False,-4.845203302533851,2.335305019766662,0.030442847763676385,0.09900500864948765,0.06856216088581125,Low/Moderate,940,0.30665221778044965,0.7050472307506646,False,-1.281199109356732,1.8945035449176313,0.06876808405507125,0.13774247216097438,0.06897438810590312,Low/Moderate
941,941,Q6E,AGEBRACKET_majority[T.True],0.2071691300076523,0.4974112428463363,False,-0.3912140436658946,0.8055523036811991,0.030442847763676385,0.09900500864948765,0.06856216088581125,Low/Moderate,941,-0.3300815822786032,0.017540398915926365,True,-0.6024601138512671,-0.05770305070593934,0.06876808405507125,0.13774247216097438,0.06897438810590312,Low/Moderate
942,942,Q6E,EDUCATION_majority[T.True],0.05143550518010886,0.8850548051786232,False,-0.6459127799996406,0.7487837903598583,0.030442847763676385,0.09900500864948765,0.06856216088581125,Low/Moderate,942,-0.2049921063273027,0.1824351249749313,False,-0.5063337055770811,0.0963494929224758,0.06876808405507125,0.13774247216097438,0.06897438810590312,Low/Moderate
943,943,Q6E,PARTYBEFORE_majority[T.True],-0.03232565746567101,0.9182720853437909,False,-0.6497781206847781,0.585126805753436,0.030442847763676385,0.09900500864948765,0.06856216088581125,Low/Moderate,943,0.1866479465923172,0.17551667948248972,False,-0.08339430386428698,0.4566901970489214,0.06876808405507125,0.13774247216097438,0.06897438810590312,Low/Moderate
944,944,Q6E,GENDER_majority[T.True],-0.11391482181321404,0.6963339181172696,False,-0.6859973221164494,0.4581676784900213,0.030442847763676385,0.09900500864948765,0.06856216088581125,Low/Moderate,944,-0.11129274999473103,0.39442869764334443,False,-0.3674298431156509,0.14484434312618882,0.06876808405507125,0.13774247216097438,0.06897438810590312,Low/Moderate
945,945,Q6E,RACE_diversity,-0.24175204121854843,0.25049198735151235,False,-0.6540769309298187,0.17057284849272175,0.030442847763676385,0.09900500864948765,0.06856216088581125,Low/Moderate,945,0.04283305974892087,0.6478037637497227,False,-0.1409419653640873,0.22660808486192904,0.06876808405507125,0.13774247216097438,0.06897438810590312,Low/Moderate
946,946,Q6E,AGEBRACKET_diversity,0.12568654698740736,0.515119975987437,False,-0.2527837915866402,0.5041568855614549,0.030442847763676385,0.09900500864948765,0.06856216088581125,Low/Moderate,946,0.01055213502814067,0.9025383931191284,False,-0.1583404614197591,0.17944473147604045,0.06876808405507125,0.13774247216097438,0.06897438810590312,Low/Moderate
947,947,Q6E,EDUCATION_diversity,0.05623334212218055,0.7867865497692306,False,-0.3512384383732906,0.46370512261765173,0.030442847763676385,0.09900500864948765,0.06856216088581125,Low/Moderate,947,-0.05249715380095559,0.5698561105348368,False,-0.2335620020624197,0.1285676944605085,0.06876808405507125,0.13774247216097438,0.06897438810590312,Low/Moderate
948,948,Q6E,PARTYBEFORE_diversity,-0.10722821082256444,0.5897263996605404,False,-0.4969736542894131,0.2825172326442842,0.030442847763676385,0.09900500864948765,0.06856216088581125,Low/Moderate,948,0.023174216461387367,0.794134145040865,False,-0.1508871924173978,0.19723562534017253,0.06876808405507125,0.13774247216097438,0.06897438810590312,Low/Moderate
949,949,Q6E,GENDER_diversity,0.07538880556021328,0.7035855385441875,False,-0.31295607272681086,0.4637336838472374,0.030442847763676385,0.09900500864948765,0.06856216088581125,Low/Moderate,949,-0.21378745788059939,0.015607372061076062,True,-0.38707982805955515,-0.04049508770164362,0.06876808405507125,0.13774247216097438,0.06897438810590312,Low/Moderate
950,950,Q6F,Intercept,-3.1221250674115684,0.003973649710492183,True,-5.246684100051036,-0.9975660347721003,0.07969260312311442,0.17833882845068566,0.09864622532757124,Low/Moderate,950,-1.720005061248912,0.0011929398934516801,True,-2.7603021251993587,-0.6797079972984654,0.1639098076044242,0.17002497803407174,0.006115170429647534,High (Strong Signal)
951,951,Q6F,C(RACE)[T.Asian_non_Hispanic],2.3570286034962624,0.037996960734878016,True,0.1305507189922177,4.583506488000307,0.07969260312311442,0.17833882845068566,0.09864622532757124,Low/Moderate,951,1.2971843866565236,0.02184212623388139,True,0.18845283285843428,2.405915940454613,0.1639098076044242,0.17002497803407174,0.006115170429647534,High (Strong Signal)
952,952,Q6F,C(RACE)[T.Black_non_Hispanic],1.8051305262881396,0.0659027269514554,False,-0.11864753119525018,3.7289085837715295,0.07969260312311442,0.17833882845068566,0.09864622532757124,Low/Moderate,952,1.1993510638563618,0.013933405846024555,True,0.2433900453029042,2.1553120824098193,0.1639098076044242,0.17002497803407174,0.006115170429647534,High (Strong Signal)
953,953,Q6F,C(RACE)[T.Hispanic],1.03777048326742,0.31864003908820215,False,-1.0018179688384814,3.0773589353733213,0.07969260312311442,0.17833882845068566,0.09864622532757124,Low/Moderate,953,1.2923023303717003,0.010490439832084886,True,0.30260374365355625,2.282000917089844,0.1639098076044242,0.17002497803407174,0.006115170429647534,High (Strong Signal)
954,954,Q6F,C(RACE)[T.Other_non_Hispanic],4.050236000687924,0.02553667144857422,True,0.49553157114941815,7.6049404302264305,0.07969260312311442,0.17833882845068566,0.09864622532757124,Low/Moderate,954,2.6368018930562203,0.004022401087104149,True,0.8400985742853646,4.433505211827076,0.1639098076044242,0.17002497803407174,0.006115170429647534,High (Strong Signal)
955,955,Q6F,C(RACE)[T.White_non_Hispanic],3.2103076206283507,0.24138602213536342,False,-2.1605238561770603,8.581139097433763,0.07969260312311442,0.17833882845068566,0.09864622532757124,Low/Moderate,955,2.1410618038309868,0.08675160026149556,False,-0.308981466111812,4.591105073773786,0.1639098076044242,0.17002497803407174,0.006115170429647534,High (Strong Signal)
956,956,Q6F,C(AGEBRACKET)[T.30_44],0.08880547132029196,0.87847294920865,False,-1.0495168447147982,1.227127787355382,0.07969260312311442,0.17833882845068566,0.09864622532757124,Low/Moderate,956,-0.17037230233822986,0.5647285385700971,False,-0.7502695678929423,0.4095249632164826,0.1639098076044242,0.17002497803407174,0.006115170429647534,High (Strong Signal)
957,957,Q6F,C(AGEBRACKET)[T.45_59],0.08179502069635973,0.8826613094060923,False,-1.0043785758424038,1.1679686172351234,0.07969260312311442,0.17833882845068566,0.09864622532757124,Low/Moderate,957,-0.30064213388654415,0.28550364080757573,False,-0.8523529201009168,0.2510686523278285,0.1639098076044242,0.17002497803407174,0.006115170429647534,High (Strong Signal)
958,958,Q6F,C(AGEBRACKET)[T.60plus],-0.14033128945608256,0.798767308356609,False,-1.21917844590546,0.9385158669932948,0.07969260312311442,0.17833882845068566,0.09864622532757124,Low/Moderate,958,0.024001284198980243,0.9337463974772219,False,-0.5418641056937565,0.5898666740917171,0.1639098076044242,0.17002497803407174,0.006115170429647534,High (Strong Signal)
959,959,Q6F,C(EDUCATION)[T.HS_graduate_or_equivalent],0.6484881685922991,0.3269314473134839,False,-0.6480497224685823,1.9450260596531805,0.07969260312311442,0.17833882845068566,0.09864622532757124,Low/Moderate,959,-0.186113720620965,0.5778391738988902,False,-0.8415449769622849,0.46931753572035495,0.1639098076044242,0.17002497803407174,0.006115170429647534,High (Strong Signal)
960,960,Q6F,C(EDUCATION)[T.No_HS_diploma],0.36861820020506597,0.8044681077314283,False,-2.5496760341606026,3.2869124345707346,0.07969260312311442,0.17833882845068566,0.09864622532757124,Low/Moderate,960,-0.44216186200338986,0.5544677766808908,False,-1.9083312787978377,1.024007554791058,0.1639098076044242,0.17002497803407174,0.006115170429647534,High (Strong Signal)
961,961,Q6F,C(EDUCATION)[T.Some_college],0.4060705133197711,0.3000848838133421,False,-0.36197052311598304,1.1741115497555252,0.07969260312311442,0.17833882845068566,0.09864622532757124,Low/Moderate,961,0.24402889060344568,0.224743818039558,False,-0.14994459108165364,0.6380023722885451,0.1639098076044242,0.17002497803407174,0.006115170429647534,High (Strong Signal)
962,962,Q6F,C(PARTYBEFORE)[T.Independent],0.5159519890277166,0.18021871720074967,False,-0.23866406096548853,1.2705680390209215,0.07969260312311442,0.17833882845068566,0.09864622532757124,Low/Moderate,962,0.27503518366521,0.15877643957237386,False,-0.10749360885051595,0.657563976180936,0.1639098076044242,0.17002497803407174,0.006115170429647534,High (Strong Signal)
963,963,Q6F,C(PARTYBEFORE)[T.Republican],0.8784859440117367,0.04544083256563112,True,0.01782251578499472,1.7391493722384788,0.07969260312311442,0.17833882845068566,0.09864622532757124,Low/Moderate,963,1.3722759692712236,6.675219416635955e-10,True,0.9366126008158286,1.8079393377266186,0.1639098076044242,0.17002497803407174,0.006115170429647534,High (Strong Signal)
964,964,Q6F,C(GENDER)[T.Male],0.20016747778116326,0.5460590281963916,False,-0.4497192215314664,0.8500541770937929,0.07969260312311442,0.17833882845068566,0.09864622532757124,Low/Moderate,964,0.35670787714368213,0.03180714085174974,True,0.031048224464374663,0.6823675298229896,0.1639098076044242,0.17002497803407174,0.006115170429647534,High (Strong Signal)
965,965,Q6F,RACE_majority[T.True],-1.1121437070217044,0.6645271816132061,False,-6.138443178943671,3.9141557649002627,0.07969260312311442,0.17833882845068566,0.09864622532757124,Low/Moderate,965,-0.9575618615451272,0.4214798889570115,False,-3.292290633354413,1.3771669102641582,0.1639098076044242,0.17002497803407174,0.006115170429647534,High (Strong Signal)
966,966,Q6F,AGEBRACKET_majority[T.True],0.6004292254721502,0.0860919795199831,False,-0.08521011495348474,1.286068565897785,0.07969260312311442,0.17833882845068566,0.09864622532757124,Low/Moderate,966,0.10399305970902725,0.5501014209956256,False,-0.23707097981151734,0.4450570992295718,0.1639098076044242,0.17002497803407174,0.006115170429647534,High (Strong Signal)
967,967,Q6F,EDUCATION_majority[T.True],0.6487943407008263,0.11322669377197354,False,-0.15406542190112105,1.4516541033027737,0.07969260312311442,0.17833882845068566,0.09864622532757124,Low/Moderate,967,0.03159060995923612,0.8784830441003364,False,-0.3733766348759115,0.43655785479438375,0.1639098076044242,0.17002497803407174,0.006115170429647534,High (Strong Signal)
968,968,Q6F,PARTYBEFORE_majority[T.True],-0.40310197312902907,0.2647440461999164,False,-1.1115230220713657,0.30531907581330764,0.07969260312311442,0.17833882845068566,0.09864622532757124,Low/Moderate,968,-0.05142987319225652,0.771213414497328,False,-0.3980764918371106,0.2952167454525976,0.1639098076044242,0.17002497803407174,0.006115170429647534,High (Strong Signal)
969,969,Q6F,GENDER_majority[T.True],0.05781222006309892,0.8635311411507028,False,-0.6014224658244841,0.717046905950682,0.07969260312311442,0.17833882845068566,0.09864622532757124,Low/Moderate,969,0.36588398011641804,0.02964462940697179,True,0.036144545456266275,0.6956234147765699,0.1639098076044242,0.17002497803407174,0.006115170429647534,High (Strong Signal)
970,970,Q6F,RACE_diversity,0.27424516435482965,0.29884201255361753,False,-0.24312934122555158,0.7916196699352109,0.07969260312311442,0.17833882845068566,0.09864622532757124,Low/Moderate,970,-0.018573854333204586,0.8473395737932332,False,-0.2076721983071905,0.17052448964078135,0.1639098076044242,0.17002497803407174,0.006115170429647534,High (Strong Signal)
971,971,Q6F,AGEBRACKET_diversity,-0.2794361171321223,0.256740484648628,False,-0.7623483574528522,0.2034761231886077,0.07969260312311442,0.17833882845068566,0.09864622532757124,Low/Moderate,971,-0.131479506682587,0.14128269953620595,False,-0.30665941506921335,0.0437004017040393,0.1639098076044242,0.17002497803407174,0.006115170429647534,High (Strong Signal)
972,972,Q6F,EDUCATION_diversity,-0.24628261762134468,0.3474136844910912,False,-0.7600075625353955,0.2674423272927062,0.07969260312311442,0.17833882845068566,0.09864622532757124,Low/Moderate,972,-0.1358554996015428,0.15786978536381824,False,-0.32439695681791253,0.05268595761482692,0.1639098076044242,0.17002497803407174,0.006115170429647534,High (Strong Signal)
973,973,Q6F,PARTYBEFORE_diversity,0.09116733372338978,0.7199703006827024,False,-0.4072578971639388,0.5895925646107184,0.07969260312311442,0.17833882845068566,0.09864622532757124,Low/Moderate,973,0.1078349988887795,0.2504396925964232,False,-0.07606477751657904,0.29173477529413805,0.1639098076044242,0.17002497803407174,0.006115170429647534,High (Strong Signal)
974,974,Q6F,GENDER_diversity,0.3058010351955357,0.2182670473923105,False,-0.18102784777533842,0.7926299181664098,0.07969260312311442,0.17833882845068566,0.09864622532757124,Low/Moderate,974,-0.19909561432407802,0.02527352009923263,True,-0.37351940193703725,-0.024671826711118755,0.1639098076044242,0.17002497803407174,0.006115170429647534,High (Strong Signal)
975,975,Q6G,Intercept,-1.3063890739217368,0.1197572031433961,False,-2.952157311665194,0.3393791638217205,0.05785711314647149,0.09585479202963511,0.03799767888316362,Low/Moderate,975,0.4333954542986653,0.2272309937423188,False,-0.2700610004109271,1.1368519090082576,0.0816349081156861,0.14368438775513567,0.062049479639449574,Low/Moderate
976,976,Q6G,C(RACE)[T.Asian_non_Hispanic],0.7176504993632505,0.4176962357658419,False,-1.0179450001875554,2.4532459989140567,0.05785711314647149,0.09585479202963511,0.03799767888316362,Low/Moderate,976,0.5157800564189673,0.17369462054497098,False,-0.22730268222940153,1.2588627950673361,0.0816349081156861,0.14368438775513567,0.062049479639449574,Low/Moderate
977,977,Q6G,C(RACE)[T.Black_non_Hispanic],0.28371378035800193,0.7087185947155815,False,-1.2047822567465574,1.7722098174625611,0.05785711314647149,0.09585479202963511,0.03799767888316362,Low/Moderate,977,-0.039897354486240155,0.9022880624044967,False,-0.6768317677531517,0.5970370587806713,0.0816349081156861,0.14368438775513567,0.062049479639449574,Low/Moderate
978,978,Q6G,C(RACE)[T.Hispanic],0.6774133092113492,0.39365202857191206,False,-0.8790758674365076,2.233902485859206,0.05785711314647149,0.09585479202963511,0.03799767888316362,Low/Moderate,978,0.29182110846569304,0.3876261528711289,False,-0.37022168486546175,0.9538639017968478,0.0816349081156861,0.14368438775513567,0.062049479639449574,Low/Moderate
979,979,Q6G,C(RACE)[T.Other_non_Hispanic],0.7517028476459672,0.6278799370439447,False,-2.287849382887888,3.791255078179822,0.05785711314647149,0.09585479202963511,0.03799767888316362,Low/Moderate,979,1.557045577680372,0.018915126667870322,True,0.2568777289914541,2.85721342636929,0.0816349081156861,0.14368438775513567,0.062049479639449574,Low/Moderate
980,980,Q6G,C(RACE)[T.White_non_Hispanic],-0.7493100239135793,0.6872807210447359,False,-4.397621321719392,2.8990012738922335,0.05785711314647149,0.09585479202963511,0.03799767888316362,Low/Moderate,980,0.4927572339554854,0.537765051487215,False,-1.0745787349408085,2.060093202851779,0.0816349081156861,0.14368438775513567,0.062049479639449574,Low/Moderate
981,981,Q6G,C(AGEBRACKET)[T.30_44],-0.24655079993357512,0.5676356898578039,False,-1.0920440784900767,0.5989424786229265,0.05785711314647149,0.09585479202963511,0.03799767888316362,Low/Moderate,981,-0.35666473354922235,0.051490494592094836,False,-0.7156362385294928,0.002306771431048016,0.0816349081156861,0.14368438775513567,0.062049479639449574,Low/Moderate
982,982,Q6G,C(AGEBRACKET)[T.45_59],0.21282782803279846,0.6153541673587806,False,-0.6173813448021058,1.0430370008677028,0.05785711314647149,0.09585479202963511,0.03799767888316362,Low/Moderate,982,-0.27947187680568714,0.12066942326991685,False,-0.6324135216720475,0.07346976806067318,0.0816349081156861,0.14368438775513567,0.062049479639449574,Low/Moderate
983,983,Q6G,C(AGEBRACKET)[T.60plus],0.17450781884564648,0.6825141874962793,False,-0.6616780352570358,1.010693672948329,0.05785711314647149,0.09585479202963511,0.03799767888316362,Low/Moderate,983,-0.5290505835296458,0.0031449496129813716,True,-0.8801676759661944,-0.1779334910930973,0.0816349081156861,0.14368438775513567,0.062049479639449574,Low/Moderate
984,984,Q6G,C(EDUCATION)[T.HS_graduate_or_equivalent],0.5550577862104742,0.29103238934387177,False,-0.47528121673376766,1.585396789154716,0.05785711314647149,0.09585479202963511,0.03799767888316362,Low/Moderate,984,0.26872437301621765,0.23053130441266567,False,-0.17055326448692842,0.7080020105193637,0.0816349081156861,0.14368438775513567,0.062049479639449574,Low/Moderate
985,985,Q6G,C(EDUCATION)[T.No_HS_diploma],-0.7656212031517617,0.5238067958934982,False,-3.1195308604160976,1.5882884541125744,0.05785711314647149,0.09585479202963511,0.03799767888316362,Low/Moderate,985,0.07747648253208654,0.8803159147077456,False,-0.9310403317473975,1.0859932968115706,0.0816349081156861,0.14368438775513567,0.062049479639449574,Low/Moderate
986,986,Q6G,C(EDUCATION)[T.Some_college],0.33290432048723995,0.2814714980102623,False,-0.2729160962399094,0.9387247372143893,0.05785711314647149,0.09585479202963511,0.03799767888316362,Low/Moderate,986,0.07800222228716419,0.555237100997277,False,-0.18114947557865957,0.33715392015298795,0.0816349081156861,0.14368438775513567,0.062049479639449574,Low/Moderate
987,987,Q6G,C(PARTYBEFORE)[T.Independent],0.45892361834268025,0.14270017098164664,False,-0.15471254361113396,1.0725597802964946,0.05785711314647149,0.09585479202963511,0.03799767888316362,Low/Moderate,987,-0.39548128572590535,0.003194111091607485,True,-0.6583784277377548,-0.1325841437140559,0.0816349081156861,0.14368438775513567,0.062049479639449574,Low/Moderate
988,988,Q6G,C(PARTYBEFORE)[T.Republican],0.9815308521486724,0.0061229659432904685,True,0.2797143290707691,1.6833473752265757,0.05785711314647149,0.09585479202963511,0.03799767888316362,Low/Moderate,988,-0.06557379895574102,0.6674425784056599,False,-0.36469896143556546,0.23355136352408346,0.0816349081156861,0.14368438775513567,0.062049479639449574,Low/Moderate
989,989,Q6G,C(GENDER)[T.Male],0.1344723508386486,0.6139325129752693,False,-0.38798089046396866,0.6569255921412659,0.05785711314647149,0.09585479202963511,0.03799767888316362,Low/Moderate,989,-0.07071936514076996,0.5332720325970386,False,-0.2931963802193963,0.15175764993785643,0.0816349081156861,0.14368438775513567,0.062049479639449574,Low/Moderate
990,990,Q6G,RACE_majority[T.True],1.3154336504031232,0.45304864375687803,False,-2.1206021232544128,4.75146942406066,0.05785711314647149,0.09585479202963511,0.03799767888316362,Low/Moderate,990,-0.17658750497685094,0.8148574113724355,False,-1.654631409301166,1.301456399347464,0.0816349081156861,0.14368438775513567,0.062049479639449574,Low/Moderate
991,991,Q6G,AGEBRACKET_majority[T.True],0.5136195748782378,0.08046541937659671,False,-0.0622846001478542,1.08952374990433,0.05785711314647149,0.09585479202963511,0.03799767888316362,Low/Moderate,991,0.18910543827105772,0.12519529748003577,False,-0.05261719535353562,0.4308280718956511,0.0816349081156861,0.14368438775513567,0.062049479639449574,Low/Moderate
992,992,Q6G,EDUCATION_majority[T.True],-0.0157424152979458,0.9622192070151279,False,-0.6671098772643087,0.635625046668417,0.05785711314647149,0.09585479202963511,0.03799767888316362,Low/Moderate,992,0.12041875129852579,0.3948230999388497,False,-0.156952872214435,0.3977903748114866,0.0816349081156861,0.14368438775513567,0.062049479639449574,Low/Moderate
993,993,Q6G,PARTYBEFORE_majority[T.True],-0.08249870775906736,0.773482562283802,False,-0.644284039075754,0.47928662355761936,0.05785711314647149,0.09585479202963511,0.03799767888316362,Low/Moderate,993,0.15486095144822232,0.21080691044150002,False,-0.08769465147054967,0.3974165543669943,0.0816349081156861,0.14368438775513567,0.062049479639449574,Low/Moderate
994,994,Q6G,GENDER_majority[T.True],0.14457765883044,0.5947294683509544,False,-0.3880721063890121,0.6772274240498921,0.05785711314647149,0.09585479202963511,0.03799767888316362,Low/Moderate,994,0.025545232254022724,0.825026770494971,False,-0.20091918962574068,0.2520096541337861,0.0816349081156861,0.14368438775513567,0.062049479639449574,Low/Moderate
995,995,Q6G,RACE_diversity,-0.0787650823825705,0.6613212857631874,False,-0.4311512191057409,0.27362105434059986,0.05785711314647149,0.09585479202963511,0.03799767888316362,Low/Moderate,995,-0.06280685062394605,0.4585330443474872,False,-0.22887328833591264,0.10325958708802056,0.0816349081156861,0.14368438775513567,0.062049479639449574,Low/Moderate
996,996,Q6G,AGEBRACKET_diversity,0.24361343264722748,0.13985596409656165,False,-0.0798063483641506,0.5670332136586056,0.05785711314647149,0.09585479202963511,0.03799767888316362,Low/Moderate,996,0.0243100369053833,0.7546774318777789,False,-0.1281705449644886,0.1767906187752552,0.0816349081156861,0.14368438775513567,0.062049479639449574,Low/Moderate
997,997,Q6G,EDUCATION_diversity,0.2088540384767434,0.24178481276116515,False,-0.1408540771623527,0.5585621541158394,0.05785711314647149,0.09585479202963511,0.03799767888316362,Low/Moderate,997,-0.15168856988535015,0.0712042148053505,False,-0.31647551618825487,0.013098376417554597,0.0816349081156861,0.14368438775513567,0.062049479639449574,Low/Moderate
998,998,Q6G,PARTYBEFORE_diversity,0.14418888737539884,0.39377710887273554,False,-0.18720081691028043,0.4755785916610781,0.05785711314647149,0.09585479202963511,0.03799767888316362,Low/Moderate,998,0.0032821920524391634,0.9672355929820657,False,-0.15333077565429562,0.15989515975917393,0.0816349081156861,0.14368438775513567,0.062049479639449574,Low/Moderate
999,999,Q6G,GENDER_diversity,-0.14162213033845952,0.4027900958644245,False,-0.47339135967924584,0.19014709900232682,0.05785711314647149,0.09585479202963511,0.03799767888316362,Low/Moderate,999,-0.016525208052897953,0.8363183289430349,False,-0.17329202092827573,0.14024160482247983,0.0816349081156861,0.14368438775513567,0.062049479639449574,Low/Moderate
1000,1000,Q6H,Intercept,-1.754986766551971,0.02248334600551259,True,-3.262242597581781,-0.24773093552216086,0.04496833898443776,0.08003437896053185,0.03506603997609411,Low/Moderate,1000,0.09700334573317357,0.7546040115447887,False,-0.5112455998280852,0.7052522912944323,0.04544305542423056,0.04544305564477888,2.2054831326233594e-10,Low/Moderate
1001,1001,Q6H,C(RACE)[T.Asian_non_Hispanic],1.8126248319632443,0.027518914432254668,True,0.20075780291545242,3.4244918610110364,0.04496833898443776,0.08003437896053185,0.03506603997609411,Low/Moderate,1001,0.04735026177235281,0.8878514553179674,False,-0.6107306432874449,0.7054311668321505,0.04544305542423056,0.04544305564477888,2.2054831326233594e-10,Low/Moderate
1002,1002,Q6H,C(RACE)[T.Black_non_Hispanic],0.692116797920239,0.3313050113778018,False,-0.7042186324801742,2.0884522283206524,0.04496833898443776,0.08003437896053185,0.03506603997609411,Low/Moderate,1002,0.5478280312795426,0.059045761962689,False,-0.02092574644979428,1.1165818090088795,0.04544305542423056,0.04544305564477888,2.2054831326233594e-10,Low/Moderate
1003,1003,Q6H,C(RACE)[T.Hispanic],1.1692579602569886,0.11298129136951045,False,-0.27667180169794636,2.6151877222119237,0.04496833898443776,0.08003437896053185,0.03506603997609411,Low/Moderate,1003,0.3367972776090102,0.26202847953297526,False,-0.2517413280294149,0.9253358832474352,0.04544305542423056,0.04544305564477888,2.2054831326233594e-10,Low/Moderate
1004,1004,Q6H,C(RACE)[T.Other_non_Hispanic],0.17987320437796944,0.8988527896828586,False,-2.5936543313861873,2.953400740142126,0.04496833898443776,0.08003437896053185,0.03506603997609411,Low/Moderate,1004,0.3037630466589399,0.596320702236915,False,-0.8202049613782096,1.4277310546960893,0.04544305542423056,0.04544305564477888,2.2054831326233594e-10,Low/Moderate
1005,1005,Q6H,C(RACE)[T.White_non_Hispanic],1.4907178014547238,0.3762212386705427,False,-1.8111451450761857,4.7925807479856335,0.04496833898443776,0.08003437896053185,0.03506603997609411,Low/Moderate,1005,-0.0117474308304474,0.9859874175465795,False,-1.322710752874643,1.299215891213748,0.04544305542423056,0.04544305564477888,2.2054831326233594e-10,Low/Moderate
1006,1006,Q6H,C(AGEBRACKET)[T.30_44],0.30620936876993315,0.4367058921657506,False,-0.4654339237680874,1.0778526613079538,0.04496833898443776,0.08003437896053185,0.03506603997609411,Low/Moderate,1006,0.05740397048508692,0.7179817418664647,False,-0.25412140991503634,0.3689293508852102,0.04544305542423056,0.04544305564477888,2.2054831326233594e-10,Low/Moderate
1007,1007,Q6H,C(AGEBRACKET)[T.45_59],-0.08938777494746886,0.8171101705481069,False,-0.846951711702144,0.6681761618072063,0.04496833898443776,0.08003437896053185,0.03506603997609411,Low/Moderate,1007,0.1811394835166262,0.25071338904978957,False,-0.1279508817206961,0.4902298487539485,0.04544305542423056,0.04544305564477888,2.2054831326233594e-10,Low/Moderate
1008,1008,Q6H,C(AGEBRACKET)[T.60plus],0.12203933301468597,0.7518232894510498,False,-0.6343343957370577,0.8784130617664296,0.04496833898443776,0.08003437896053185,0.03506603997609411,Low/Moderate,1008,0.16451810959960264,0.30500787298516685,False,-0.1498358022544705,0.4788720214536758,0.04544305542423056,0.04544305564477888,2.2054831326233594e-10,Low/Moderate
1009,1009,Q6H,C(EDUCATION)[T.HS_graduate_or_equivalent],-0.03225279563617947,0.9466385726660584,False,-0.976757105884475,0.9122515146121161,0.04496833898443776,0.08003437896053185,0.03506603997609411,Low/Moderate,1009,-0.09175067022275053,0.6451933540691415,False,-0.48229918661526405,0.298797846169763,0.04544305542423056,0.04544305564477888,2.2054831326233594e-10,Low/Moderate
1010,1010,Q6H,C(EDUCATION)[T.No_HS_diploma],0.7267850888626305,0.4989286865089253,False,-1.379873329144266,2.833443506869527,0.04496833898443776,0.08003437896053185,0.03506603997609411,Low/Moderate,1010,0.08996155991769245,0.8361674667912629,False,-0.7626639595829441,0.9425870794183291,0.04544305542423056,0.04544305564477888,2.2054831326233594e-10,Low/Moderate
1011,1011,Q6H,C(EDUCATION)[T.Some_college],0.06285384619746914,0.8222629175979571,False,-0.48555157322712694,0.6112592656220652,0.04496833898443776,0.08003437896053185,0.03506603997609411,Low/Moderate,1011,0.10111759030069141,0.37324478540055817,False,-0.12146124970288961,0.3236964303042724,0.04544305542423056,0.04544305564477888,2.2054831326233594e-10,Low/Moderate
1012,1012,Q6H,C(PARTYBEFORE)[T.Independent],0.1583725426066496,0.579092055569232,False,-0.4012057566965962,0.7179508419098953,0.04496833898443776,0.08003437896053185,0.03506603997609411,Low/Moderate,1012,-0.07810925773913208,0.49885025898982427,False,-0.30447530186573,0.1482567863874659,0.04544305542423056,0.04544305564477888,2.2054831326233594e-10,Low/Moderate
1013,1013,Q6H,C(PARTYBEFORE)[T.Republican],-0.1346697985140352,0.6761105655329921,False,-0.7664621133222387,0.4971225162941683,0.04496833898443776,0.08003437896053185,0.03506603997609411,Low/Moderate,1013,-0.04220349077644861,0.7498499564547801,False,-0.3016378292886742,0.21723084773577697,0.04544305542423056,0.04544305564477888,2.2054831326233594e-10,Low/Moderate
1014,1014,Q6H,C(GENDER)[T.Male],0.5234726195534669,0.02926049696149809,True,0.05282732000734963,0.9941179190995841,0.04496833898443776,0.08003437896053185,0.03506603997609411,Low/Moderate,1014,-0.053213852623892506,0.5965384575715652,False,-0.2502297305430042,0.14380202529521915,0.04544305542423056,0.04544305564477888,2.2054831326233594e-10,Low/Moderate
1015,1015,Q6H,RACE_majority[T.True],-0.11705784764605481,0.9410302505486892,False,-3.2184983216559906,2.9843826263638813,0.04496833898443776,0.08003437896053185,0.03506603997609411,Low/Moderate,1015,0.2659183286903674,0.6723992627490232,False,-0.9666254908150471,1.498462148195782,0.04544305542423056,0.04544305564477888,2.2054831326233594e-10,Low/Moderate
1016,1016,Q6H,AGEBRACKET_majority[T.True],0.27007278310451405,0.3005707813641961,False,-0.24125617746687616,0.7814017436759042,0.04496833898443776,0.08003437896053185,0.03506603997609411,Low/Moderate,1016,-0.08177181277083655,0.480625999653957,False,-0.3090094404895708,0.14546581494789768,0.04544305542423056,0.04544305564477888,2.2054831326233594e-10,Low/Moderate
1017,1017,Q6H,EDUCATION_majority[T.True],-0.1904953217067481,0.5255351400905958,False,-0.7786216286622171,0.39763098524872087,0.04496833898443776,0.08003437896053185,0.03506603997609411,Low/Moderate,1017,0.21207327866545939,0.0770574202939361,False,-0.023023491471956897,0.4471700488028757,0.04544305542423056,0.04544305564477888,2.2054831326233594e-10,Low/Moderate
1018,1018,Q6H,PARTYBEFORE_majority[T.True],-0.2523334507307927,0.3403984246514081,False,-0.7710828998360648,0.2664159983744794,0.04496833898443776,0.08003437896053185,0.03506603997609411,Low/Moderate,1018,-0.03999057962163028,0.7041440024342025,False,-0.24639929766031962,0.16641813841705907,0.04544305542423056,0.04544305564477888,2.2054831326233594e-10,Low/Moderate
1019,1019,Q6H,GENDER_majority[T.True],0.15260599146933418,0.5307115894093557,False,-0.3244918578524736,0.6297038407911419,0.04496833898443776,0.08003437896053185,0.03506603997609411,Low/Moderate,1019,0.04779739260637687,0.6310090367164596,False,-0.14724691732444273,0.24284170253719645,0.04544305542423056,0.04544305564477888,2.2054831326233594e-10,Low/Moderate
1020,1020,Q6H,RACE_diversity,-0.020358283426196683,0.8985292140263399,False,-0.3332633048051422,0.2925467379527489,0.04496833898443776,0.08003437896053185,0.03506603997609411,Low/Moderate,1020,-0.04436777024807147,0.4222553960949933,False,-0.15272622388385282,0.06399068338770987,0.04544305542423056,0.04544305564477888,2.2054831326233594e-10,Low/Moderate
1021,1021,Q6H,AGEBRACKET_diversity,0.04501247180675001,0.7607806139547666,False,-0.24475965729975346,0.33478460091325346,0.04496833898443776,0.08003437896053185,0.03506603997609411,Low/Moderate,1021,0.0702402121020289,0.1693416633236272,False,-0.029931553650071552,0.17041197785412934,0.04544305542423056,0.04544305564477888,2.2054831326233594e-10,Low/Moderate
1022,1022,Q6H,EDUCATION_diversity,-0.05329496163038561,0.7383234036300383,False,-0.36596842513721334,0.2593785018764421,0.04496833898443776,0.08003437896053185,0.03506603997609411,Low/Moderate,1022,-0.04194382215686739,0.4454800064069754,False,-0.14969137363927415,0.06580372932553938,0.04544305542423056,0.04544305564477888,2.2054831326233594e-10,Low/Moderate
1023,1023,Q6H,PARTYBEFORE_diversity,0.0945083252847836,0.5304882978270085,False,-0.20079614022029796,0.38981279078986514,0.04496833898443776,0.08003437896053185,0.03506603997609411,Low/Moderate,1023,-0.038004716918131835,0.46434678238848703,False,-0.1398047127989073,0.06379527896264364,0.04544305542423056,0.04544305564477888,2.2054831326233594e-10,Low/Moderate
1024,1024,Q6H,GENDER_diversity,-0.06052601297858499,0.6892224693125699,False,-0.35716443094904626,0.23611240499187627,0.04496833898443776,0.08003437896053185,0.03506603997609411,Low/Moderate,1024,-0.09138432251322162,0.0834160754740454,False,-0.19484433118299715,0.01207568615655391,0.04544305542423056,0.04544305564477888,2.2054831326233594e-10,Low/Moderate
1025,1025,Q6I,Intercept,-0.354518964021918,0.6736177744289401,False,-2.0042438597445584,1.2952059317007223,0.07284684970143615,0.12773179940971585,0.05488494970827971,Low/Moderate,1025,-1.2385743165389944,0.0014924792604066005,True,-2.0028855870217215,-0.47426304605626735,0.14844938418926526,0.14844938510485275,9.155875056415163e-10,High (Strong Signal)
1026,1026,Q6I,C(RACE)[T.Asian_non_Hispanic],0.01783327038435951,0.9841666720548998,False,-1.7434062956116916,1.7790728363804107,0.07284684970143615,0.12773179940971585,0.05488494970827971,Low/Moderate,1026,0.35960410556422245,0.3874284170730362,False,-0.4558754449980829,1.1750836561265279,0.14844938418926526,0.14844938510485275,9.155875056415163e-10,High (Strong Signal)
1027,1027,Q6I,C(RACE)[T.Black_non_Hispanic],0.08044115235632575,0.9161713579989448,False,-1.417423802553696,1.5783061072663476,0.07284684970143615,0.12773179940971585,0.05488494970827971,Low/Moderate,1027,0.8395270623776546,0.01803448348787814,True,0.14375291347418762,1.5353012112811215,0.14844938418926526,0.14844938510485275,9.155875056415163e-10,High (Strong Signal)
1028,1028,Q6I,C(RACE)[T.Hispanic],0.16904785495046482,0.8293461101288657,False,-1.368148373500319,1.7062440834012487,0.07284684970143615,0.12773179940971585,0.05488494970827971,Low/Moderate,1028,1.025106413785949,0.005329903823247122,True,0.3040396870706533,1.7461731405012446,0.14844938418926526,0.14844938510485275,9.155875056415163e-10,High (Strong Signal)
1029,1029,Q6I,C(RACE)[T.Other_non_Hispanic],0.24920632645181487,0.8711070307778755,False,-2.761135404388429,3.2595480572920588,0.07284684970143615,0.12773179940971585,0.05488494970827971,Low/Moderate,1029,0.7658557094275462,0.28825650332665254,False,-0.6476230333117805,2.1793344521668727,0.14844938418926526,0.14844938510485275,9.155875056415163e-10,High (Strong Signal)
1030,1030,Q6I,C(RACE)[T.White_non_Hispanic],0.5253886718482111,0.7763678374322678,False,-3.0997578980528893,4.150535241749312,0.07284684970143615,0.12773179940971585,0.05488494970827971,Low/Moderate,1030,0.046612707552923176,0.95657135661462,False,-1.6310382537882548,1.7242636688941013,0.14844938418926526,0.14844938510485275,9.155875056415163e-10,High (Strong Signal)
1031,1031,Q6I,C(AGEBRACKET)[T.30_44],-0.8626740116764468,0.04862114709182975,True,-1.7201266831252315,-0.005221340227661964,0.07284684970143615,0.12773179940971585,0.05488494970827971,Low/Moderate,1031,-0.09553096231963643,0.6396840516422138,False,-0.4954903936517126,0.30442846901243975,0.14844938418926526,0.14844938510485275,9.155875056415163e-10,High (Strong Signal)
1032,1032,Q6I,C(AGEBRACKET)[T.45_59],0.12363680641210949,0.776210040248643,False,-0.7288308885172902,0.9761045013415092,0.07284684970143615,0.12773179940971585,0.05488494970827971,Low/Moderate,1032,0.1416887010560855,0.4905130047142868,False,-0.26107783163831544,0.5444552337504864,0.14844938418926526,0.14844938510485275,9.155875056415163e-10,High (Strong Signal)
1033,1033,Q6I,C(AGEBRACKET)[T.60plus],0.08155252311719986,0.8511807810040529,False,-0.7704183915761588,0.9335234378105585,0.07284684970143615,0.12773179940971585,0.05488494970827971,Low/Moderate,1033,0.21870635929330337,0.2747297079445544,False,-0.1737517521571121,0.6111644707437188,0.14844938418926526,0.14844938510485275,9.155875056415163e-10,High (Strong Signal)
1034,1034,Q6I,C(EDUCATION)[T.HS_graduate_or_equivalent],-0.06900719313730443,0.894236282859676,False,-1.0863515670617747,0.9483371807871659,0.07284684970143615,0.12773179940971585,0.05488494970827971,Low/Moderate,1034,-0.02673705006558816,0.913820174179362,False,-0.5109640036681554,0.45748990353697905,0.14844938418926526,0.14844938510485275,9.155875056415163e-10,High (Strong Signal)
1035,1035,Q6I,C(EDUCATION)[T.No_HS_diploma],-3.255896068407766,0.005739154397562808,True,-5.566066664054274,-0.9457254727612581,0.07284684970143615,0.12773179940971585,0.05488494970827971,Low/Moderate,1035,0.6386268201153555,0.25229373486561435,False,-0.45474329213097997,1.731996932361691,0.14844938418926526,0.14844938510485275,9.155875056415163e-10,High (Strong Signal)
1036,1036,Q6I,C(EDUCATION)[T.Some_college],-0.4211616784208065,0.18838522944868075,False,-1.048712147988793,0.20638879114718006,0.07284684970143615,0.12773179940971585,0.05488494970827971,Low/Moderate,1036,0.17267550867438677,0.2540309984040765,False,-0.12404018131850583,0.4693911986672794,0.14844938418926526,0.14844938510485275,9.155875056415163e-10,High (Strong Signal)
1037,1037,Q6I,C(PARTYBEFORE)[T.Independent],0.47589260774851916,0.1346625674904298,False,-0.14760585145023175,1.0993910669472702,0.07284684970143615,0.12773179940971585,0.05488494970827971,Low/Moderate,1037,0.5203883809279869,0.0005888011223147377,True,0.22361061082738715,0.8171661510285866,0.14844938418926526,0.14844938510485275,9.155875056415163e-10,High (Strong Signal)
1038,1038,Q6I,C(PARTYBEFORE)[T.Republican],0.925748280522654,0.008753166930804558,True,0.23362518397521304,1.617871377070095,0.07284684970143615,0.12773179940971585,0.05488494970827971,Low/Moderate,1038,1.2696479680820465,2.541270882332406e-14,True,0.9430680162527809,1.596227919911312,0.14844938418926526,0.14844938510485275,9.155875056415163e-10,High (Strong Signal)
1039,1039,Q6I,C(GENDER)[T.Male],-0.4636795270094417,0.08275716538162815,False,-0.987508664287195,0.06014961026831156,0.07284684970143615,0.12773179940971585,0.05488494970827971,Low/Moderate,1039,0.11351539332278016,0.36562533145655796,False,-0.13240761120768973,0.35943839785325005,0.14844938418926526,0.14844938510485275,9.155875056415163e-10,High (Strong Signal)
1040,1040,Q6I,RACE_majority[T.True],-0.3834262469752134,0.8255647668511055,False,-3.7932450297895803,3.026392535839154,0.07284684970143615,0.12773179940971585,0.05488494970827971,Low/Moderate,1040,0.29908904590075597,0.7124567028077463,False,-1.2914413033044898,1.8896193951060019,0.14844938418926526,0.14844938510485275,9.155875056415163e-10,High (Strong Signal)
1041,1041,Q6I,AGEBRACKET_majority[T.True],0.08185841278072456,0.7835921166010384,False,-0.5023208653848411,0.6660376909462903,0.07284684970143615,0.12773179940971585,0.05488494970827971,Low/Moderate,1041,0.022165287774222213,0.867768724328029,False,-0.23876506460056485,0.2830956401490093,0.14844938418926526,0.14844938510485275,9.155875056415163e-10,High (Strong Signal)
1042,1042,Q6I,EDUCATION_majority[T.True],-0.6454338341758824,0.05198604946759517,False,-1.2964193246010343,0.005551656249269454,0.07284684970143615,0.12773179940971585,0.05488494970827971,Low/Moderate,1042,0.20570449655486236,0.18730574021973923,False,-0.10005617762960653,0.5114651707393313,0.14844938418926526,0.14844938510485275,9.155875056415163e-10,High (Strong Signal)
1043,1043,Q6I,PARTYBEFORE_majority[T.True],0.2889354127906651,0.32905257383766273,False,-0.29127880943912526,0.8691496350204555,0.07284684970143615,0.12773179940971585,0.05488494970827971,Low/Moderate,1043,0.07246905856463899,0.610539497530094,False,-0.20641522516941324,0.3513533422986912,0.14844938418926526,0.14844938510485275,9.155875056415163e-10,High (Strong Signal)
1044,1044,Q6I,GENDER_majority[T.True],0.18802335384439728,0.48348373734670835,False,-0.337898594802868,0.7139453024916625,0.07284684970143615,0.12773179940971585,0.05488494970827971,Low/Moderate,1044,0.1955975067715355,0.12539259875448908,False,-0.05455419020871585,0.44574920375178684,0.14844938418926526,0.14844938510485275,9.155875056415163e-10,High (Strong Signal)
1045,1045,Q6I,RACE_diversity,0.1083972378983931,0.571586867319438,False,-0.267152840457626,0.48394731625441223,0.07284684970143615,0.12773179940971585,0.05488494970827971,Low/Moderate,1045,0.0044024123504270265,0.9507128704461275,False,-0.13519226705874815,0.14399709175960218,0.14844938418926526,0.14844938510485275,9.155875056415163e-10,High (Strong Signal)
1046,1046,Q6I,AGEBRACKET_diversity,-0.21904602784340305,0.21254505558789794,False,-0.5634412846317283,0.12534922894492218,0.07284684970143615,0.12773179940971585,0.05488494970827971,Low/Moderate,1046,0.08742012452689486,0.18063025175756897,False,-0.04055875106396921,0.21539900011775892,0.14844938418926526,0.14844938510485275,9.155875056415163e-10,High (Strong Signal)
1047,1047,Q6I,EDUCATION_diversity,-0.0333398358384672,0.8612199648772452,False,-0.40712058499208714,0.3404409133151528,0.07284684970143615,0.12773179940971585,0.05488494970827971,Low/Moderate,1047,-0.04565055928009601,0.5177483643651382,False,-0.1839787409391013,0.09267762237890928,0.14844938418926526,0.14844938510485275,9.155875056415163e-10,High (Strong Signal)
1048,1048,Q6I,PARTYBEFORE_diversity,-0.041984371537608714,0.8167245223546791,False,-0.39704089514459784,0.31307215206938044,0.07284684970143615,0.12773179940971585,0.05488494970827971,Low/Moderate,1048,0.0189727147374529,0.7769869046394118,False,-0.11231105966432875,0.15025648913923456,0.14844938418926526,0.14844938510485275,9.155875056415163e-10,High (Strong Signal)
1049,1049,Q6I,GENDER_diversity,0.1074353666256927,0.5534805796008164,False,-0.24792453504613188,0.46279526829751727,0.07284684970143615,0.12773179940971585,0.05488494970827971,Low/Moderate,1049,-0.07703860436540592,0.24626297540270836,False,-0.20726392463064225,0.053186715899830414,0.14844938418926526,0.14844938510485275,9.155875056415163e-10,High (Strong Signal)
1050,1050,Q6J,Intercept,0.006711448249237862,0.9938130379251296,False,-1.6896663978664004,1.703089294364876,0.036197716206403927,0.07979439764033815,0.04359668143393422,Low/Moderate,1050,0.4993257464383325,0.21851978607358036,False,-0.2960269005873245,1.2946783934639896,0.07742943953486653,0.07742944043322059,8.983540557119579e-10,Low/Moderate
1051,1051,Q6J,C(RACE)[T.Asian_non_Hispanic],1.2875133130519083,0.16229858412902154,False,-0.518348543243448,3.0933751693472646,0.036197716206403927,0.07979439764033815,0.04359668143393422,Low/Moderate,1051,0.5456204764768655,0.20721634819791035,False,-0.3022611777262185,1.3935021306799495,0.07742943953486653,0.07742944043322059,8.983540557119579e-10,Low/Moderate
1052,1052,Q6J,C(RACE)[T.Black_non_Hispanic],0.4978005600217429,0.5305749562116904,False,-1.057974770346085,2.0535758903895704,0.036197716206403927,0.07979439764033815,0.04359668143393422,Low/Moderate,1052,0.16773337749191977,0.6518713786910553,False,-0.5609404619196209,0.8964072169034604,0.07742943953486653,0.07742944043322059,8.983540557119579e-10,Low/Moderate
1053,1053,Q6J,C(RACE)[T.Hispanic],0.4894183415302241,0.5524436321803143,False,-1.1251894066473693,2.104026089707818,0.036197716206403927,0.07979439764033815,0.04359668143393422,Low/Moderate,1053,-0.06134015620115884,0.8738693382640409,False,-0.8186809836603279,0.6960006712580102,0.07742943953486653,0.07742944043322059,8.983540557119579e-10,Low/Moderate
1054,1054,Q6J,C(RACE)[T.Other_non_Hispanic],2.0795293499702048,0.25169652563225076,False,-1.4762777593477963,5.635336459288206,0.036197716206403927,0.07979439764033815,0.04359668143393422,Low/Moderate,1054,0.6814275816852009,0.42269992368554854,False,-0.984403721031549,2.347258884401951,0.07742943953486653,0.07742944043322059,8.983540557119579e-10,Low/Moderate
1055,1055,Q6J,C(RACE)[T.White_non_Hispanic],0.16756260493553807,0.9302365930621177,False,-3.5837484959229915,3.9188737057940672,0.036197716206403927,0.07979439764033815,0.04359668143393422,Low/Moderate,1055,0.06624031592271513,0.9406931048531811,False,-1.6787975605366503,1.8112781923820807,0.07742943953486653,0.07742944043322059,8.983540557119579e-10,Low/Moderate
1056,1056,Q6J,C(AGEBRACKET)[T.30_44],-0.3901582136696996,0.3840885399270627,False,-1.2687276199213597,0.4884111925819604,0.036197716206403927,0.07979439764033815,0.04359668143393422,Low/Moderate,1056,0.06359525003763142,0.7635868744967306,False,-0.35081696859140277,0.47800746866666555,0.07742943953486653,0.07742944043322059,8.983540557119579e-10,Low/Moderate
1057,1057,Q6J,C(AGEBRACKET)[T.45_59],-0.13851334921055655,0.7547652000272365,False,-1.007636088801993,0.73060939038088,0.036197716206403927,0.07979439764033815,0.04359668143393422,Low/Moderate,1057,0.2622291551818469,0.20605745844077372,False,-0.14422987836057305,0.6686881887242668,0.07742943953486653,0.07742944043322059,8.983540557119579e-10,Low/Moderate
1058,1058,Q6J,C(AGEBRACKET)[T.60plus],-0.021037269562673693,0.961469542824133,False,-0.8745391092502823,0.8324645701249349,0.036197716206403927,0.07979439764033815,0.04359668143393422,Low/Moderate,1058,0.16296810822340427,0.43386894731594217,False,-0.24517963138611856,0.5711158478329271,0.07742943953486653,0.07742944043322059,8.983540557119579e-10,Low/Moderate
1059,1059,Q6J,C(EDUCATION)[T.HS_graduate_or_equivalent],-0.4488003667725884,0.40827142012920226,False,-1.5125210865694807,0.6149203530243039,0.036197716206403927,0.07979439764033815,0.04359668143393422,Low/Moderate,1059,-0.14006321495630722,0.5845080374653242,False,-0.642098574036994,0.3619721441243795,0.07742943953486653,0.07742944043322059,8.983540557119579e-10,Low/Moderate
1060,1060,Q6J,C(EDUCATION)[T.No_HS_diploma],-1.4000934025819842,0.25646357357767513,False,-3.818280136397362,1.0180933312333935,0.036197716206403927,0.07979439764033815,0.04359668143393422,Low/Moderate,1060,-1.0384301928917308,0.07344101300137564,False,-2.175410387184519,0.09855000140105741,0.07742943953486653,0.07742944043322059,8.983540557119579e-10,Low/Moderate
1061,1061,Q6J,C(EDUCATION)[T.Some_college],-0.07768098372555829,0.8074626446568857,False,-0.7024306920656247,0.5470687246145081,0.036197716206403927,0.07979439764033815,0.04359668143393422,Low/Moderate,1061,0.005367989266621798,0.9712958980978612,False,-0.28702174265022734,0.29775772118347094,0.07742943953486653,0.07742944043322059,8.983540557119579e-10,Low/Moderate
1062,1062,Q6J,C(PARTYBEFORE)[T.Independent],-0.056652823901737155,0.8620610631741599,False,-0.6957134331650475,0.5824077853615731,0.036197716206403927,0.07979439764033815,0.04359668143393422,Low/Moderate,1062,-0.0027711220788346966,0.9857109107331384,False,-0.3060317606278626,0.30048951647019323,0.07742943953486653,0.07742944043322059,8.983540557119579e-10,Low/Moderate
1063,1063,Q6J,C(PARTYBEFORE)[T.Republican],0.5826427404649377,0.11135481821560796,False,-0.13460812353208496,1.2998936044619605,0.036197716206403927,0.07979439764033815,0.04359668143393422,Low/Moderate,1063,0.6129874354034712,0.00039790222718491037,True,0.2737404915655844,0.9522343792413581,0.07742943953486653,0.07742944043322059,8.983540557119579e-10,Low/Moderate
1064,1064,Q6J,C(GENDER)[T.Male],0.2405808861538359,0.3822701983237131,False,-0.29909923933592353,0.7802610116435953,0.036197716206403927,0.07979439764033815,0.04359668143393422,Low/Moderate,1064,-0.046220991012198655,0.7217606969874686,False,-0.3006152226738063,0.20817324064940898,0.07742943953486653,0.07742944043322059,8.983540557119579e-10,Low/Moderate
1065,1065,Q6J,RACE_majority[T.True],0.06505645727658828,0.9711539488258221,False,-3.461067309470713,3.5911802240238897,0.036197716206403927,0.07979439764033815,0.04359668143393422,Low/Moderate,1065,-0.26311919340034917,0.7551795144208029,False,-1.9169865213804789,1.3907481345797805,0.07742943953486653,0.07742944043322059,8.983540557119579e-10,Low/Moderate
1066,1066,Q6J,AGEBRACKET_majority[T.True],-0.18963718227092768,0.5232728832207756,False,-0.7719293659162125,0.3926550013743571,0.036197716206403927,0.07979439764033815,0.04359668143393422,Low/Moderate,1066,-0.10705655111722455,0.4387173088939583,False,-0.3780244462963013,0.16391134406185215,0.07742943953486653,0.07742944043322059,8.983540557119579e-10,Low/Moderate
1067,1067,Q6J,EDUCATION_majority[T.True],-0.3569634611430078,0.2968516330394271,False,-1.0276207422093493,0.31369381992333356,0.036197716206403927,0.07979439764033815,0.04359668143393422,Low/Moderate,1067,-0.1909785476755975,0.2287985694236292,False,-0.5020077821647093,0.1200506868135143,0.07742943953486653,0.07742944043322059,8.983540557119579e-10,Low/Moderate
1068,1068,Q6J,PARTYBEFORE_majority[T.True],-0.30719043382289274,0.3045847003757426,False,-0.8936429140543969,0.27926204640861146,0.036197716206403927,0.07979439764033815,0.04359668143393422,Low/Moderate,1068,-0.0756619163566092,0.5934021586545142,False,-0.3534127936922398,0.20208896097902146,0.07742943953486653,0.07742944043322059,8.983540557119579e-10,Low/Moderate
1069,1069,Q6J,GENDER_majority[T.True],0.14293128081610906,0.6085568773982142,False,-0.4040737739187692,0.6899363355509873,0.036197716206403927,0.07979439764033815,0.04359668143393422,Low/Moderate,1069,0.07687613618887348,0.5607003127953587,False,-0.18210296088108743,0.3358552332588344,0.07742943953486653,0.07742944043322059,8.983540557119579e-10,Low/Moderate
1070,1070,Q6J,RACE_diversity,0.1005244438928617,0.5932949372096167,False,-0.2683883704914822,0.46943725827720556,0.036197716206403927,0.07979439764033815,0.04359668143393422,Low/Moderate,1070,-0.00648183975729057,0.9296335202410725,False,-0.1503472794995476,0.13738359998496644,0.07742943953486653,0.07742944043322059,8.983540557119579e-10,Low/Moderate
1071,1071,Q6J,AGEBRACKET_diversity,0.04018512872826142,0.8163384224032122,False,-0.29892805700047864,0.37929831445700146,0.036197716206403927,0.07979439764033815,0.04359668143393422,Low/Moderate,1071,0.07993580918546567,0.23423595594890145,False,-0.05177411739701987,0.2116457357679512,0.07742943953486653,0.07742944043322059,8.983540557119579e-10,Low/Moderate
1072,1072,Q6J,EDUCATION_diversity,0.08098691694076568,0.6655290553606696,False,-0.28619861256586043,0.44817244644739174,0.036197716206403927,0.07979439764033815,0.04359668143393422,Low/Moderate,1072,0.061485378129651436,0.3976545405377876,False,-0.08099112701617603,0.2039618832754789,0.07742943953486653,0.07742944043322059,8.983540557119579e-10,Low/Moderate
1073,1073,Q6J,PARTYBEFORE_diversity,0.14085493497560142,0.43143699897855803,False,-0.2100517775455139,0.49176164749671675,0.036197716206403927,0.07979439764033815,0.04359668143393422,Low/Moderate,1073,0.10831817687229127,0.1226396963975913,False,-0.029200526387284945,0.2458368801318675,0.07742943953486653,0.07742944043322059,8.983540557119579e-10,Low/Moderate
1074,1074,Q6J,GENDER_diversity,-0.24008311246551647,0.17835906936082468,False,-0.5897232003694669,0.10955697543843398,0.036197716206403927,0.07979439764033815,0.04359668143393422,Low/Moderate,1074,-0.15326995882038724,0.026875257960709015,True,-0.2889949970826454,-0.017544920558129035,0.07742943953486653,0.07742944043322059,8.983540557119579e-10,Low/Moderate
